image_path,label,generator,split
BigGAN\375_biggan_00093.jpg,1,BigGAN,train
stable_diffusion_v_1_5\103_sdv5_00003.jpg,1,stable_diffusion_v_1_5,train
stable_diffusion_v_1_5\200_sdv5_00027.jpg,1,stable_diffusion_v_1_5,train
BigGAN\060_biggan_00096.jpg,1,BigGAN,train
Nature\n01860187_843.JPEG,0,Nature,train
ADM\481_adm_66.jpg,1,ADM,train
stable_diffusion_v_1_5\519_sdv5_00043.jpg,1,stable_diffusion_v_1_5,train
stable_diffusion_v_1_5\925_sdv5_00155.jpg,1,stable_diffusion_v_1_5,train
BigGAN\455_biggan_00074.jpg,1,BigGAN,train
Nature\n01537544_6369.JPEG,0,Nature,train
BigGAN\579_biggan_00198.jpg,1,BigGAN,train
BigGAN\657_biggan_00132.jpg,1,BigGAN,train
Nature\ILSVRC2012_val_00017207.JPEG,0,Nature,train
stable_diffusion_v_1_5\493_sdv5_00195.jpg,1,stable_diffusion_v_1_5,train
Nature\n01883070_2557.JPEG,0,Nature,train
BigGAN\117_biggan_00097.jpg,1,BigGAN,train
stable_diffusion_v_1_5\439_sdv5_00083.jpg,1,stable_diffusion_v_1_5,train
ADM\805_adm_69.jpg,1,ADM,train
ADM\525_adm_95.jpg,1,ADM,train
BigGAN\369_biggan_00097.jpg,1,BigGAN,train
ADM\171_adm_174.jpg,1,ADM,train
Nature\ILSVRC2012_val_00006808.JPEG,0,Nature,train
BigGAN\929_biggan_00137.jpg,1,BigGAN,train
ADM\839_adm_3.jpg,1,ADM,train
BigGAN\413_biggan_00040.jpg,1,BigGAN,train
Nature\n01819313_4127.JPEG,0,Nature,train
BigGAN\967_biggan_00196.jpg,1,BigGAN,train
Nature\n07747607_5707.JPEG,0,Nature,train
stable_diffusion_v_1_5\620_sdv5_00110.jpg,1,stable_diffusion_v_1_5,train
stable_diffusion_v_1_5\668_sdv5_00198.jpg,1,stable_diffusion_v_1_5,train
ADM\666_adm_188.jpg,1,ADM,train
Nature\ILSVRC2012_val_00008593.JPEG,0,Nature,train
ADM\603_adm_31.jpg,1,ADM,train
ADM\142_adm_101.jpg,1,ADM,train
Nature\n01877812_8107.JPEG,0,Nature,train
Nature\n01614925_16511.JPEG,0,Nature,train
ADM\963_adm_7.jpg,1,ADM,train
Nature\n01614925_18658.JPEG,0,Nature,train
BigGAN\510_biggan_00093.jpg,1,BigGAN,train
BigGAN\041_biggan_00191.jpg,1,BigGAN,train
Nature\n01833805_7699.JPEG,0,Nature,train
ADM\350_adm_91.jpg,1,ADM,train
ADM\671_adm_73.jpg,1,ADM,train
Nature\n02051845_9669.JPEG,0,Nature,train
Nature\n01698640_7709.JPEG,0,Nature,train
stable_diffusion_v_1_5\915_sdv5_00070.jpg,1,stable_diffusion_v_1_5,train
ADM\280_adm_48.jpg,1,ADM,train
Nature\n02027492_1702.JPEG,0,Nature,train
ADM\992_adm_24.jpg,1,ADM,train
BigGAN\754_biggan_00109.jpg,1,BigGAN,train
Nature\n01914609_4010.JPEG,0,Nature,train
ADM\614_adm_78.jpg,1,ADM,train
ADM\286_adm_91.jpg,1,ADM,train
stable_diffusion_v_1_5\714_sdv5_00085.jpg,1,stable_diffusion_v_1_5,train
ADM\501_adm_42.jpg,1,ADM,train
BigGAN\818_biggan_00060.jpg,1,BigGAN,train
stable_diffusion_v_1_5\983_sdv5_00070.jpg,1,stable_diffusion_v_1_5,train
ADM\235_adm_59.jpg,1,ADM,train
ADM\155_adm_153.jpg,1,ADM,train
ADM\409_adm_185.jpg,1,ADM,train
Nature\n01860187_6295.JPEG,0,Nature,train
ADM\751_adm_4.jpg,1,ADM,train
stable_diffusion_v_1_5\574_sdv5_00161.jpg,1,stable_diffusion_v_1_5,train
Nature\n01614925_3246.JPEG,0,Nature,train
Nature\ILSVRC2012_val_00021059.JPEG,0,Nature,train
stable_diffusion_v_1_5\687_sdv5_00110.jpg,1,stable_diffusion_v_1_5,train
BigGAN\172_biggan_00127.jpg,1,BigGAN,train
BigGAN\515_biggan_00105.jpg,1,BigGAN,train
ADM\875_adm_143.jpg,1,ADM,train
Nature\ILSVRC2012_val_00019782.JPEG,0,Nature,train
BigGAN\932_biggan_00130.jpg,1,BigGAN,train
ADM\563_adm_175.jpg,1,ADM,train
BigGAN\083_biggan_00075.jpg,1,BigGAN,train
stable_diffusion_v_1_5\623_sdv5_00016.jpg,1,stable_diffusion_v_1_5,train
stable_diffusion_v_1_5\031_sdv5_00014.jpg,1,stable_diffusion_v_1_5,train
ADM\924_adm_70.jpg,1,ADM,train
BigGAN\627_biggan_00119.jpg,1,BigGAN,train
Nature\n01950731_6605.JPEG,0,Nature,train
stable_diffusion_v_1_5\773_sdv5_00055.jpg,1,stable_diffusion_v_1_5,train
stable_diffusion_v_1_5\021_sdv5_00196.jpg,1,stable_diffusion_v_1_5,train
stable_diffusion_v_1_5\800_sdv5_00046.jpg,1,stable_diffusion_v_1_5,train
BigGAN\743_biggan_00115.jpg,1,BigGAN,train
ADM\175_adm_9.jpg,1,ADM,train
Nature\ILSVRC2012_val_00022444.JPEG,0,Nature,train
Nature\n01776313_29927.JPEG,0,Nature,train
Nature\n01950731_8324.JPEG,0,Nature,train
ADM\774_adm_61.jpg,1,ADM,train
ADM\183_adm_91.jpg,1,ADM,train
ADM\272_adm_153.jpg,1,ADM,train
Nature\n02007558_3769.JPEG,0,Nature,train
Nature\n01955084_13174.JPEG,0,Nature,train
Nature\ILSVRC2012_val_00045393.JPEG,0,Nature,train
Nature\n01986214_13155.JPEG,0,Nature,train
BigGAN\768_biggan_00068.jpg,1,BigGAN,train
stable_diffusion_v_1_5\095_sdv5_00009.jpg,1,stable_diffusion_v_1_5,train
ADM\493_adm_85.jpg,1,ADM,train
BigGAN\450_biggan_00074.jpg,1,BigGAN,train
ADM\881_adm_35.jpg,1,ADM,train
Nature\n01774384_1241.JPEG,0,Nature,train
BigGAN\057_biggan_00035.jpg,1,BigGAN,train
BigGAN\887_biggan_00084.jpg,1,BigGAN,train
stable_diffusion_v_1_5\755_sdv5_00034.jpg,1,stable_diffusion_v_1_5,train
Nature\ILSVRC2012_val_00033076.JPEG,0,Nature,train
ADM\190_adm_32.jpg,1,ADM,train
BigGAN\976_biggan_00031.jpg,1,BigGAN,train
Nature\n02002556_1255.JPEG,0,Nature,train
Nature\n01735189_18696.JPEG,0,Nature,train
stable_diffusion_v_1_5\608_sdv5_00009.jpg,1,stable_diffusion_v_1_5,train
BigGAN\671_biggan_00138.jpg,1,BigGAN,train
ADM\647_adm_42.jpg,1,ADM,train
ADM\394_adm_57.jpg,1,ADM,train
Nature\ILSVRC2012_val_00048864.JPEG,0,Nature,train
BigGAN\676_biggan_00008.jpg,1,BigGAN,train
Nature\n02834397_8710.JPEG,0,Nature,train
Nature\n01773797_3126.JPEG,0,Nature,train
stable_diffusion_v_1_5\916_sdv5_00026.jpg,1,stable_diffusion_v_1_5,train
BigGAN\434_biggan_00030.jpg,1,BigGAN,train
BigGAN\023_biggan_00139.jpg,1,BigGAN,train
Nature\n02077923_654.JPEG,0,Nature,train
Nature\n01622779_2039.JPEG,0,Nature,train
ADM\169_adm_69.jpg,1,ADM,train
BigGAN\442_biggan_00039.jpg,1,BigGAN,train
BigGAN\147_biggan_00039.jpg,1,BigGAN,train
ADM\116_adm_59.jpg,1,ADM,train
Nature\n01819313_3530.JPEG,0,Nature,train
stable_diffusion_v_1_5\225_sdv5_00051.jpg,1,stable_diffusion_v_1_5,train
Nature\n01833805_568.JPEG,0,Nature,train
stable_diffusion_v_1_5\667_sdv5_00044.jpg,1,stable_diffusion_v_1_5,train
BigGAN\813_biggan_00186.jpg,1,BigGAN,train
BigGAN\997_biggan_00082.jpg,1,BigGAN,train
ADM\640_adm_78.jpg,1,ADM,train
BigGAN\667_biggan_00117.jpg,1,BigGAN,train
Nature\n01773797_639.JPEG,0,Nature,train
stable_diffusion_v_1_5\909_sdv5_00175.jpg,1,stable_diffusion_v_1_5,train
Nature\n01818515_1312.JPEG,0,Nature,train
BigGAN\386_biggan_00157.jpg,1,BigGAN,train
stable_diffusion_v_1_5\463_sdv5_00184.jpg,1,stable_diffusion_v_1_5,train
stable_diffusion_v_1_5\085_sdv5_00034.jpg,1,stable_diffusion_v_1_5,train
ADM\705_adm_22.jpg,1,ADM,train
stable_diffusion_v_1_5\610_sdv5_00178.jpg,1,stable_diffusion_v_1_5,train
ADM\615_adm_9.jpg,1,ADM,train
Nature\n01592084_6368.JPEG,0,Nature,train
BigGAN\914_biggan_00010.jpg,1,BigGAN,train
BigGAN\183_biggan_00143.jpg,1,BigGAN,train
stable_diffusion_v_1_5\611_sdv5_00100.jpg,1,stable_diffusion_v_1_5,train
stable_diffusion_v_1_5\497_sdv5_00121.jpg,1,stable_diffusion_v_1_5,train
BigGAN\020_biggan_00143.jpg,1,BigGAN,train
BigGAN\143_biggan_00056.jpg,1,BigGAN,train
BigGAN\336_biggan_00157.jpg,1,BigGAN,train
ADM\42_adm_111.jpg,1,ADM,train
BigGAN\730_biggan_00060.jpg,1,BigGAN,train
stable_diffusion_v_1_5\594_sdv5_00143.jpg,1,stable_diffusion_v_1_5,train
Nature\n02011460_4907.JPEG,0,Nature,train
BigGAN\289_biggan_00190.jpg,1,BigGAN,train
Nature\n01855672_12835.JPEG,0,Nature,train
Nature\ILSVRC2012_val_00023099.JPEG,0,Nature,train
ADM\253_adm_85.jpg,1,ADM,train
BigGAN\222_biggan_00115.jpg,1,BigGAN,train
ADM\673_adm_32.jpg,1,ADM,train
stable_diffusion_v_1_5\491_sdv5_00172.jpg,1,stable_diffusion_v_1_5,train
ADM\471_adm_86.jpg,1,ADM,train
Nature\n01924916_8759.JPEG,0,Nature,train
stable_diffusion_v_1_5\980_sdv5_00083.jpg,1,stable_diffusion_v_1_5,train
ADM\286_adm_123.jpg,1,ADM,train
Nature\n01978455_10079.JPEG,0,Nature,train
stable_diffusion_v_1_5\124_sdv5_00195.jpg,1,stable_diffusion_v_1_5,train
stable_diffusion_v_1_5\992_sdv5_00095.jpg,1,stable_diffusion_v_1_5,train
stable_diffusion_v_1_5\547_sdv5_00046.jpg,1,stable_diffusion_v_1_5,train
BigGAN\847_biggan_00034.jpg,1,BigGAN,train
Nature\n01773797_2546.JPEG,0,Nature,train
BigGAN\006_biggan_00182.jpg,1,BigGAN,train
ADM\627_adm_138.jpg,1,ADM,train
BigGAN\385_biggan_00097.jpg,1,BigGAN,train
BigGAN\121_biggan_00012.jpg,1,BigGAN,train
Nature\ILSVRC2012_val_00034593.JPEG,0,Nature,train
stable_diffusion_v_1_5\905_sdv5_00027.jpg,1,stable_diffusion_v_1_5,train
BigGAN\226_biggan_00118.jpg,1,BigGAN,train
stable_diffusion_v_1_5\587_sdv5_00013.jpg,1,stable_diffusion_v_1_5,train
Nature\n01806143_9340.JPEG,0,Nature,train
ADM\263_adm_80.jpg,1,ADM,train
ADM\632_adm_174.jpg,1,ADM,train
ADM\282_adm_174.jpg,1,ADM,train
stable_diffusion_v_1_5\399_sdv5_00195.jpg,1,stable_diffusion_v_1_5,train
ADM\215_adm_159.jpg,1,ADM,train
stable_diffusion_v_1_5\429_sdv5_00117.jpg,1,stable_diffusion_v_1_5,train
stable_diffusion_v_1_5\041_sdv5_00136.jpg,1,stable_diffusion_v_1_5,train
BigGAN\049_biggan_00074.jpg,1,BigGAN,train
Nature\n01819313_5651.JPEG,0,Nature,train
Nature\n01944390_11870.JPEG,0,Nature,train
stable_diffusion_v_1_5\155_sdv5_00027.jpg,1,stable_diffusion_v_1_5,train
ADM\915_adm_6.jpg,1,ADM,train
BigGAN\393_biggan_00012.jpg,1,BigGAN,train
Nature\ILSVRC2012_val_00035528.JPEG,0,Nature,train
ADM\691_adm_143.jpg,1,ADM,train
Nature\ILSVRC2012_val_00045520.JPEG,0,Nature,train
BigGAN\278_biggan_00119.jpg,1,BigGAN,train
stable_diffusion_v_1_5\028_sdv5_00066.jpg,1,stable_diffusion_v_1_5,train
Nature\ILSVRC2012_val_00047115.JPEG,0,Nature,train
ADM\198_adm_59.jpg,1,ADM,train
Nature\n01770393_703.JPEG,0,Nature,train
Nature\n01985128_19222.JPEG,0,Nature,train
Nature\n01514859_12347.JPEG,0,Nature,train
ADM\940_adm_124.jpg,1,ADM,train
Nature\n01855672_14115.JPEG,0,Nature,train
stable_diffusion_v_1_5\335_sdv5_00102.jpg,1,stable_diffusion_v_1_5,train
Nature\n02027492_8376.JPEG,0,Nature,train
Nature\n01773549_3036.JPEG,0,Nature,train
BigGAN\989_biggan_00039.jpg,1,BigGAN,train
ADM\330_adm_177.jpg,1,ADM,train
stable_diffusion_v_1_5\393_sdv5_00085.jpg,1,stable_diffusion_v_1_5,train
BigGAN\147_biggan_00196.jpg,1,BigGAN,train
Nature\ILSVRC2012_val_00029329.JPEG,0,Nature,train
ADM\257_adm_14.jpg,1,ADM,train
stable_diffusion_v_1_5\387_sdv5_00066.jpg,1,stable_diffusion_v_1_5,train
stable_diffusion_v_1_5\972_sdv5_00046.jpg,1,stable_diffusion_v_1_5,train
Nature\n02002556_5601.JPEG,0,Nature,train
Nature\n02027492_178.JPEG,0,Nature,train
Nature\n01773797_5961.JPEG,0,Nature,train
BigGAN\792_biggan_00129.jpg,1,BigGAN,train
stable_diffusion_v_1_5\623_sdv5_00124.jpg,1,stable_diffusion_v_1_5,train
BigGAN\588_biggan_00187.jpg,1,BigGAN,train
Nature\ILSVRC2012_val_00030672.JPEG,0,Nature,train
Nature\n01739381_2744.JPEG,0,Nature,train
stable_diffusion_v_1_5\980_sdv5_00011.jpg,1,stable_diffusion_v_1_5,train
Nature\n02672831_26411.JPEG,0,Nature,train
BigGAN\426_biggan_00061.jpg,1,BigGAN,train
Nature\n01774750_11857.JPEG,0,Nature,train
ADM\844_adm_105.jpg,1,ADM,train
BigGAN\109_biggan_00166.jpg,1,BigGAN,train
ADM\504_adm_53.jpg,1,ADM,train
stable_diffusion_v_1_5\384_sdv5_00143.jpg,1,stable_diffusion_v_1_5,train
stable_diffusion_v_1_5\976_sdv5_00149.jpg,1,stable_diffusion_v_1_5,train
BigGAN\098_biggan_00155.jpg,1,BigGAN,train
Nature\n01773797_759.JPEG,0,Nature,train
Nature\n01950731_13490.JPEG,0,Nature,train
BigGAN\616_biggan_00127.jpg,1,BigGAN,train
ADM\706_adm_7.jpg,1,ADM,train
Nature\n01735189_1707.JPEG,0,Nature,train
BigGAN\293_biggan_00066.jpg,1,BigGAN,train
BigGAN\931_biggan_00131.jpg,1,BigGAN,train
ADM\74_adm_175.jpg,1,ADM,train
ADM\534_adm_109.jpg,1,ADM,train
Nature\n01910747_3544.JPEG,0,Nature,train
BigGAN\954_biggan_00064.jpg,1,BigGAN,train
Nature\ILSVRC2012_val_00004029.JPEG,0,Nature,train
BigGAN\315_biggan_00044.jpg,1,BigGAN,train
ADM\456_adm_13.jpg,1,ADM,train
Nature\n01820546_75.JPEG,0,Nature,train
Nature\n01776313_12049.JPEG,0,Nature,train
BigGAN\566_biggan_00115.jpg,1,BigGAN,train
Nature\n01774750_11962.JPEG,0,Nature,train
BigGAN\521_biggan_00076.jpg,1,BigGAN,train
Nature\n01622779_6490.JPEG,0,Nature,train
stable_diffusion_v_1_5\848_sdv5_00100.jpg,1,stable_diffusion_v_1_5,train
BigGAN\118_biggan_00143.jpg,1,BigGAN,train
BigGAN\662_biggan_00047.jpg,1,BigGAN,train
stable_diffusion_v_1_5\495_sdv5_00119.jpg,1,stable_diffusion_v_1_5,train
Nature\n01773797_2557.JPEG,0,Nature,train
ADM\217_adm_95.jpg,1,ADM,train
BigGAN\732_biggan_00034.jpg,1,BigGAN,train
Nature\n01601694_4035.JPEG,0,Nature,train
Nature\n01582220_10042.JPEG,0,Nature,train
BigGAN\938_biggan_00073.jpg,1,BigGAN,train
stable_diffusion_v_1_5\445_sdv5_00135.jpg,1,stable_diffusion_v_1_5,train
stable_diffusion_v_1_5\155_sdv5_00087.jpg,1,stable_diffusion_v_1_5,train
stable_diffusion_v_1_5\369_sdv5_00053.jpg,1,stable_diffusion_v_1_5,train
Nature\n01774384_2434.JPEG,0,Nature,train
Nature\n02027492_765.JPEG,0,Nature,train
Nature\n01798484_9592.JPEG,0,Nature,train
ADM\901_adm_20.jpg,1,ADM,train
stable_diffusion_v_1_5\747_sdv5_00028.jpg,1,stable_diffusion_v_1_5,train
Nature\n02011460_5426.JPEG,0,Nature,train
BigGAN\379_biggan_00020.jpg,1,BigGAN,train
Nature\n01860187_1114.JPEG,0,Nature,train
stable_diffusion_v_1_5\136_sdv5_00048.jpg,1,stable_diffusion_v_1_5,train
ADM\902_adm_133.jpg,1,ADM,train
BigGAN\982_biggan_00121.jpg,1,BigGAN,train
BigGAN\711_biggan_00165.jpg,1,BigGAN,train
BigGAN\424_biggan_00105.jpg,1,BigGAN,train
Nature\ILSVRC2012_val_00040404.JPEG,0,Nature,train
Nature\n02099601_13392.JPEG,0,Nature,train
Nature\n02012849_12760.JPEG,0,Nature,train
stable_diffusion_v_1_5\626_sdv5_00018.jpg,1,stable_diffusion_v_1_5,train
BigGAN\086_biggan_00086.jpg,1,BigGAN,train
Nature\n01855672_10766.JPEG,0,Nature,train
ADM\643_adm_122.jpg,1,ADM,train
stable_diffusion_v_1_5\718_sdv5_00008.jpg,1,stable_diffusion_v_1_5,train
ADM\778_adm_34.jpg,1,ADM,train
ADM\271_adm_153.jpg,1,ADM,train
stable_diffusion_v_1_5\811_sdv5_00186.jpg,1,stable_diffusion_v_1_5,train
Nature\n01514668_15144.JPEG,0,Nature,train
Nature\n01592084_2879.JPEG,0,Nature,train
Nature\n01824575_1653.JPEG,0,Nature,train
BigGAN\478_biggan_00074.jpg,1,BigGAN,train
Nature\n02037110_8397.JPEG,0,Nature,train
stable_diffusion_v_1_5\096_sdv5_00159.jpg,1,stable_diffusion_v_1_5,train
Nature\n01847000_3567.JPEG,0,Nature,train
Nature\n01560419_3575.JPEG,0,Nature,train
stable_diffusion_v_1_5\016_sdv5_00121.jpg,1,stable_diffusion_v_1_5,train
ADM\733_adm_184.jpg,1,ADM,train
Nature\n01677366_18804.JPEG,0,Nature,train
stable_diffusion_v_1_5\336_sdv5_00130.jpg,1,stable_diffusion_v_1_5,train
stable_diffusion_v_1_5\617_sdv5_00060.jpg,1,stable_diffusion_v_1_5,train
Nature\ILSVRC2012_val_00030695.JPEG,0,Nature,train
stable_diffusion_v_1_5\191_sdv5_00113.jpg,1,stable_diffusion_v_1_5,train
Nature\n01614925_1659.JPEG,0,Nature,train
stable_diffusion_v_1_5\754_sdv5_00022.jpg,1,stable_diffusion_v_1_5,train
stable_diffusion_v_1_5\677_sdv5_00078.jpg,1,stable_diffusion_v_1_5,train
BigGAN\094_biggan_00083.jpg,1,BigGAN,train
Nature\ILSVRC2012_val_00000337.JPEG,0,Nature,train
stable_diffusion_v_1_5\648_sdv5_00172.jpg,1,stable_diffusion_v_1_5,train
Nature\n01622779_3591.JPEG,0,Nature,train
BigGAN\212_biggan_00143.jpg,1,BigGAN,train
BigGAN\297_biggan_00127.jpg,1,BigGAN,train
BigGAN\017_biggan_00069.jpg,1,BigGAN,train
stable_diffusion_v_1_5\291_sdv5_00118.jpg,1,stable_diffusion_v_1_5,train
Nature\n01770081_9517.JPEG,0,Nature,train
BigGAN\919_biggan_00137.jpg,1,BigGAN,train
stable_diffusion_v_1_5\094_sdv5_00198.jpg,1,stable_diffusion_v_1_5,train
BigGAN\552_biggan_00130.jpg,1,BigGAN,train
ADM\481_adm_110.jpg,1,ADM,train
stable_diffusion_v_1_5\491_sdv5_00002.jpg,1,stable_diffusion_v_1_5,train
Nature\n01943899_23813.JPEG,0,Nature,train
BigGAN\113_biggan_00002.jpg,1,BigGAN,train
BigGAN\684_biggan_00105.jpg,1,BigGAN,train
Nature\ILSVRC2012_val_00028460.JPEG,0,Nature,train
Nature\n01955084_8784.JPEG,0,Nature,train
ADM\636_adm_50.jpg,1,ADM,train
BigGAN\902_biggan_00074.jpg,1,BigGAN,train
Nature\n02007558_981.JPEG,0,Nature,train
BigGAN\479_biggan_00150.jpg,1,BigGAN,train
Nature\n01582220_1140.JPEG,0,Nature,train
Nature\n01734418_3791.JPEG,0,Nature,train
Nature\n01531178_5882.JPEG,0,Nature,train
Nature\n01985128_18886.JPEG,0,Nature,train
stable_diffusion_v_1_5\999_sdv5_00173.jpg,1,stable_diffusion_v_1_5,train
BigGAN\282_biggan_00039.jpg,1,BigGAN,train
BigGAN\529_biggan_00144.jpg,1,BigGAN,train
ADM\565_adm_34.jpg,1,ADM,train
BigGAN\311_biggan_00074.jpg,1,BigGAN,train
ADM\726_adm_6.jpg,1,ADM,train
BigGAN\178_biggan_00127.jpg,1,BigGAN,train
Nature\n01776313_7305.JPEG,0,Nature,train
Nature\n01582220_5757.JPEG,0,Nature,train
ADM\224_adm_105.jpg,1,ADM,train
stable_diffusion_v_1_5\864_sdv5_00046.jpg,1,stable_diffusion_v_1_5,train
BigGAN\759_biggan_00002.jpg,1,BigGAN,train
Nature\n01860187_788.JPEG,0,Nature,train
BigGAN\669_biggan_00032.jpg,1,BigGAN,train
ADM\864_adm_178.jpg,1,ADM,train
Nature\ILSVRC2012_val_00004859.JPEG,0,Nature,train
stable_diffusion_v_1_5\362_sdv5_00183.jpg,1,stable_diffusion_v_1_5,train
stable_diffusion_v_1_5\973_sdv5_00185.jpg,1,stable_diffusion_v_1_5,train
BigGAN\250_biggan_00054.jpg,1,BigGAN,train
Nature\ILSVRC2012_val_00015264.JPEG,0,Nature,train
BigGAN\886_biggan_00059.jpg,1,BigGAN,train
BigGAN\597_biggan_00044.jpg,1,BigGAN,train
stable_diffusion_v_1_5\414_sdv5_00036.jpg,1,stable_diffusion_v_1_5,train
BigGAN\402_biggan_00143.jpg,1,BigGAN,train
ADM\44_adm_85.jpg,1,ADM,train
stable_diffusion_v_1_5\130_sdv5_00023.jpg,1,stable_diffusion_v_1_5,train
Nature\n03325584_26166.JPEG,0,Nature,train
BigGAN\861_biggan_00143.jpg,1,BigGAN,train
ADM\772_adm_93.jpg,1,ADM,train
stable_diffusion_v_1_5\285_sdv5_00118.jpg,1,stable_diffusion_v_1_5,train
ADM\767_adm_181.jpg,1,ADM,train
Nature\n02264363_3615.JPEG,0,Nature,train
ADM\728_adm_174.jpg,1,ADM,train
Nature\n02018207_3567.JPEG,0,Nature,train
Nature\n01855672_11276.JPEG,0,Nature,train
ADM\537_adm_154.jpg,1,ADM,train
BigGAN\351_biggan_00035.jpg,1,BigGAN,train
ADM\910_adm_70.jpg,1,ADM,train
stable_diffusion_v_1_5\371_sdv5_00003.jpg,1,stable_diffusion_v_1_5,train
Nature\n01833805_9953.JPEG,0,Nature,train
ADM\197_adm_140.jpg,1,ADM,train
ADM\460_adm_16.jpg,1,ADM,train
BigGAN\697_biggan_00066.jpg,1,BigGAN,train
BigGAN\001_biggan_00033.jpg,1,BigGAN,train
Nature\ILSVRC2012_val_00023295.JPEG,0,Nature,train
stable_diffusion_v_1_5\112_sdv5_00120.jpg,1,stable_diffusion_v_1_5,train
BigGAN\227_biggan_00127.jpg,1,BigGAN,train
ADM\172_adm_63.jpg,1,ADM,train
Nature\ILSVRC2012_val_00026634.JPEG,0,Nature,train
BigGAN\762_biggan_00047.jpg,1,BigGAN,train
BigGAN\731_biggan_00127.jpg,1,BigGAN,train
BigGAN\706_biggan_00190.jpg,1,BigGAN,train
BigGAN\450_biggan_00044.jpg,1,BigGAN,train
BigGAN\392_biggan_00093.jpg,1,BigGAN,train
Nature\ILSVRC2012_val_00008776.JPEG,0,Nature,train
ADM\936_adm_82.jpg,1,ADM,train
ADM\978_adm_173.jpg,1,ADM,train
Nature\n01773797_5173.JPEG,0,Nature,train
Nature\n02028035_2645.JPEG,0,Nature,train
BigGAN\751_biggan_00118.jpg,1,BigGAN,train
stable_diffusion_v_1_5\216_sdv5_00135.jpg,1,stable_diffusion_v_1_5,train
BigGAN\827_biggan_00024.jpg,1,BigGAN,train
Nature\n01774750_13668.JPEG,0,Nature,train
ADM\626_adm_85.jpg,1,ADM,train
ADM\874_adm_145.jpg,1,ADM,train
stable_diffusion_v_1_5\141_sdv5_00030.jpg,1,stable_diffusion_v_1_5,train
Nature\n01592084_4040.JPEG,0,Nature,train
Nature\n01775062_381.JPEG,0,Nature,train
ADM\136_adm_89.jpg,1,ADM,train
Nature\ILSVRC2012_val_00020430.JPEG,0,Nature,train
stable_diffusion_v_1_5\255_sdv5_00034.jpg,1,stable_diffusion_v_1_5,train
BigGAN\840_biggan_00161.jpg,1,BigGAN,train
ADM\50_adm_156.jpg,1,ADM,train
ADM\944_adm_156.jpg,1,ADM,train
ADM\964_adm_91.jpg,1,ADM,train
ADM\448_adm_84.jpg,1,ADM,train
ADM\486_adm_105.jpg,1,ADM,train
ADM\347_adm_125.jpg,1,ADM,train
Nature\n01514668_13414.JPEG,0,Nature,train
ADM\893_adm_93.jpg,1,ADM,train
BigGAN\316_biggan_00089.jpg,1,BigGAN,train
Nature\n01592084_3026.JPEG,0,Nature,train
Nature\ILSVRC2012_val_00017041.JPEG,0,Nature,train
BigGAN\208_biggan_00039.jpg,1,BigGAN,train
BigGAN\785_biggan_00198.jpg,1,BigGAN,train
stable_diffusion_v_1_5\250_sdv5_00145.jpg,1,stable_diffusion_v_1_5,train
ADM\825_adm_159.jpg,1,ADM,train
BigGAN\234_biggan_00176.jpg,1,BigGAN,train
ADM\812_adm_15.jpg,1,ADM,train
Nature\ILSVRC2012_val_00006711.JPEG,0,Nature,train
stable_diffusion_v_1_5\415_sdv5_00044.jpg,1,stable_diffusion_v_1_5,train
Nature\n01773157_7841.JPEG,0,Nature,train
stable_diffusion_v_1_5\599_sdv5_00096.jpg,1,stable_diffusion_v_1_5,train
ADM\299_adm_172.jpg,1,ADM,train
Nature\n01667778_5044.JPEG,0,Nature,train
BigGAN\096_biggan_00006.jpg,1,BigGAN,train
ADM\524_adm_143.jpg,1,ADM,train
Nature\n02037110_4496.JPEG,0,Nature,train
ADM\854_adm_117.jpg,1,ADM,train
ADM\44_adm_66.jpg,1,ADM,train
stable_diffusion_v_1_5\581_sdv5_00175.jpg,1,stable_diffusion_v_1_5,train
BigGAN\627_biggan_00072.jpg,1,BigGAN,train
stable_diffusion_v_1_5\662_sdv5_00183.jpg,1,stable_diffusion_v_1_5,train
BigGAN\622_biggan_00035.jpg,1,BigGAN,train
Nature\n01773549_4608.JPEG,0,Nature,train
Nature\n02992529_11090.JPEG,0,Nature,train
BigGAN\634_biggan_00052.jpg,1,BigGAN,train
BigGAN\003_biggan_00058.jpg,1,BigGAN,train
stable_diffusion_v_1_5\869_sdv5_00077.jpg,1,stable_diffusion_v_1_5,train
BigGAN\658_biggan_00020.jpg,1,BigGAN,train
Nature\n01795545_5867.JPEG,0,Nature,train
Nature\n02006656_46.JPEG,0,Nature,train
stable_diffusion_v_1_5\062_sdv5_00073.jpg,1,stable_diffusion_v_1_5,train
Nature\n01749939_3771.JPEG,0,Nature,train
Nature\n01944390_17891.JPEG,0,Nature,train
BigGAN\692_biggan_00137.jpg,1,BigGAN,train
stable_diffusion_v_1_5\548_sdv5_00152.jpg,1,stable_diffusion_v_1_5,train
Nature\n01944390_15494.JPEG,0,Nature,train
Nature\n01775062_5009.JPEG,0,Nature,train
BigGAN\534_biggan_00154.jpg,1,BigGAN,train
BigGAN\490_biggan_00178.jpg,1,BigGAN,train
ADM\347_adm_91.jpg,1,ADM,train
stable_diffusion_v_1_5\299_sdv5_00009.jpg,1,stable_diffusion_v_1_5,train
BigGAN\913_biggan_00094.jpg,1,BigGAN,train
Nature\n01608432_6546.JPEG,0,Nature,train
Nature\n01614925_7608.JPEG,0,Nature,train
BigGAN\294_biggan_00127.jpg,1,BigGAN,train
Nature\n01833805_10306.JPEG,0,Nature,train
BigGAN\633_biggan_00098.jpg,1,BigGAN,train
stable_diffusion_v_1_5\328_sdv5_00188.jpg,1,stable_diffusion_v_1_5,train
Nature\n01828970_5282.JPEG,0,Nature,train
Nature\n01828970_87.JPEG,0,Nature,train
BigGAN\135_biggan_00075.jpg,1,BigGAN,train
BigGAN\400_biggan_00037.jpg,1,BigGAN,train
ADM\303_adm_117.jpg,1,ADM,train
stable_diffusion_v_1_5\662_sdv5_00136.jpg,1,stable_diffusion_v_1_5,train
BigGAN\202_biggan_00049.jpg,1,BigGAN,train
ADM\47_adm_107.jpg,1,ADM,train
Nature\n01770081_970.JPEG,0,Nature,train
stable_diffusion_v_1_5\329_sdv5_00082.jpg,1,stable_diffusion_v_1_5,train
ADM\853_adm_28.jpg,1,ADM,train
stable_diffusion_v_1_5\493_sdv5_00006.jpg,1,stable_diffusion_v_1_5,train
stable_diffusion_v_1_5\068_sdv5_00122.jpg,1,stable_diffusion_v_1_5,train
Nature\ILSVRC2012_val_00041621.JPEG,0,Nature,train
Nature\ILSVRC2012_val_00018528.JPEG,0,Nature,train
BigGAN\290_biggan_00046.jpg,1,BigGAN,train
stable_diffusion_v_1_5\783_sdv5_00142.jpg,1,stable_diffusion_v_1_5,train
ADM\358_adm_126.jpg,1,ADM,train
stable_diffusion_v_1_5\253_sdv5_00191.jpg,1,stable_diffusion_v_1_5,train
BigGAN\649_biggan_00082.jpg,1,BigGAN,train
stable_diffusion_v_1_5\628_sdv5_00009.jpg,1,stable_diffusion_v_1_5,train
Nature\n01774384_17653.JPEG,0,Nature,train
ADM\826_adm_11.jpg,1,ADM,train
BigGAN\540_biggan_00024.jpg,1,BigGAN,train
ADM\111_adm_174.jpg,1,ADM,train
BigGAN\701_biggan_00032.jpg,1,BigGAN,train
Nature\n01592084_6850.JPEG,0,Nature,train
BigGAN\699_biggan_00139.jpg,1,BigGAN,train
BigGAN\058_biggan_00118.jpg,1,BigGAN,train
ADM\366_adm_31.jpg,1,ADM,train
BigGAN\887_biggan_00039.jpg,1,BigGAN,train
stable_diffusion_v_1_5\584_sdv5_00160.jpg,1,stable_diffusion_v_1_5,train
ADM\111_adm_126.jpg,1,ADM,train
BigGAN\139_biggan_00144.jpg,1,BigGAN,train
BigGAN\323_biggan_00064.jpg,1,BigGAN,train
Nature\n01829413_7606.JPEG,0,Nature,train
Nature\n01770081_4300.JPEG,0,Nature,train
Nature\n01833805_1429.JPEG,0,Nature,train
Nature\n01860187_466.JPEG,0,Nature,train
ADM\912_adm_130.jpg,1,ADM,train
Nature\n01592084_90.JPEG,0,Nature,train
stable_diffusion_v_1_5\681_sdv5_00006.jpg,1,stable_diffusion_v_1_5,train
BigGAN\570_biggan_00120.jpg,1,BigGAN,train
ADM\130_adm_91.jpg,1,ADM,train
BigGAN\007_biggan_00152.jpg,1,BigGAN,train
ADM\716_adm_120.jpg,1,ADM,train
stable_diffusion_v_1_5\020_sdv5_00039.jpg,1,stable_diffusion_v_1_5,train
Nature\n02058221_7759.JPEG,0,Nature,train
stable_diffusion_v_1_5\121_sdv5_00190.jpg,1,stable_diffusion_v_1_5,train
ADM\799_adm_171.jpg,1,ADM,train
Nature\n01855672_1883.JPEG,0,Nature,train
ADM\404_adm_57.jpg,1,ADM,train
Nature\n01514859_4211.JPEG,0,Nature,train
Nature\n02002556_1102.JPEG,0,Nature,train
ADM\113_adm_75.jpg,1,ADM,train
Nature\n01693334_15025.JPEG,0,Nature,train
Nature\n01986214_14578.JPEG,0,Nature,train
ADM\312_adm_161.jpg,1,ADM,train
Nature\n01608432_6266.JPEG,0,Nature,train
ADM\649_adm_153.jpg,1,ADM,train
ADM\201_adm_76.jpg,1,ADM,train
stable_diffusion_v_1_5\038_sdv5_00088.jpg,1,stable_diffusion_v_1_5,train
ADM\915_adm_174.jpg,1,ADM,train
BigGAN\819_biggan_00107.jpg,1,BigGAN,train
ADM\639_adm_112.jpg,1,ADM,train
Nature\n02018207_2887.JPEG,0,Nature,train
BigGAN\564_biggan_00198.jpg,1,BigGAN,train
stable_diffusion_v_1_5\455_sdv5_00137.jpg,1,stable_diffusion_v_1_5,train
Nature\n01829413_5735.JPEG,0,Nature,train
Nature\n01833805_874.JPEG,0,Nature,train
Nature\n02028035_8337.JPEG,0,Nature,train
BigGAN\798_biggan_00143.jpg,1,BigGAN,train
Nature\n01531178_1472.JPEG,0,Nature,train
stable_diffusion_v_1_5\618_sdv5_00020.jpg,1,stable_diffusion_v_1_5,train
BigGAN\518_biggan_00186.jpg,1,BigGAN,train
BigGAN\313_biggan_00035.jpg,1,BigGAN,train
stable_diffusion_v_1_5\043_sdv5_00191.jpg,1,stable_diffusion_v_1_5,train
stable_diffusion_v_1_5\417_sdv5_00167.jpg,1,stable_diffusion_v_1_5,train
BigGAN\475_biggan_00039.jpg,1,BigGAN,train
Nature\n02134418_971.JPEG,0,Nature,train
Nature\n01728572_2417.JPEG,0,Nature,train
Nature\n02132136_16088.JPEG,0,Nature,train
BigGAN\642_biggan_00073.jpg,1,BigGAN,train
BigGAN\358_biggan_00134.jpg,1,BigGAN,train
BigGAN\527_biggan_00048.jpg,1,BigGAN,train
Nature\n02027492_8268.JPEG,0,Nature,train
Nature\n01608432_7510.JPEG,0,Nature,train
BigGAN\056_biggan_00047.jpg,1,BigGAN,train
ADM\439_adm_71.jpg,1,ADM,train
ADM\428_adm_161.jpg,1,ADM,train
Nature\n01622779_3432.JPEG,0,Nature,train
Nature\n01924916_6114.JPEG,0,Nature,train
ADM\170_adm_118.jpg,1,ADM,train
Nature\n01775062_10801.JPEG,0,Nature,train
BigGAN\783_biggan_00109.jpg,1,BigGAN,train
stable_diffusion_v_1_5\283_sdv5_00131.jpg,1,stable_diffusion_v_1_5,train
BigGAN\103_biggan_00020.jpg,1,BigGAN,train
Nature\ILSVRC2012_val_00008151.JPEG,0,Nature,train
Nature\n01984695_19999.JPEG,0,Nature,train
ADM\242_adm_114.jpg,1,ADM,train
Nature\ILSVRC2012_val_00034998.JPEG,0,Nature,train
stable_diffusion_v_1_5\179_sdv5_00094.jpg,1,stable_diffusion_v_1_5,train
Nature\n01693334_4227.JPEG,0,Nature,train
stable_diffusion_v_1_5\892_sdv5_00114.jpg,1,stable_diffusion_v_1_5,train
stable_diffusion_v_1_5\136_sdv5_00173.jpg,1,stable_diffusion_v_1_5,train
Nature\n02363005_21433.JPEG,0,Nature,train
stable_diffusion_v_1_5\339_sdv5_00144.jpg,1,stable_diffusion_v_1_5,train
stable_diffusion_v_1_5\693_sdv5_00039.jpg,1,stable_diffusion_v_1_5,train
BigGAN\088_biggan_00198.jpg,1,BigGAN,train
Nature\n01950731_12059.JPEG,0,Nature,train
Nature\n02130308_19027.JPEG,0,Nature,train
ADM\610_adm_182.jpg,1,ADM,train
BigGAN\163_biggan_00053.jpg,1,BigGAN,train
Nature\n01773797_897.JPEG,0,Nature,train
Nature\ILSVRC2012_val_00028920.JPEG,0,Nature,train
ADM\714_adm_153.jpg,1,ADM,train
BigGAN\936_biggan_00016.jpg,1,BigGAN,train
BigGAN\109_biggan_00127.jpg,1,BigGAN,train
BigGAN\367_biggan_00131.jpg,1,BigGAN,train
ADM\962_adm_153.jpg,1,ADM,train
Nature\n02018207_12388.JPEG,0,Nature,train
ADM\883_adm_14.jpg,1,ADM,train
BigGAN\479_biggan_00026.jpg,1,BigGAN,train
ADM\272_adm_7.jpg,1,ADM,train
BigGAN\243_biggan_00176.jpg,1,BigGAN,train
stable_diffusion_v_1_5\428_sdv5_00027.jpg,1,stable_diffusion_v_1_5,train
Nature\n01855672_6200.JPEG,0,Nature,train
Nature\n02058221_14653.JPEG,0,Nature,train
stable_diffusion_v_1_5\536_sdv5_00039.jpg,1,stable_diffusion_v_1_5,train
ADM\423_adm_75.jpg,1,ADM,train
Nature\n01443537_20299.JPEG,0,Nature,train
ADM\521_adm_179.jpg,1,ADM,train
ADM\693_adm_7.jpg,1,ADM,train
stable_diffusion_v_1_5\700_sdv5_00187.jpg,1,stable_diffusion_v_1_5,train
Nature\n01833805_12575.JPEG,0,Nature,train
BigGAN\186_biggan_00046.jpg,1,BigGAN,train
stable_diffusion_v_1_5\185_sdv5_00053.jpg,1,stable_diffusion_v_1_5,train
stable_diffusion_v_1_5\364_sdv5_00006.jpg,1,stable_diffusion_v_1_5,train
BigGAN\700_biggan_00134.jpg,1,BigGAN,train
ADM\896_adm_39.jpg,1,ADM,train
BigGAN\614_biggan_00149.jpg,1,BigGAN,train
Nature\n01968897_26657.JPEG,0,Nature,train
stable_diffusion_v_1_5\602_sdv5_00068.jpg,1,stable_diffusion_v_1_5,train
BigGAN\878_biggan_00127.jpg,1,BigGAN,train
BigGAN\395_biggan_00143.jpg,1,BigGAN,train
stable_diffusion_v_1_5\203_sdv5_00152.jpg,1,stable_diffusion_v_1_5,train
Nature\n01770393_19966.JPEG,0,Nature,train
ADM\938_adm_68.jpg,1,ADM,train
stable_diffusion_v_1_5\537_sdv5_00009.jpg,1,stable_diffusion_v_1_5,train
Nature\n02077923_7329.JPEG,0,Nature,train
stable_diffusion_v_1_5\935_sdv5_00084.jpg,1,stable_diffusion_v_1_5,train
ADM\452_adm_22.jpg,1,ADM,train
ADM\599_adm_165.jpg,1,ADM,train
ADM\284_adm_91.jpg,1,ADM,train
stable_diffusion_v_1_5\763_sdv5_00100.jpg,1,stable_diffusion_v_1_5,train
BigGAN\432_biggan_00146.jpg,1,BigGAN,train
Nature\ILSVRC2012_val_00018075.JPEG,0,Nature,train
stable_diffusion_v_1_5\261_sdv5_00181.jpg,1,stable_diffusion_v_1_5,train
ADM\495_adm_21.jpg,1,ADM,train
ADM\265_adm_7.jpg,1,ADM,train
Nature\ILSVRC2012_val_00001163.JPEG,0,Nature,train
Nature\n01774750_11499.JPEG,0,Nature,train
BigGAN\488_biggan_00163.jpg,1,BigGAN,train
stable_diffusion_v_1_5\556_sdv5_00195.jpg,1,stable_diffusion_v_1_5,train
stable_diffusion_v_1_5\092_sdv5_00098.jpg,1,stable_diffusion_v_1_5,train
BigGAN\169_biggan_00068.jpg,1,BigGAN,train
ADM\235_adm_9.jpg,1,ADM,train
ADM\970_adm_34.jpg,1,ADM,train
BigGAN\827_biggan_00020.jpg,1,BigGAN,train
stable_diffusion_v_1_5\070_sdv5_00058.jpg,1,stable_diffusion_v_1_5,train
BigGAN\084_biggan_00083.jpg,1,BigGAN,train
stable_diffusion_v_1_5\563_sdv5_00171.jpg,1,stable_diffusion_v_1_5,train
Nature\n01514668_22683.JPEG,0,Nature,train
stable_diffusion_v_1_5\220_sdv5_00046.jpg,1,stable_diffusion_v_1_5,train
ADM\609_adm_161.jpg,1,ADM,train
Nature\n02002556_1640.JPEG,0,Nature,train
BigGAN\236_biggan_00072.jpg,1,BigGAN,train
ADM\118_adm_15.jpg,1,ADM,train
BigGAN\474_biggan_00063.jpg,1,BigGAN,train
stable_diffusion_v_1_5\524_sdv5_00074.jpg,1,stable_diffusion_v_1_5,train
Nature\n01514668_21277.JPEG,0,Nature,train
stable_diffusion_v_1_5\833_sdv5_00097.jpg,1,stable_diffusion_v_1_5,train
ADM\882_adm_7.jpg,1,ADM,train
stable_diffusion_v_1_5\040_sdv5_00020.jpg,1,stable_diffusion_v_1_5,train
BigGAN\335_biggan_00126.jpg,1,BigGAN,train
stable_diffusion_v_1_5\181_sdv5_00118.jpg,1,stable_diffusion_v_1_5,train
ADM\10_adm_114.jpg,1,ADM,train
stable_diffusion_v_1_5\853_sdv5_00161.jpg,1,stable_diffusion_v_1_5,train
BigGAN\328_biggan_00188.jpg,1,BigGAN,train
ADM\867_adm_153.jpg,1,ADM,train
ADM\217_adm_91.jpg,1,ADM,train
Nature\n01514668_4066.JPEG,0,Nature,train
Nature\n01774750_187.JPEG,0,Nature,train
ADM\362_adm_85.jpg,1,ADM,train
stable_diffusion_v_1_5\238_sdv5_00055.jpg,1,stable_diffusion_v_1_5,train
stable_diffusion_v_1_5\755_sdv5_00047.jpg,1,stable_diffusion_v_1_5,train
stable_diffusion_v_1_5\644_sdv5_00119.jpg,1,stable_diffusion_v_1_5,train
ADM\830_adm_87.jpg,1,ADM,train
stable_diffusion_v_1_5\923_sdv5_00020.jpg,1,stable_diffusion_v_1_5,train
stable_diffusion_v_1_5\838_sdv5_00121.jpg,1,stable_diffusion_v_1_5,train
BigGAN\343_biggan_00087.jpg,1,BigGAN,train
Nature\ILSVRC2012_val_00044038.JPEG,0,Nature,train
BigGAN\163_biggan_00156.jpg,1,BigGAN,train
BigGAN\285_biggan_00176.jpg,1,BigGAN,train
BigGAN\722_biggan_00020.jpg,1,BigGAN,train
ADM\349_adm_155.jpg,1,ADM,train
BigGAN\355_biggan_00013.jpg,1,BigGAN,train
BigGAN\073_biggan_00186.jpg,1,BigGAN,train
Nature\n01667778_5898.JPEG,0,Nature,train
Nature\ILSVRC2012_val_00008496.JPEG,0,Nature,train
Nature\ILSVRC2012_val_00028665.JPEG,0,Nature,train
Nature\n02013706_2756.JPEG,0,Nature,train
Nature\n01531178_23262.JPEG,0,Nature,train
ADM\277_adm_74.jpg,1,ADM,train
Nature\n02051845_5327.JPEG,0,Nature,train
stable_diffusion_v_1_5\144_sdv5_00097.jpg,1,stable_diffusion_v_1_5,train
ADM\243_adm_12.jpg,1,ADM,train
ADM\64_adm_147.jpg,1,ADM,train
ADM\671_adm_133.jpg,1,ADM,train
BigGAN\941_biggan_00058.jpg,1,BigGAN,train
ADM\561_adm_47.jpg,1,ADM,train
Nature\n01592084_2360.JPEG,0,Nature,train
Nature\n01978455_7450.JPEG,0,Nature,train
stable_diffusion_v_1_5\361_sdv5_00183.jpg,1,stable_diffusion_v_1_5,train
Nature\n02002556_2623.JPEG,0,Nature,train
stable_diffusion_v_1_5\236_sdv5_00182.jpg,1,stable_diffusion_v_1_5,train
Nature\n01582220_7477.JPEG,0,Nature,train
Nature\n01944390_12603.JPEG,0,Nature,train
ADM\570_adm_162.jpg,1,ADM,train
BigGAN\234_biggan_00039.jpg,1,BigGAN,train
BigGAN\129_biggan_00137.jpg,1,BigGAN,train
stable_diffusion_v_1_5\077_sdv5_00052.jpg,1,stable_diffusion_v_1_5,train
BigGAN\682_biggan_00020.jpg,1,BigGAN,train
stable_diffusion_v_1_5\076_sdv5_00009.jpg,1,stable_diffusion_v_1_5,train
BigGAN\812_biggan_00059.jpg,1,BigGAN,train
Nature\n01514859_5215.JPEG,0,Nature,train
Nature\n02027492_5017.JPEG,0,Nature,train
ADM\704_adm_12.jpg,1,ADM,train
ADM\475_adm_132.jpg,1,ADM,train
Nature\n01514859_11809.JPEG,0,Nature,train
BigGAN\289_biggan_00054.jpg,1,BigGAN,train
BigGAN\044_biggan_00191.jpg,1,BigGAN,train
Nature\ILSVRC2012_val_00004243.JPEG,0,Nature,train
stable_diffusion_v_1_5\281_sdv5_00167.jpg,1,stable_diffusion_v_1_5,train
ADM\778_adm_153.jpg,1,ADM,train
Nature\n02018207_9346.JPEG,0,Nature,train
Nature\n02012849_13140.JPEG,0,Nature,train
Nature\n01824575_3149.JPEG,0,Nature,train
stable_diffusion_v_1_5\547_sdv5_00021.jpg,1,stable_diffusion_v_1_5,train
BigGAN\488_biggan_00193.jpg,1,BigGAN,train
ADM\546_adm_49.jpg,1,ADM,train
stable_diffusion_v_1_5\663_sdv5_00044.jpg,1,stable_diffusion_v_1_5,train
BigGAN\926_biggan_00141.jpg,1,BigGAN,train
stable_diffusion_v_1_5\836_sdv5_00084.jpg,1,stable_diffusion_v_1_5,train
BigGAN\785_biggan_00190.jpg,1,BigGAN,train
Nature\n01950731_7906.JPEG,0,Nature,train
Nature\n01986214_4846.JPEG,0,Nature,train
BigGAN\950_biggan_00176.jpg,1,BigGAN,train
ADM\892_adm_57.jpg,1,ADM,train
Nature\n01883070_166.JPEG,0,Nature,train
BigGAN\173_biggan_00020.jpg,1,BigGAN,train
ADM\319_adm_79.jpg,1,ADM,train
BigGAN\002_biggan_00163.jpg,1,BigGAN,train
Nature\n02013706_2474.JPEG,0,Nature,train
Nature\n01847000_3364.JPEG,0,Nature,train
ADM\626_adm_7.jpg,1,ADM,train
stable_diffusion_v_1_5\683_sdv5_00173.jpg,1,stable_diffusion_v_1_5,train
Nature\n01592084_2189.JPEG,0,Nature,train
ADM\878_adm_126.jpg,1,ADM,train
stable_diffusion_v_1_5\767_sdv5_00081.jpg,1,stable_diffusion_v_1_5,train
ADM\340_adm_115.jpg,1,ADM,train
stable_diffusion_v_1_5\019_sdv5_00143.jpg,1,stable_diffusion_v_1_5,train
BigGAN\710_biggan_00064.jpg,1,BigGAN,train
ADM\643_adm_7.jpg,1,ADM,train
stable_diffusion_v_1_5\213_sdv5_00196.jpg,1,stable_diffusion_v_1_5,train
Nature\n01833805_13174.JPEG,0,Nature,train
BigGAN\044_biggan_00043.jpg,1,BigGAN,train
stable_diffusion_v_1_5\160_sdv5_00095.jpg,1,stable_diffusion_v_1_5,train
BigGAN\361_biggan_00173.jpg,1,BigGAN,train
Nature\n01775062_4506.JPEG,0,Nature,train
BigGAN\443_biggan_00001.jpg,1,BigGAN,train
Nature\n02007558_10279.JPEG,0,Nature,train
stable_diffusion_v_1_5\654_sdv5_00087.jpg,1,stable_diffusion_v_1_5,train
ADM\523_adm_34.jpg,1,ADM,train
ADM\582_adm_143.jpg,1,ADM,train
stable_diffusion_v_1_5\030_sdv5_00003.jpg,1,stable_diffusion_v_1_5,train
Nature\n02006656_11609.JPEG,0,Nature,train
Nature\n02012849_5934.JPEG,0,Nature,train
stable_diffusion_v_1_5\877_sdv5_00066.jpg,1,stable_diffusion_v_1_5,train
Nature\ILSVRC2012_val_00045755.JPEG,0,Nature,train
ADM\4_adm_124.jpg,1,ADM,train
Nature\ILSVRC2012_val_00008145.JPEG,0,Nature,train
stable_diffusion_v_1_5\644_sdv5_00095.jpg,1,stable_diffusion_v_1_5,train
Nature\n02018207_3691.JPEG,0,Nature,train
ADM\753_adm_149.jpg,1,ADM,train
Nature\n01950731_1184.JPEG,0,Nature,train
Nature\n01695060_14834.JPEG,0,Nature,train
BigGAN\839_biggan_00013.jpg,1,BigGAN,train
ADM\956_adm_146.jpg,1,ADM,train
stable_diffusion_v_1_5\423_sdv5_00108.jpg,1,stable_diffusion_v_1_5,train
stable_diffusion_v_1_5\586_sdv5_00159.jpg,1,stable_diffusion_v_1_5,train
ADM\448_adm_18.jpg,1,ADM,train
ADM\333_adm_171.jpg,1,ADM,train
Nature\n01514859_246.JPEG,0,Nature,train
BigGAN\968_biggan_00034.jpg,1,BigGAN,train
Nature\n01820546_2827.JPEG,0,Nature,train
stable_diffusion_v_1_5\483_sdv5_00039.jpg,1,stable_diffusion_v_1_5,train
stable_diffusion_v_1_5\979_sdv5_00195.jpg,1,stable_diffusion_v_1_5,train
BigGAN\371_biggan_00054.jpg,1,BigGAN,train
stable_diffusion_v_1_5\629_sdv5_00086.jpg,1,stable_diffusion_v_1_5,train
ADM\846_adm_127.jpg,1,ADM,train
BigGAN\514_biggan_00182.jpg,1,BigGAN,train
BigGAN\275_biggan_00040.jpg,1,BigGAN,train
ADM\957_adm_163.jpg,1,ADM,train
stable_diffusion_v_1_5\747_sdv5_00195.jpg,1,stable_diffusion_v_1_5,train
BigGAN\104_biggan_00036.jpg,1,BigGAN,train
Nature\ILSVRC2012_val_00005040.JPEG,0,Nature,train
stable_diffusion_v_1_5\529_sdv5_00085.jpg,1,stable_diffusion_v_1_5,train
Nature\n02012849_13030.JPEG,0,Nature,train
BigGAN\149_biggan_00166.jpg,1,BigGAN,train
Nature\ILSVRC2012_val_00017025.JPEG,0,Nature,train
Nature\n01685808_153.JPEG,0,Nature,train
Nature\n01774750_8191.JPEG,0,Nature,train
BigGAN\938_biggan_00175.jpg,1,BigGAN,train
BigGAN\092_biggan_00107.jpg,1,BigGAN,train
stable_diffusion_v_1_5\999_sdv5_00135.jpg,1,stable_diffusion_v_1_5,train
BigGAN\664_biggan_00165.jpg,1,BigGAN,train
BigGAN\858_biggan_00061.jpg,1,BigGAN,train
ADM\690_adm_80.jpg,1,ADM,train
stable_diffusion_v_1_5\913_sdv5_00095.jpg,1,stable_diffusion_v_1_5,train
BigGAN\880_biggan_00013.jpg,1,BigGAN,train
BigGAN\994_biggan_00137.jpg,1,BigGAN,train
Nature\n01806143_2662.JPEG,0,Nature,train
BigGAN\953_biggan_00022.jpg,1,BigGAN,train
BigGAN\623_biggan_00067.jpg,1,BigGAN,train
Nature\n01833805_4760.JPEG,0,Nature,train
stable_diffusion_v_1_5\785_sdv5_00144.jpg,1,stable_diffusion_v_1_5,train
stable_diffusion_v_1_5\515_sdv5_00161.jpg,1,stable_diffusion_v_1_5,train
BigGAN\256_biggan_00011.jpg,1,BigGAN,train
Nature\ILSVRC2012_val_00015903.JPEG,0,Nature,train
Nature\n01986214_4208.JPEG,0,Nature,train
BigGAN\360_biggan_00020.jpg,1,BigGAN,train
Nature\n01770081_19.JPEG,0,Nature,train
ADM\839_adm_165.jpg,1,ADM,train
stable_diffusion_v_1_5\450_sdv5_00163.jpg,1,stable_diffusion_v_1_5,train
BigGAN\962_biggan_00048.jpg,1,BigGAN,train
stable_diffusion_v_1_5\200_sdv5_00046.jpg,1,stable_diffusion_v_1_5,train
stable_diffusion_v_1_5\934_sdv5_00009.jpg,1,stable_diffusion_v_1_5,train
stable_diffusion_v_1_5\151_sdv5_00100.jpg,1,stable_diffusion_v_1_5,train
Nature\n07579787_5998.JPEG,0,Nature,train
ADM\219_adm_146.jpg,1,ADM,train
Nature\n02011460_7662.JPEG,0,Nature,train
Nature\ILSVRC2012_val_00014931.JPEG,0,Nature,train
BigGAN\401_biggan_00033.jpg,1,BigGAN,train
Nature\ILSVRC2012_val_00007852.JPEG,0,Nature,train
BigGAN\911_biggan_00149.jpg,1,BigGAN,train
stable_diffusion_v_1_5\939_sdv5_00000.jpg,1,stable_diffusion_v_1_5,train
Nature\n02011460_1431.JPEG,0,Nature,train
BigGAN\596_biggan_00143.jpg,1,BigGAN,train
stable_diffusion_v_1_5\721_sdv5_00114.jpg,1,stable_diffusion_v_1_5,train
Nature\n02011460_5773.JPEG,0,Nature,train
stable_diffusion_v_1_5\749_sdv5_00166.jpg,1,stable_diffusion_v_1_5,train
stable_diffusion_v_1_5\085_sdv5_00021.jpg,1,stable_diffusion_v_1_5,train
ADM\226_adm_57.jpg,1,ADM,train
Nature\n01855672_12857.JPEG,0,Nature,train
BigGAN\340_biggan_00049.jpg,1,BigGAN,train
stable_diffusion_v_1_5\830_sdv5_00104.jpg,1,stable_diffusion_v_1_5,train
BigGAN\148_biggan_00097.jpg,1,BigGAN,train
Nature\ILSVRC2012_val_00032966.JPEG,0,Nature,train
ADM\474_adm_80.jpg,1,ADM,train
Nature\n01728572_10750.JPEG,0,Nature,train
ADM\359_adm_91.jpg,1,ADM,train
ADM\88_adm_116.jpg,1,ADM,train
Nature\n02012849_413.JPEG,0,Nature,train
BigGAN\541_biggan_00111.jpg,1,BigGAN,train
ADM\632_adm_157.jpg,1,ADM,train
stable_diffusion_v_1_5\093_sdv5_00049.jpg,1,stable_diffusion_v_1_5,train
BigGAN\060_biggan_00143.jpg,1,BigGAN,train
BigGAN\404_biggan_00187.jpg,1,BigGAN,train
Nature\n01693334_21109.JPEG,0,Nature,train
Nature\n01622779_4490.JPEG,0,Nature,train
ADM\916_adm_168.jpg,1,ADM,train
BigGAN\180_biggan_00069.jpg,1,BigGAN,train
BigGAN\609_biggan_00031.jpg,1,BigGAN,train
BigGAN\245_biggan_00138.jpg,1,BigGAN,train
Nature\n01914609_3249.JPEG,0,Nature,train
BigGAN\033_biggan_00035.jpg,1,BigGAN,train
Nature\ILSVRC2012_val_00023390.JPEG,0,Nature,train
stable_diffusion_v_1_5\844_sdv5_00074.jpg,1,stable_diffusion_v_1_5,train
Nature\n01751748_332.JPEG,0,Nature,train
stable_diffusion_v_1_5\666_sdv5_00193.jpg,1,stable_diffusion_v_1_5,train
BigGAN\220_biggan_00146.jpg,1,BigGAN,train
ADM\89_adm_164.jpg,1,ADM,train
Nature\n01531178_11006.JPEG,0,Nature,train
Nature\n02018795_6219.JPEG,0,Nature,train
stable_diffusion_v_1_5\840_sdv5_00181.jpg,1,stable_diffusion_v_1_5,train
Nature\n02013706_1522.JPEG,0,Nature,train
stable_diffusion_v_1_5\124_sdv5_00135.jpg,1,stable_diffusion_v_1_5,train
Nature\n01644373_6766.JPEG,0,Nature,train
BigGAN\635_biggan_00014.jpg,1,BigGAN,train
stable_diffusion_v_1_5\535_sdv5_00138.jpg,1,stable_diffusion_v_1_5,train
stable_diffusion_v_1_5\552_sdv5_00186.jpg,1,stable_diffusion_v_1_5,train
ADM\171_adm_137.jpg,1,ADM,train
stable_diffusion_v_1_5\186_sdv5_00001.jpg,1,stable_diffusion_v_1_5,train
ADM\322_adm_56.jpg,1,ADM,train
ADM\693_adm_188.jpg,1,ADM,train
Nature\n01796340_15619.JPEG,0,Nature,train
ADM\784_adm_62.jpg,1,ADM,train
ADM\24_adm_165.jpg,1,ADM,train
Nature\n01693334_287.JPEG,0,Nature,train
Nature\n01833805_2407.JPEG,0,Nature,train
ADM\292_adm_121.jpg,1,ADM,train
BigGAN\485_biggan_00188.jpg,1,BigGAN,train
Nature\n01824575_2254.JPEG,0,Nature,train
BigGAN\434_biggan_00011.jpg,1,BigGAN,train
stable_diffusion_v_1_5\859_sdv5_00018.jpg,1,stable_diffusion_v_1_5,train
Nature\ILSVRC2012_val_00021802.JPEG,0,Nature,train
Nature\n01950731_11685.JPEG,0,Nature,train
Nature\n02006656_10149.JPEG,0,Nature,train
Nature\n01592084_49.JPEG,0,Nature,train
Nature\n01773797_4047.JPEG,0,Nature,train
BigGAN\990_biggan_00020.jpg,1,BigGAN,train
Nature\n01560419_1059.JPEG,0,Nature,train
ADM\861_adm_91.jpg,1,ADM,train
stable_diffusion_v_1_5\714_sdv5_00111.jpg,1,stable_diffusion_v_1_5,train
stable_diffusion_v_1_5\250_sdv5_00165.jpg,1,stable_diffusion_v_1_5,train
BigGAN\961_biggan_00150.jpg,1,BigGAN,train
Nature\n01664065_21265.JPEG,0,Nature,train
stable_diffusion_v_1_5\912_sdv5_00159.jpg,1,stable_diffusion_v_1_5,train
Nature\n02007558_5458.JPEG,0,Nature,train
stable_diffusion_v_1_5\390_sdv5_00140.jpg,1,stable_diffusion_v_1_5,train
BigGAN\320_biggan_00091.jpg,1,BigGAN,train
ADM\887_adm_33.jpg,1,ADM,train
Nature\ILSVRC2012_val_00014961.JPEG,0,Nature,train
stable_diffusion_v_1_5\524_sdv5_00140.jpg,1,stable_diffusion_v_1_5,train
BigGAN\286_biggan_00098.jpg,1,BigGAN,train
stable_diffusion_v_1_5\983_sdv5_00101.jpg,1,stable_diffusion_v_1_5,train
Nature\n01806143_4065.JPEG,0,Nature,train
BigGAN\289_biggan_00067.jpg,1,BigGAN,train
BigGAN\220_biggan_00020.jpg,1,BigGAN,train
stable_diffusion_v_1_5\805_sdv5_00039.jpg,1,stable_diffusion_v_1_5,train
Nature\n01614925_11469.JPEG,0,Nature,train
BigGAN\527_biggan_00141.jpg,1,BigGAN,train
BigGAN\387_biggan_00060.jpg,1,BigGAN,train
Nature\ILSVRC2012_val_00006321.JPEG,0,Nature,train
stable_diffusion_v_1_5\244_sdv5_00004.jpg,1,stable_diffusion_v_1_5,train
ADM\664_adm_141.jpg,1,ADM,train
stable_diffusion_v_1_5\798_sdv5_00126.jpg,1,stable_diffusion_v_1_5,train
stable_diffusion_v_1_5\188_sdv5_00061.jpg,1,stable_diffusion_v_1_5,train
BigGAN\991_biggan_00044.jpg,1,BigGAN,train
ADM\193_adm_146.jpg,1,ADM,train
Nature\n01914609_13542.JPEG,0,Nature,train
Nature\n02006656_9878.JPEG,0,Nature,train
Nature\n01774750_11833.JPEG,0,Nature,train
ADM\921_adm_85.jpg,1,ADM,train
Nature\n02002556_2755.JPEG,0,Nature,train
Nature\n01944390_7302.JPEG,0,Nature,train
Nature\n01601694_7879.JPEG,0,Nature,train
Nature\ILSVRC2012_val_00038416.JPEG,0,Nature,train
ADM\995_adm_91.jpg,1,ADM,train
BigGAN\506_biggan_00114.jpg,1,BigGAN,train
BigGAN\755_biggan_00018.jpg,1,BigGAN,train
Nature\n02011460_1376.JPEG,0,Nature,train
stable_diffusion_v_1_5\738_sdv5_00010.jpg,1,stable_diffusion_v_1_5,train
Nature\n01592084_5253.JPEG,0,Nature,train
BigGAN\413_biggan_00012.jpg,1,BigGAN,train
Nature\n01883070_16497.JPEG,0,Nature,train
stable_diffusion_v_1_5\163_sdv5_00011.jpg,1,stable_diffusion_v_1_5,train
BigGAN\810_biggan_00014.jpg,1,BigGAN,train
ADM\553_adm_91.jpg,1,ADM,train
stable_diffusion_v_1_5\467_sdv5_00074.jpg,1,stable_diffusion_v_1_5,train
Nature\n01773157_7537.JPEG,0,Nature,train
ADM\255_adm_2.jpg,1,ADM,train
BigGAN\674_biggan_00001.jpg,1,BigGAN,train
BigGAN\764_biggan_00103.jpg,1,BigGAN,train
BigGAN\265_biggan_00037.jpg,1,BigGAN,train
Nature\n03961711_9289.JPEG,0,Nature,train
Nature\n01820546_4499.JPEG,0,Nature,train
BigGAN\993_biggan_00020.jpg,1,BigGAN,train
ADM\389_adm_166.jpg,1,ADM,train
stable_diffusion_v_1_5\839_sdv5_00167.jpg,1,stable_diffusion_v_1_5,train
BigGAN\674_biggan_00113.jpg,1,BigGAN,train
BigGAN\440_biggan_00184.jpg,1,BigGAN,train
stable_diffusion_v_1_5\088_sdv5_00123.jpg,1,stable_diffusion_v_1_5,train
ADM\441_adm_17.jpg,1,ADM,train
Nature\n02058221_11595.JPEG,0,Nature,train
Nature\n03938244_13453.JPEG,0,Nature,train
stable_diffusion_v_1_5\861_sdv5_00114.jpg,1,stable_diffusion_v_1_5,train
ADM\761_adm_88.jpg,1,ADM,train
Nature\n01943899_15897.JPEG,0,Nature,train
Nature\n01582220_10843.JPEG,0,Nature,train
Nature\n01773549_255.JPEG,0,Nature,train
BigGAN\878_biggan_00159.jpg,1,BigGAN,train
Nature\n01774384_11034.JPEG,0,Nature,train
Nature\n01985128_26095.JPEG,0,Nature,train
stable_diffusion_v_1_5\920_sdv5_00123.jpg,1,stable_diffusion_v_1_5,train
ADM\621_adm_7.jpg,1,ADM,train
Nature\n02007558_11015.JPEG,0,Nature,train
BigGAN\694_biggan_00013.jpg,1,BigGAN,train
BigGAN\237_biggan_00060.jpg,1,BigGAN,train
ADM\379_adm_7.jpg,1,ADM,train
BigGAN\330_biggan_00020.jpg,1,BigGAN,train
stable_diffusion_v_1_5\559_sdv5_00146.jpg,1,stable_diffusion_v_1_5,train
BigGAN\517_biggan_00121.jpg,1,BigGAN,train
stable_diffusion_v_1_5\225_sdv5_00027.jpg,1,stable_diffusion_v_1_5,train
Nature\n01796340_5938.JPEG,0,Nature,train
Nature\n01944390_1665.JPEG,0,Nature,train
Nature\n01829413_13.JPEG,0,Nature,train
BigGAN\377_biggan_00002.jpg,1,BigGAN,train
ADM\525_adm_128.jpg,1,ADM,train
ADM\2_adm_134.jpg,1,ADM,train
stable_diffusion_v_1_5\106_sdv5_00100.jpg,1,stable_diffusion_v_1_5,train
Nature\n01770393_6033.JPEG,0,Nature,train
stable_diffusion_v_1_5\767_sdv5_00050.jpg,1,stable_diffusion_v_1_5,train
Nature\n01614925_4308.JPEG,0,Nature,train
ADM\529_adm_31.jpg,1,ADM,train
stable_diffusion_v_1_5\209_sdv5_00104.jpg,1,stable_diffusion_v_1_5,train
ADM\928_adm_117.jpg,1,ADM,train
stable_diffusion_v_1_5\752_sdv5_00187.jpg,1,stable_diffusion_v_1_5,train
Nature\ILSVRC2012_val_00006603.JPEG,0,Nature,train
stable_diffusion_v_1_5\406_sdv5_00020.jpg,1,stable_diffusion_v_1_5,train
ADM\944_adm_75.jpg,1,ADM,train
Nature\ILSVRC2012_val_00032930.JPEG,0,Nature,train
ADM\725_adm_153.jpg,1,ADM,train
ADM\114_adm_123.jpg,1,ADM,train
stable_diffusion_v_1_5\203_sdv5_00172.jpg,1,stable_diffusion_v_1_5,train
BigGAN\023_biggan_00031.jpg,1,BigGAN,train
Nature\n01608432_14626.JPEG,0,Nature,train
BigGAN\526_biggan_00196.jpg,1,BigGAN,train
Nature\n02007558_4472.JPEG,0,Nature,train
ADM\367_adm_55.jpg,1,ADM,train
Nature\ILSVRC2012_val_00017887.JPEG,0,Nature,train
stable_diffusion_v_1_5\674_sdv5_00074.jpg,1,stable_diffusion_v_1_5,train
Nature\ILSVRC2012_val_00033333.JPEG,0,Nature,train
stable_diffusion_v_1_5\317_sdv5_00195.jpg,1,stable_diffusion_v_1_5,train
ADM\564_adm_106.jpg,1,ADM,train
stable_diffusion_v_1_5\557_sdv5_00139.jpg,1,stable_diffusion_v_1_5,train
stable_diffusion_v_1_5\756_sdv5_00163.jpg,1,stable_diffusion_v_1_5,train
Nature\n01843383_259.JPEG,0,Nature,train
stable_diffusion_v_1_5\923_sdv5_00187.jpg,1,stable_diffusion_v_1_5,train
BigGAN\630_biggan_00150.jpg,1,BigGAN,train
Nature\n01986214_11080.JPEG,0,Nature,train
Nature\ILSVRC2012_val_00021464.JPEG,0,Nature,train
Nature\n02027492_3958.JPEG,0,Nature,train
BigGAN\583_biggan_00183.jpg,1,BigGAN,train
ADM\622_adm_92.jpg,1,ADM,train
Nature\ILSVRC2012_val_00048828.JPEG,0,Nature,train
BigGAN\578_biggan_00095.jpg,1,BigGAN,train
stable_diffusion_v_1_5\692_sdv5_00052.jpg,1,stable_diffusion_v_1_5,train
ADM\416_adm_130.jpg,1,ADM,train
BigGAN\310_biggan_00142.jpg,1,BigGAN,train
ADM\904_adm_33.jpg,1,ADM,train
Nature\ILSVRC2012_val_00019243.JPEG,0,Nature,train
ADM\749_adm_131.jpg,1,ADM,train
Nature\n02028035_2464.JPEG,0,Nature,train
BigGAN\343_biggan_00074.jpg,1,BigGAN,train
Nature\n01955084_6806.JPEG,0,Nature,train
Nature\ILSVRC2012_val_00048890.JPEG,0,Nature,train
BigGAN\477_biggan_00091.jpg,1,BigGAN,train
ADM\226_adm_34.jpg,1,ADM,train
Nature\ILSVRC2012_val_00028317.JPEG,0,Nature,train
stable_diffusion_v_1_5\961_sdv5_00108.jpg,1,stable_diffusion_v_1_5,train
ADM\719_adm_127.jpg,1,ADM,train
stable_diffusion_v_1_5\795_sdv5_00049.jpg,1,stable_diffusion_v_1_5,train
BigGAN\124_biggan_00078.jpg,1,BigGAN,train
ADM\816_adm_9.jpg,1,ADM,train
ADM\711_adm_110.jpg,1,ADM,train
ADM\6_adm_125.jpg,1,ADM,train
BigGAN\367_biggan_00121.jpg,1,BigGAN,train
Nature\ILSVRC2012_val_00002715.JPEG,0,Nature,train
BigGAN\776_biggan_00074.jpg,1,BigGAN,train
BigGAN\887_biggan_00118.jpg,1,BigGAN,train
ADM\575_adm_152.jpg,1,ADM,train
BigGAN\592_biggan_00187.jpg,1,BigGAN,train
stable_diffusion_v_1_5\594_sdv5_00131.jpg,1,stable_diffusion_v_1_5,train
Nature\n01693334_4891.JPEG,0,Nature,train
BigGAN\493_biggan_00002.jpg,1,BigGAN,train
stable_diffusion_v_1_5\195_sdv5_00153.jpg,1,stable_diffusion_v_1_5,train
Nature\ILSVRC2012_val_00004164.JPEG,0,Nature,train
stable_diffusion_v_1_5\914_sdv5_00051.jpg,1,stable_diffusion_v_1_5,train
BigGAN\636_biggan_00124.jpg,1,BigGAN,train
BigGAN\890_biggan_00039.jpg,1,BigGAN,train
stable_diffusion_v_1_5\232_sdv5_00124.jpg,1,stable_diffusion_v_1_5,train
ADM\931_adm_84.jpg,1,ADM,train
stable_diffusion_v_1_5\550_sdv5_00058.jpg,1,stable_diffusion_v_1_5,train
BigGAN\843_biggan_00053.jpg,1,BigGAN,train
BigGAN\073_biggan_00011.jpg,1,BigGAN,train
stable_diffusion_v_1_5\018_sdv5_00128.jpg,1,stable_diffusion_v_1_5,train
ADM\89_adm_108.jpg,1,ADM,train
ADM\190_adm_120.jpg,1,ADM,train
ADM\892_adm_90.jpg,1,ADM,train
BigGAN\705_biggan_00198.jpg,1,BigGAN,train
BigGAN\766_biggan_00082.jpg,1,BigGAN,train
BigGAN\572_biggan_00098.jpg,1,BigGAN,train
Nature\n01877812_3370.JPEG,0,Nature,train
Nature\n02051845_1840.JPEG,0,Nature,train
Nature\n02011460_2315.JPEG,0,Nature,train
Nature\n01833805_7361.JPEG,0,Nature,train
Nature\n01776313_8398.JPEG,0,Nature,train
ADM\276_adm_123.jpg,1,ADM,train
BigGAN\946_biggan_00130.jpg,1,BigGAN,train
ADM\400_adm_142.jpg,1,ADM,train
Nature\ILSVRC2012_val_00006916.JPEG,0,Nature,train
Nature\n01828970_4725.JPEG,0,Nature,train
Nature\n01914609_6131.JPEG,0,Nature,train
Nature\n01924916_957.JPEG,0,Nature,train
ADM\792_adm_50.jpg,1,ADM,train
BigGAN\409_biggan_00176.jpg,1,BigGAN,train
BigGAN\051_biggan_00039.jpg,1,BigGAN,train
ADM\637_adm_2.jpg,1,ADM,train
ADM\365_adm_18.jpg,1,ADM,train
Nature\n02028035_1796.JPEG,0,Nature,train
stable_diffusion_v_1_5\168_sdv5_00142.jpg,1,stable_diffusion_v_1_5,train
BigGAN\660_biggan_00093.jpg,1,BigGAN,train
BigGAN\031_biggan_00143.jpg,1,BigGAN,train
stable_diffusion_v_1_5\666_sdv5_00039.jpg,1,stable_diffusion_v_1_5,train
ADM\220_adm_53.jpg,1,ADM,train
stable_diffusion_v_1_5\682_sdv5_00162.jpg,1,stable_diffusion_v_1_5,train
Nature\n01978455_9986.JPEG,0,Nature,train
Nature\n01944390_13793.JPEG,0,Nature,train
stable_diffusion_v_1_5\588_sdv5_00037.jpg,1,stable_diffusion_v_1_5,train
ADM\484_adm_34.jpg,1,ADM,train
BigGAN\307_biggan_00050.jpg,1,BigGAN,train
BigGAN\939_biggan_00031.jpg,1,BigGAN,train
BigGAN\045_biggan_00108.jpg,1,BigGAN,train
Nature\n01582220_4962.JPEG,0,Nature,train
Nature\n01614925_3110.JPEG,0,Nature,train
ADM\70_adm_164.jpg,1,ADM,train
Nature\n01944390_1345.JPEG,0,Nature,train
ADM\843_adm_30.jpg,1,ADM,train
stable_diffusion_v_1_5\106_sdv5_00139.jpg,1,stable_diffusion_v_1_5,train
stable_diffusion_v_1_5\966_sdv5_00058.jpg,1,stable_diffusion_v_1_5,train
BigGAN\682_biggan_00129.jpg,1,BigGAN,train
stable_diffusion_v_1_5\146_sdv5_00123.jpg,1,stable_diffusion_v_1_5,train
ADM\140_adm_47.jpg,1,ADM,train
Nature\ILSVRC2012_val_00003450.JPEG,0,Nature,train
stable_diffusion_v_1_5\453_sdv5_00103.jpg,1,stable_diffusion_v_1_5,train
BigGAN\012_biggan_00097.jpg,1,BigGAN,train
BigGAN\012_biggan_00057.jpg,1,BigGAN,train
BigGAN\870_biggan_00028.jpg,1,BigGAN,train
BigGAN\435_biggan_00035.jpg,1,BigGAN,train
ADM\800_adm_153.jpg,1,ADM,train
ADM\325_adm_124.jpg,1,ADM,train
stable_diffusion_v_1_5\404_sdv5_00186.jpg,1,stable_diffusion_v_1_5,train
BigGAN\612_biggan_00010.jpg,1,BigGAN,train
ADM\827_adm_64.jpg,1,ADM,train
BigGAN\629_biggan_00155.jpg,1,BigGAN,train
Nature\n01601694_11150.JPEG,0,Nature,train
BigGAN\825_biggan_00008.jpg,1,BigGAN,train
BigGAN\710_biggan_00113.jpg,1,BigGAN,train
ADM\63_adm_39.jpg,1,ADM,train
ADM\671_adm_4.jpg,1,ADM,train
Nature\n01824575_2321.JPEG,0,Nature,train
stable_diffusion_v_1_5\513_sdv5_00057.jpg,1,stable_diffusion_v_1_5,train
BigGAN\893_biggan_00078.jpg,1,BigGAN,train
stable_diffusion_v_1_5\763_sdv5_00119.jpg,1,stable_diffusion_v_1_5,train
Nature\n02412080_11488.JPEG,0,Nature,train
stable_diffusion_v_1_5\036_sdv5_00134.jpg,1,stable_diffusion_v_1_5,train
BigGAN\217_biggan_00156.jpg,1,BigGAN,train
ADM\908_adm_6.jpg,1,ADM,train
Nature\n01632777_3967.JPEG,0,Nature,train
BigGAN\766_biggan_00097.jpg,1,BigGAN,train
BigGAN\669_biggan_00105.jpg,1,BigGAN,train
stable_diffusion_v_1_5\135_sdv5_00162.jpg,1,stable_diffusion_v_1_5,train
ADM\195_adm_25.jpg,1,ADM,train
stable_diffusion_v_1_5\776_sdv5_00003.jpg,1,stable_diffusion_v_1_5,train
BigGAN\401_biggan_00087.jpg,1,BigGAN,train
stable_diffusion_v_1_5\620_sdv5_00100.jpg,1,stable_diffusion_v_1_5,train
Nature\n01739381_4755.JPEG,0,Nature,train
ADM\701_adm_141.jpg,1,ADM,train
stable_diffusion_v_1_5\620_sdv5_00196.jpg,1,stable_diffusion_v_1_5,train
BigGAN\780_biggan_00107.jpg,1,BigGAN,train
BigGAN\330_biggan_00107.jpg,1,BigGAN,train
BigGAN\649_biggan_00055.jpg,1,BigGAN,train
ADM\581_adm_178.jpg,1,ADM,train
ADM\229_adm_77.jpg,1,ADM,train
BigGAN\810_biggan_00128.jpg,1,BigGAN,train
stable_diffusion_v_1_5\957_sdv5_00148.jpg,1,stable_diffusion_v_1_5,train
stable_diffusion_v_1_5\361_sdv5_00028.jpg,1,stable_diffusion_v_1_5,train
Nature\ILSVRC2012_val_00043108.JPEG,0,Nature,train
stable_diffusion_v_1_5\653_sdv5_00165.jpg,1,stable_diffusion_v_1_5,train
BigGAN\798_biggan_00016.jpg,1,BigGAN,train
ADM\747_adm_36.jpg,1,ADM,train
BigGAN\114_biggan_00143.jpg,1,BigGAN,train
ADM\45_adm_16.jpg,1,ADM,train
stable_diffusion_v_1_5\523_sdv5_00009.jpg,1,stable_diffusion_v_1_5,train
Nature\n01531178_3567.JPEG,0,Nature,train
BigGAN\883_biggan_00127.jpg,1,BigGAN,train
stable_diffusion_v_1_5\733_sdv5_00159.jpg,1,stable_diffusion_v_1_5,train
ADM\275_adm_138.jpg,1,ADM,train
Nature\n01774384_142.JPEG,0,Nature,train
BigGAN\434_biggan_00134.jpg,1,BigGAN,train
Nature\n02007558_13581.JPEG,0,Nature,train
ADM\856_adm_66.jpg,1,ADM,train
stable_diffusion_v_1_5\771_sdv5_00101.jpg,1,stable_diffusion_v_1_5,train
BigGAN\218_biggan_00123.jpg,1,BigGAN,train
ADM\143_adm_130.jpg,1,ADM,train
stable_diffusion_v_1_5\702_sdv5_00078.jpg,1,stable_diffusion_v_1_5,train
BigGAN\313_biggan_00068.jpg,1,BigGAN,train
BigGAN\607_biggan_00050.jpg,1,BigGAN,train
Nature\n01829413_1644.JPEG,0,Nature,train
Nature\n01944390_629.JPEG,0,Nature,train
BigGAN\402_biggan_00103.jpg,1,BigGAN,train
ADM\755_adm_95.jpg,1,ADM,train
stable_diffusion_v_1_5\810_sdv5_00195.jpg,1,stable_diffusion_v_1_5,train
Nature\n02028035_2012.JPEG,0,Nature,train
Nature\n02018207_10483.JPEG,0,Nature,train
ADM\679_adm_106.jpg,1,ADM,train
ADM\403_adm_43.jpg,1,ADM,train
BigGAN\394_biggan_00077.jpg,1,BigGAN,train
Nature\n01531178_133.JPEG,0,Nature,train
stable_diffusion_v_1_5\882_sdv5_00003.jpg,1,stable_diffusion_v_1_5,train
ADM\950_adm_57.jpg,1,ADM,train
Nature\n01677366_36713.JPEG,0,Nature,train
Nature\n02909870_33134.JPEG,0,Nature,train
ADM\606_adm_140.jpg,1,ADM,train
Nature\n01950731_1967.JPEG,0,Nature,train
stable_diffusion_v_1_5\804_sdv5_00079.jpg,1,stable_diffusion_v_1_5,train
ADM\735_adm_11.jpg,1,ADM,train
ADM\545_adm_7.jpg,1,ADM,train
Nature\n01531178_3153.JPEG,0,Nature,train
ADM\386_adm_100.jpg,1,ADM,train
Nature\ILSVRC2012_val_00013929.JPEG,0,Nature,train
ADM\941_adm_45.jpg,1,ADM,train
ADM\912_adm_143.jpg,1,ADM,train
stable_diffusion_v_1_5\774_sdv5_00198.jpg,1,stable_diffusion_v_1_5,train
stable_diffusion_v_1_5\607_sdv5_00007.jpg,1,stable_diffusion_v_1_5,train
stable_diffusion_v_1_5\744_sdv5_00060.jpg,1,stable_diffusion_v_1_5,train
stable_diffusion_v_1_5\719_sdv5_00195.jpg,1,stable_diffusion_v_1_5,train
Nature\n01514668_5630.JPEG,0,Nature,train
BigGAN\785_biggan_00023.jpg,1,BigGAN,train
ADM\979_adm_181.jpg,1,ADM,train
Nature\ILSVRC2012_val_00000217.JPEG,0,Nature,train
stable_diffusion_v_1_5\325_sdv5_00040.jpg,1,stable_diffusion_v_1_5,train
ADM\818_adm_5.jpg,1,ADM,train
stable_diffusion_v_1_5\375_sdv5_00020.jpg,1,stable_diffusion_v_1_5,train
stable_diffusion_v_1_5\972_sdv5_00153.jpg,1,stable_diffusion_v_1_5,train
stable_diffusion_v_1_5\445_sdv5_00109.jpg,1,stable_diffusion_v_1_5,train
ADM\663_adm_87.jpg,1,ADM,train
Nature\n01930112_22237.JPEG,0,Nature,train
Nature\n02007558_9978.JPEG,0,Nature,train
BigGAN\607_biggan_00126.jpg,1,BigGAN,train
Nature\n03478589_3314.JPEG,0,Nature,train
ADM\490_adm_165.jpg,1,ADM,train
ADM\878_adm_153.jpg,1,ADM,train
ADM\246_adm_182.jpg,1,ADM,train
stable_diffusion_v_1_5\273_sdv5_00102.jpg,1,stable_diffusion_v_1_5,train
ADM\876_adm_34.jpg,1,ADM,train
BigGAN\400_biggan_00143.jpg,1,BigGAN,train
BigGAN\086_biggan_00142.jpg,1,BigGAN,train
ADM\90_adm_71.jpg,1,ADM,train
BigGAN\254_biggan_00176.jpg,1,BigGAN,train
Nature\ILSVRC2012_val_00032993.JPEG,0,Nature,train
Nature\n01818515_10874.JPEG,0,Nature,train
stable_diffusion_v_1_5\784_sdv5_00003.jpg,1,stable_diffusion_v_1_5,train
ADM\413_adm_72.jpg,1,ADM,train
ADM\988_adm_34.jpg,1,ADM,train
stable_diffusion_v_1_5\832_sdv5_00079.jpg,1,stable_diffusion_v_1_5,train
ADM\99_adm_64.jpg,1,ADM,train
BigGAN\351_biggan_00074.jpg,1,BigGAN,train
stable_diffusion_v_1_5\191_sdv5_00072.jpg,1,stable_diffusion_v_1_5,train
Nature\n01776313_719.JPEG,0,Nature,train
stable_diffusion_v_1_5\243_sdv5_00100.jpg,1,stable_diffusion_v_1_5,train
Nature\n02012849_12512.JPEG,0,Nature,train
ADM\308_adm_161.jpg,1,ADM,train
ADM\428_adm_82.jpg,1,ADM,train
stable_diffusion_v_1_5\267_sdv5_00100.jpg,1,stable_diffusion_v_1_5,train
ADM\226_adm_91.jpg,1,ADM,train
BigGAN\918_biggan_00159.jpg,1,BigGAN,train
Nature\n01820546_1021.JPEG,0,Nature,train
BigGAN\513_biggan_00088.jpg,1,BigGAN,train
ADM\42_adm_51.jpg,1,ADM,train
stable_diffusion_v_1_5\351_sdv5_00169.jpg,1,stable_diffusion_v_1_5,train
ADM\283_adm_98.jpg,1,ADM,train
Nature\ILSVRC2012_val_00031630.JPEG,0,Nature,train
BigGAN\284_biggan_00047.jpg,1,BigGAN,train
BigGAN\344_biggan_00006.jpg,1,BigGAN,train
Nature\n02013706_3451.JPEG,0,Nature,train
stable_diffusion_v_1_5\222_sdv5_00145.jpg,1,stable_diffusion_v_1_5,train
ADM\260_adm_153.jpg,1,ADM,train
Nature\n01944390_9703.JPEG,0,Nature,train
Nature\n02058221_19757.JPEG,0,Nature,train
BigGAN\011_biggan_00035.jpg,1,BigGAN,train
BigGAN\773_biggan_00004.jpg,1,BigGAN,train
BigGAN\290_biggan_00020.jpg,1,BigGAN,train
stable_diffusion_v_1_5\443_sdv5_00195.jpg,1,stable_diffusion_v_1_5,train
BigGAN\381_biggan_00141.jpg,1,BigGAN,train
stable_diffusion_v_1_5\040_sdv5_00097.jpg,1,stable_diffusion_v_1_5,train
Nature\n01833805_9588.JPEG,0,Nature,train
stable_diffusion_v_1_5\768_sdv5_00074.jpg,1,stable_diffusion_v_1_5,train
Nature\n01833805_6552.JPEG,0,Nature,train
Nature\n01644900_19568.JPEG,0,Nature,train
ADM\863_adm_153.jpg,1,ADM,train
ADM\344_adm_118.jpg,1,ADM,train
ADM\186_adm_141.jpg,1,ADM,train
stable_diffusion_v_1_5\125_sdv5_00027.jpg,1,stable_diffusion_v_1_5,train
ADM\624_adm_153.jpg,1,ADM,train
BigGAN\797_biggan_00036.jpg,1,BigGAN,train
stable_diffusion_v_1_5\272_sdv5_00140.jpg,1,stable_diffusion_v_1_5,train
Nature\ILSVRC2012_val_00013450.JPEG,0,Nature,train
Nature\n01734418_4803.JPEG,0,Nature,train
Nature\n01734418_5102.JPEG,0,Nature,train
Nature\n01775062_8187.JPEG,0,Nature,train
ADM\193_adm_135.jpg,1,ADM,train
ADM\497_adm_145.jpg,1,ADM,train
Nature\n01601694_1077.JPEG,0,Nature,train
BigGAN\730_biggan_00101.jpg,1,BigGAN,train
BigGAN\355_biggan_00023.jpg,1,BigGAN,train
ADM\361_adm_91.jpg,1,ADM,train
ADM\487_adm_41.jpg,1,ADM,train
Nature\n02058221_8537.JPEG,0,Nature,train
Nature\n02092339_4916.JPEG,0,Nature,train
BigGAN\857_biggan_00097.jpg,1,BigGAN,train
Nature\n01944390_5322.JPEG,0,Nature,train
stable_diffusion_v_1_5\788_sdv5_00060.jpg,1,stable_diffusion_v_1_5,train
stable_diffusion_v_1_5\432_sdv5_00118.jpg,1,stable_diffusion_v_1_5,train
ADM\296_adm_34.jpg,1,ADM,train
Nature\n01855672_7535.JPEG,0,Nature,train
stable_diffusion_v_1_5\302_sdv5_00143.jpg,1,stable_diffusion_v_1_5,train
BigGAN\805_biggan_00074.jpg,1,BigGAN,train
BigGAN\017_biggan_00106.jpg,1,BigGAN,train
stable_diffusion_v_1_5\207_sdv5_00037.jpg,1,stable_diffusion_v_1_5,train
Nature\ILSVRC2012_val_00024056.JPEG,0,Nature,train
Nature\n01775062_6016.JPEG,0,Nature,train
Nature\n01622779_4179.JPEG,0,Nature,train
Nature\n01514668_5511.JPEG,0,Nature,train
BigGAN\312_biggan_00036.jpg,1,BigGAN,train
stable_diffusion_v_1_5\075_sdv5_00196.jpg,1,stable_diffusion_v_1_5,train
stable_diffusion_v_1_5\832_sdv5_00100.jpg,1,stable_diffusion_v_1_5,train
ADM\74_adm_57.jpg,1,ADM,train
stable_diffusion_v_1_5\210_sdv5_00141.jpg,1,stable_diffusion_v_1_5,train
Nature\n02051845_11774.JPEG,0,Nature,train
ADM\201_adm_49.jpg,1,ADM,train
Nature\n02909870_5561.JPEG,0,Nature,train
BigGAN\403_biggan_00119.jpg,1,BigGAN,train
stable_diffusion_v_1_5\344_sdv5_00104.jpg,1,stable_diffusion_v_1_5,train
stable_diffusion_v_1_5\724_sdv5_00034.jpg,1,stable_diffusion_v_1_5,train
Nature\n01592084_5921.JPEG,0,Nature,train
Nature\n01950731_12696.JPEG,0,Nature,train
ADM\641_adm_134.jpg,1,ADM,train
Nature\n02027492_6514.JPEG,0,Nature,train
stable_diffusion_v_1_5\838_sdv5_00082.jpg,1,stable_diffusion_v_1_5,train
stable_diffusion_v_1_5\544_sdv5_00082.jpg,1,stable_diffusion_v_1_5,train
BigGAN\411_biggan_00058.jpg,1,BigGAN,train
Nature\n01770081_3294.JPEG,0,Nature,train
Nature\ILSVRC2012_val_00041990.JPEG,0,Nature,train
BigGAN\773_biggan_00091.jpg,1,BigGAN,train
stable_diffusion_v_1_5\375_sdv5_00103.jpg,1,stable_diffusion_v_1_5,train
BigGAN\104_biggan_00149.jpg,1,BigGAN,train
Nature\ILSVRC2012_val_00044628.JPEG,0,Nature,train
stable_diffusion_v_1_5\509_sdv5_00055.jpg,1,stable_diffusion_v_1_5,train
stable_diffusion_v_1_5\703_sdv5_00178.jpg,1,stable_diffusion_v_1_5,train
ADM\355_adm_91.jpg,1,ADM,train
stable_diffusion_v_1_5\454_sdv5_00105.jpg,1,stable_diffusion_v_1_5,train
Nature\n01531178_7873.JPEG,0,Nature,train
ADM\258_adm_63.jpg,1,ADM,train
BigGAN\566_biggan_00070.jpg,1,BigGAN,train
BigGAN\901_biggan_00127.jpg,1,BigGAN,train
Nature\n01592084_1298.JPEG,0,Nature,train
stable_diffusion_v_1_5\159_sdv5_00061.jpg,1,stable_diffusion_v_1_5,train
stable_diffusion_v_1_5\148_sdv5_00182.jpg,1,stable_diffusion_v_1_5,train
ADM\64_adm_168.jpg,1,ADM,train
BigGAN\160_biggan_00039.jpg,1,BigGAN,train
ADM\55_adm_112.jpg,1,ADM,train
Nature\n01819313_5219.JPEG,0,Nature,train
stable_diffusion_v_1_5\759_sdv5_00096.jpg,1,stable_diffusion_v_1_5,train
Nature\n02028035_22205.JPEG,0,Nature,train
BigGAN\506_biggan_00161.jpg,1,BigGAN,train
Nature\n02018795_6785.JPEG,0,Nature,train
Nature\n01914609_3620.JPEG,0,Nature,train
BigGAN\479_biggan_00030.jpg,1,BigGAN,train
BigGAN\656_biggan_00153.jpg,1,BigGAN,train
BigGAN\810_biggan_00130.jpg,1,BigGAN,train
Nature\n02011460_6232.JPEG,0,Nature,train
stable_diffusion_v_1_5\314_sdv5_00034.jpg,1,stable_diffusion_v_1_5,train
BigGAN\366_biggan_00127.jpg,1,BigGAN,train
Nature\n01775062_1121.JPEG,0,Nature,train
BigGAN\395_biggan_00023.jpg,1,BigGAN,train
stable_diffusion_v_1_5\543_sdv5_00044.jpg,1,stable_diffusion_v_1_5,train
Nature\n01828970_4495.JPEG,0,Nature,train
stable_diffusion_v_1_5\257_sdv5_00100.jpg,1,stable_diffusion_v_1_5,train
Nature\n02018207_14890.JPEG,0,Nature,train
Nature\n01860187_2609.JPEG,0,Nature,train
Nature\n01819313_5346.JPEG,0,Nature,train
ADM\210_adm_80.jpg,1,ADM,train
BigGAN\466_biggan_00085.jpg,1,BigGAN,train
stable_diffusion_v_1_5\200_sdv5_00102.jpg,1,stable_diffusion_v_1_5,train
Nature\n02012849_7974.JPEG,0,Nature,train
stable_diffusion_v_1_5\203_sdv5_00061.jpg,1,stable_diffusion_v_1_5,train
Nature\n01734418_13507.JPEG,0,Nature,train
stable_diffusion_v_1_5\152_sdv5_00054.jpg,1,stable_diffusion_v_1_5,train
stable_diffusion_v_1_5\616_sdv5_00138.jpg,1,stable_diffusion_v_1_5,train
Nature\n02123597_4270.JPEG,0,Nature,train
BigGAN\359_biggan_00143.jpg,1,BigGAN,train
stable_diffusion_v_1_5\088_sdv5_00020.jpg,1,stable_diffusion_v_1_5,train
ADM\962_adm_61.jpg,1,ADM,train
Nature\n01847000_9810.JPEG,0,Nature,train
ADM\229_adm_135.jpg,1,ADM,train
Nature\n01514859_9007.JPEG,0,Nature,train
ADM\915_adm_90.jpg,1,ADM,train
BigGAN\226_biggan_00097.jpg,1,BigGAN,train
ADM\517_adm_71.jpg,1,ADM,train
Nature\n01818515_2904.JPEG,0,Nature,train
stable_diffusion_v_1_5\915_sdv5_00049.jpg,1,stable_diffusion_v_1_5,train
stable_diffusion_v_1_5\480_sdv5_00069.jpg,1,stable_diffusion_v_1_5,train
stable_diffusion_v_1_5\493_sdv5_00109.jpg,1,stable_diffusion_v_1_5,train
BigGAN\408_biggan_00075.jpg,1,BigGAN,train
ADM\936_adm_2.jpg,1,ADM,train
Nature\n01828970_5506.JPEG,0,Nature,train
ADM\358_adm_64.jpg,1,ADM,train
ADM\116_adm_85.jpg,1,ADM,train
stable_diffusion_v_1_5\761_sdv5_00028.jpg,1,stable_diffusion_v_1_5,train
Nature\n01943899_20893.JPEG,0,Nature,train
Nature\n01847000_10216.JPEG,0,Nature,train
Nature\n01514668_19117.JPEG,0,Nature,train
ADM\934_adm_128.jpg,1,ADM,train
Nature\n02027492_549.JPEG,0,Nature,train
ADM\273_adm_168.jpg,1,ADM,train
ADM\595_adm_126.jpg,1,ADM,train
ADM\17_adm_17.jpg,1,ADM,train
BigGAN\024_biggan_00179.jpg,1,BigGAN,train
ADM\529_adm_165.jpg,1,ADM,train
stable_diffusion_v_1_5\703_sdv5_00195.jpg,1,stable_diffusion_v_1_5,train
Nature\n01608432_4764.JPEG,0,Nature,train
BigGAN\756_biggan_00142.jpg,1,BigGAN,train
BigGAN\478_biggan_00127.jpg,1,BigGAN,train
Nature\ILSVRC2012_val_00023804.JPEG,0,Nature,train
BigGAN\895_biggan_00058.jpg,1,BigGAN,train
Nature\n01847000_8470.JPEG,0,Nature,train
ADM\941_adm_30.jpg,1,ADM,train
ADM\168_adm_141.jpg,1,ADM,train
stable_diffusion_v_1_5\278_sdv5_00105.jpg,1,stable_diffusion_v_1_5,train
Nature\n01531178_20037.JPEG,0,Nature,train
Nature\n01514859_10056.JPEG,0,Nature,train
ADM\771_adm_142.jpg,1,ADM,train
Nature\n01950731_18102.JPEG,0,Nature,train
Nature\n01770393_2450.JPEG,0,Nature,train
BigGAN\710_biggan_00058.jpg,1,BigGAN,train
ADM\312_adm_175.jpg,1,ADM,train
BigGAN\577_biggan_00031.jpg,1,BigGAN,train
Nature\ILSVRC2012_val_00038636.JPEG,0,Nature,train
BigGAN\225_biggan_00139.jpg,1,BigGAN,train
Nature\n01774384_4664.JPEG,0,Nature,train
ADM\285_adm_132.jpg,1,ADM,train
BigGAN\355_biggan_00104.jpg,1,BigGAN,train
ADM\788_adm_89.jpg,1,ADM,train
Nature\n01828970_449.JPEG,0,Nature,train
ADM\214_adm_136.jpg,1,ADM,train
ADM\523_adm_175.jpg,1,ADM,train
Nature\n01773157_2859.JPEG,0,Nature,train
ADM\585_adm_69.jpg,1,ADM,train
BigGAN\248_biggan_00139.jpg,1,BigGAN,train
Nature\ILSVRC2012_val_00041548.JPEG,0,Nature,train
BigGAN\452_biggan_00106.jpg,1,BigGAN,train
Nature\ILSVRC2012_val_00040129.JPEG,0,Nature,train
Nature\n02012849_1285.JPEG,0,Nature,train
ADM\870_adm_68.jpg,1,ADM,train
Nature\ILSVRC2012_val_00031456.JPEG,0,Nature,train
ADM\394_adm_171.jpg,1,ADM,train
stable_diffusion_v_1_5\529_sdv5_00020.jpg,1,stable_diffusion_v_1_5,train
BigGAN\180_biggan_00128.jpg,1,BigGAN,train
stable_diffusion_v_1_5\845_sdv5_00156.jpg,1,stable_diffusion_v_1_5,train
ADM\515_adm_3.jpg,1,ADM,train
Nature\n01820546_3648.JPEG,0,Nature,train
Nature\n01729977_5190.JPEG,0,Nature,train
Nature\ILSVRC2012_val_00019172.JPEG,0,Nature,train
stable_diffusion_v_1_5\629_sdv5_00056.jpg,1,stable_diffusion_v_1_5,train
ADM\391_adm_19.jpg,1,ADM,train
BigGAN\357_biggan_00035.jpg,1,BigGAN,train
Nature\n01824575_4563.JPEG,0,Nature,train
Nature\n02028035_8153.JPEG,0,Nature,train
BigGAN\263_biggan_00005.jpg,1,BigGAN,train
BigGAN\247_biggan_00114.jpg,1,BigGAN,train
stable_diffusion_v_1_5\199_sdv5_00033.jpg,1,stable_diffusion_v_1_5,train
Nature\ILSVRC2012_val_00026887.JPEG,0,Nature,train
ADM\692_adm_163.jpg,1,ADM,train
BigGAN\719_biggan_00188.jpg,1,BigGAN,train
stable_diffusion_v_1_5\528_sdv5_00148.jpg,1,stable_diffusion_v_1_5,train
BigGAN\838_biggan_00097.jpg,1,BigGAN,train
Nature\n01773797_7623.JPEG,0,Nature,train
Nature\n03109150_1974.JPEG,0,Nature,train
ADM\720_adm_68.jpg,1,ADM,train
BigGAN\552_biggan_00035.jpg,1,BigGAN,train
stable_diffusion_v_1_5\820_sdv5_00047.jpg,1,stable_diffusion_v_1_5,train
stable_diffusion_v_1_5\258_sdv5_00060.jpg,1,stable_diffusion_v_1_5,train
ADM\174_adm_93.jpg,1,ADM,train
Nature\n01770393_4074.JPEG,0,Nature,train
ADM\953_adm_5.jpg,1,ADM,train
stable_diffusion_v_1_5\498_sdv5_00039.jpg,1,stable_diffusion_v_1_5,train
stable_diffusion_v_1_5\181_sdv5_00084.jpg,1,stable_diffusion_v_1_5,train
BigGAN\159_biggan_00046.jpg,1,BigGAN,train
BigGAN\075_biggan_00020.jpg,1,BigGAN,train
Nature\n01795545_3529.JPEG,0,Nature,train
Nature\n01514859_1678.JPEG,0,Nature,train
BigGAN\428_biggan_00184.jpg,1,BigGAN,train
stable_diffusion_v_1_5\061_sdv5_00193.jpg,1,stable_diffusion_v_1_5,train
Nature\ILSVRC2012_val_00002681.JPEG,0,Nature,train
stable_diffusion_v_1_5\566_sdv5_00054.jpg,1,stable_diffusion_v_1_5,train
ADM\968_adm_189.jpg,1,ADM,train
stable_diffusion_v_1_5\184_sdv5_00135.jpg,1,stable_diffusion_v_1_5,train
Nature\n03676483_22350.JPEG,0,Nature,train
Nature\n02018795_3622.JPEG,0,Nature,train
Nature\n02013706_4786.JPEG,0,Nature,train
Nature\n01770393_20319.JPEG,0,Nature,train
BigGAN\309_biggan_00011.jpg,1,BigGAN,train
Nature\n01644900_4054.JPEG,0,Nature,train
BigGAN\859_biggan_00073.jpg,1,BigGAN,train
ADM\602_adm_125.jpg,1,ADM,train
ADM\448_adm_73.jpg,1,ADM,train
stable_diffusion_v_1_5\283_sdv5_00075.jpg,1,stable_diffusion_v_1_5,train
BigGAN\720_biggan_00030.jpg,1,BigGAN,train
ADM\33_adm_188.jpg,1,ADM,train
BigGAN\853_biggan_00098.jpg,1,BigGAN,train
stable_diffusion_v_1_5\944_sdv5_00195.jpg,1,stable_diffusion_v_1_5,train
stable_diffusion_v_1_5\070_sdv5_00044.jpg,1,stable_diffusion_v_1_5,train
ADM\219_adm_7.jpg,1,ADM,train
Nature\n01883070_2936.JPEG,0,Nature,train
Nature\n02012849_3548.JPEG,0,Nature,train
BigGAN\935_biggan_00101.jpg,1,BigGAN,train
Nature\n01742172_3057.JPEG,0,Nature,train
stable_diffusion_v_1_5\950_sdv5_00012.jpg,1,stable_diffusion_v_1_5,train
BigGAN\521_biggan_00016.jpg,1,BigGAN,train
Nature\n01986214_9877.JPEG,0,Nature,train
stable_diffusion_v_1_5\764_sdv5_00138.jpg,1,stable_diffusion_v_1_5,train
stable_diffusion_v_1_5\388_sdv5_00061.jpg,1,stable_diffusion_v_1_5,train
ADM\983_adm_109.jpg,1,ADM,train
Nature\n01774384_9213.JPEG,0,Nature,train
BigGAN\211_biggan_00154.jpg,1,BigGAN,train
Nature\n03594945_11522.JPEG,0,Nature,train
ADM\130_adm_121.jpg,1,ADM,train
Nature\ILSVRC2012_val_00005890.JPEG,0,Nature,train
Nature\n01667778_14150.JPEG,0,Nature,train
BigGAN\319_biggan_00183.jpg,1,BigGAN,train
Nature\n02051845_3709.JPEG,0,Nature,train
ADM\962_adm_124.jpg,1,ADM,train
BigGAN\896_biggan_00187.jpg,1,BigGAN,train
BigGAN\600_biggan_00143.jpg,1,BigGAN,train
ADM\861_adm_149.jpg,1,ADM,train
Nature\n01955084_4688.JPEG,0,Nature,train
Nature\n01774384_20097.JPEG,0,Nature,train
stable_diffusion_v_1_5\052_sdv5_00037.jpg,1,stable_diffusion_v_1_5,train
Nature\n02088094_7112.JPEG,0,Nature,train
ADM\24_adm_69.jpg,1,ADM,train
stable_diffusion_v_1_5\054_sdv5_00183.jpg,1,stable_diffusion_v_1_5,train
Nature\n01776313_17775.JPEG,0,Nature,train
ADM\887_adm_74.jpg,1,ADM,train
stable_diffusion_v_1_5\278_sdv5_00009.jpg,1,stable_diffusion_v_1_5,train
Nature\n01560419_2363.JPEG,0,Nature,train
Nature\n01773157_7375.JPEG,0,Nature,train
Nature\n01514668_20621.JPEG,0,Nature,train
stable_diffusion_v_1_5\083_sdv5_00000.jpg,1,stable_diffusion_v_1_5,train
stable_diffusion_v_1_5\778_sdv5_00155.jpg,1,stable_diffusion_v_1_5,train
BigGAN\304_biggan_00022.jpg,1,BigGAN,train
ADM\214_adm_34.jpg,1,ADM,train
BigGAN\986_biggan_00110.jpg,1,BigGAN,train
Nature\n02002556_6211.JPEG,0,Nature,train
ADM\73_adm_34.jpg,1,ADM,train
ADM\924_adm_62.jpg,1,ADM,train
Nature\ILSVRC2012_val_00009974.JPEG,0,Nature,train
Nature\n02007558_3574.JPEG,0,Nature,train
stable_diffusion_v_1_5\600_sdv5_00083.jpg,1,stable_diffusion_v_1_5,train
Nature\n01601694_10984.JPEG,0,Nature,train
BigGAN\508_biggan_00070.jpg,1,BigGAN,train
BigGAN\612_biggan_00128.jpg,1,BigGAN,train
BigGAN\251_biggan_00068.jpg,1,BigGAN,train
stable_diffusion_v_1_5\523_sdv5_00100.jpg,1,stable_diffusion_v_1_5,train
Nature\n02325366_8754.JPEG,0,Nature,train
stable_diffusion_v_1_5\762_sdv5_00005.jpg,1,stable_diffusion_v_1_5,train
stable_diffusion_v_1_5\061_sdv5_00043.jpg,1,stable_diffusion_v_1_5,train
BigGAN\600_biggan_00074.jpg,1,BigGAN,train
stable_diffusion_v_1_5\358_sdv5_00037.jpg,1,stable_diffusion_v_1_5,train
Nature\n01774750_1004.JPEG,0,Nature,train
ADM\930_adm_47.jpg,1,ADM,train
Nature\n01531178_12354.JPEG,0,Nature,train
BigGAN\231_biggan_00113.jpg,1,BigGAN,train
Nature\ILSVRC2012_val_00027926.JPEG,0,Nature,train
ADM\464_adm_146.jpg,1,ADM,train
BigGAN\605_biggan_00095.jpg,1,BigGAN,train
Nature\n01829413_6594.JPEG,0,Nature,train
Nature\n01531178_12317.JPEG,0,Nature,train
Nature\n01560419_3108.JPEG,0,Nature,train
BigGAN\704_biggan_00193.jpg,1,BigGAN,train
ADM\909_adm_69.jpg,1,ADM,train
Nature\n01914609_2947.JPEG,0,Nature,train
stable_diffusion_v_1_5\267_sdv5_00152.jpg,1,stable_diffusion_v_1_5,train
BigGAN\496_biggan_00129.jpg,1,BigGAN,train
Nature\n01773797_6304.JPEG,0,Nature,train
Nature\n12985857_14.JPEG,0,Nature,train
Nature\n02058221_7241.JPEG,0,Nature,train
Nature\ILSVRC2012_val_00023438.JPEG,0,Nature,train
BigGAN\807_biggan_00070.jpg,1,BigGAN,train
ADM\323_adm_10.jpg,1,ADM,train
stable_diffusion_v_1_5\447_sdv5_00093.jpg,1,stable_diffusion_v_1_5,train
ADM\139_adm_50.jpg,1,ADM,train
ADM\589_adm_186.jpg,1,ADM,train
stable_diffusion_v_1_5\875_sdv5_00134.jpg,1,stable_diffusion_v_1_5,train
Nature\n01601694_207.JPEG,0,Nature,train
BigGAN\752_biggan_00143.jpg,1,BigGAN,train
stable_diffusion_v_1_5\754_sdv5_00169.jpg,1,stable_diffusion_v_1_5,train
stable_diffusion_v_1_5\195_sdv5_00155.jpg,1,stable_diffusion_v_1_5,train
BigGAN\464_biggan_00079.jpg,1,BigGAN,train
BigGAN\757_biggan_00039.jpg,1,BigGAN,train
BigGAN\831_biggan_00150.jpg,1,BigGAN,train
BigGAN\357_biggan_00007.jpg,1,BigGAN,train
stable_diffusion_v_1_5\496_sdv5_00075.jpg,1,stable_diffusion_v_1_5,train
BigGAN\246_biggan_00031.jpg,1,BigGAN,train
ADM\118_adm_55.jpg,1,ADM,train
stable_diffusion_v_1_5\447_sdv5_00037.jpg,1,stable_diffusion_v_1_5,train
stable_diffusion_v_1_5\687_sdv5_00026.jpg,1,stable_diffusion_v_1_5,train
stable_diffusion_v_1_5\380_sdv5_00009.jpg,1,stable_diffusion_v_1_5,train
ADM\517_adm_116.jpg,1,ADM,train
ADM\983_adm_7.jpg,1,ADM,train
Nature\n02013706_2105.JPEG,0,Nature,train
Nature\n01855672_3211.JPEG,0,Nature,train
BigGAN\228_biggan_00118.jpg,1,BigGAN,train
Nature\n01818515_11804.JPEG,0,Nature,train
BigGAN\343_biggan_00072.jpg,1,BigGAN,train
BigGAN\437_biggan_00010.jpg,1,BigGAN,train
Nature\n01537544_6889.JPEG,0,Nature,train
Nature\n01775062_1712.JPEG,0,Nature,train
BigGAN\479_biggan_00109.jpg,1,BigGAN,train
stable_diffusion_v_1_5\307_sdv5_00051.jpg,1,stable_diffusion_v_1_5,train
Nature\n01833805_515.JPEG,0,Nature,train
ADM\873_adm_84.jpg,1,ADM,train
BigGAN\988_biggan_00101.jpg,1,BigGAN,train
Nature\ILSVRC2012_val_00026050.JPEG,0,Nature,train
ADM\31_adm_6.jpg,1,ADM,train
ADM\268_adm_34.jpg,1,ADM,train
BigGAN\081_biggan_00021.jpg,1,BigGAN,train
ADM\330_adm_7.jpg,1,ADM,train
stable_diffusion_v_1_5\216_sdv5_00043.jpg,1,stable_diffusion_v_1_5,train
Nature\ILSVRC2012_val_00008236.JPEG,0,Nature,train
BigGAN\670_biggan_00149.jpg,1,BigGAN,train
stable_diffusion_v_1_5\300_sdv5_00100.jpg,1,stable_diffusion_v_1_5,train
BigGAN\478_biggan_00169.jpg,1,BigGAN,train
stable_diffusion_v_1_5\312_sdv5_00014.jpg,1,stable_diffusion_v_1_5,train
stable_diffusion_v_1_5\856_sdv5_00128.jpg,1,stable_diffusion_v_1_5,train
Nature\n01877812_5242.JPEG,0,Nature,train
stable_diffusion_v_1_5\907_sdv5_00142.jpg,1,stable_diffusion_v_1_5,train
stable_diffusion_v_1_5\937_sdv5_00009.jpg,1,stable_diffusion_v_1_5,train
Nature\n01847000_15806.JPEG,0,Nature,train
BigGAN\011_biggan_00026.jpg,1,BigGAN,train
ADM\883_adm_25.jpg,1,ADM,train
stable_diffusion_v_1_5\272_sdv5_00020.jpg,1,stable_diffusion_v_1_5,train
Nature\n01622779_3721.JPEG,0,Nature,train
stable_diffusion_v_1_5\848_sdv5_00018.jpg,1,stable_diffusion_v_1_5,train
Nature\n02012849_1286.JPEG,0,Nature,train
Nature\n02138441_278.JPEG,0,Nature,train
Nature\ILSVRC2012_val_00049975.JPEG,0,Nature,train
ADM\676_adm_69.jpg,1,ADM,train
stable_diffusion_v_1_5\321_sdv5_00142.jpg,1,stable_diffusion_v_1_5,train
stable_diffusion_v_1_5\876_sdv5_00187.jpg,1,stable_diffusion_v_1_5,train
ADM\231_adm_45.jpg,1,ADM,train
BigGAN\173_biggan_00179.jpg,1,BigGAN,train
BigGAN\762_biggan_00127.jpg,1,BigGAN,train
ADM\891_adm_63.jpg,1,ADM,train
BigGAN\689_biggan_00107.jpg,1,BigGAN,train
BigGAN\970_biggan_00053.jpg,1,BigGAN,train
ADM\268_adm_60.jpg,1,ADM,train
BigGAN\578_biggan_00143.jpg,1,BigGAN,train
Nature\n01820546_4627.JPEG,0,Nature,train
BigGAN\599_biggan_00012.jpg,1,BigGAN,train
Nature\n02037110_3786.JPEG,0,Nature,train
ADM\646_adm_71.jpg,1,ADM,train
Nature\ILSVRC2012_val_00011267.JPEG,0,Nature,train
Nature\n01514668_17997.JPEG,0,Nature,train
Nature\n01833805_2539.JPEG,0,Nature,train
stable_diffusion_v_1_5\142_sdv5_00189.jpg,1,stable_diffusion_v_1_5,train
ADM\885_adm_88.jpg,1,ADM,train
ADM\620_adm_41.jpg,1,ADM,train
stable_diffusion_v_1_5\856_sdv5_00003.jpg,1,stable_diffusion_v_1_5,train
BigGAN\502_biggan_00183.jpg,1,BigGAN,train
stable_diffusion_v_1_5\603_sdv5_00017.jpg,1,stable_diffusion_v_1_5,train
BigGAN\408_biggan_00020.jpg,1,BigGAN,train
ADM\749_adm_159.jpg,1,ADM,train
BigGAN\187_biggan_00097.jpg,1,BigGAN,train
stable_diffusion_v_1_5\112_sdv5_00198.jpg,1,stable_diffusion_v_1_5,train
Nature\n02006656_1726.JPEG,0,Nature,train
BigGAN\975_biggan_00150.jpg,1,BigGAN,train
Nature\n01514668_23006.JPEG,0,Nature,train
ADM\162_adm_11.jpg,1,ADM,train
stable_diffusion_v_1_5\670_sdv5_00198.jpg,1,stable_diffusion_v_1_5,train
BigGAN\702_biggan_00039.jpg,1,BigGAN,train
Nature\n01806143_8821.JPEG,0,Nature,train
ADM\742_adm_80.jpg,1,ADM,train
ADM\585_adm_45.jpg,1,ADM,train
stable_diffusion_v_1_5\020_sdv5_00132.jpg,1,stable_diffusion_v_1_5,train
Nature\n01798484_7410.JPEG,0,Nature,train
stable_diffusion_v_1_5\206_sdv5_00122.jpg,1,stable_diffusion_v_1_5,train
Nature\n01847000_14150.JPEG,0,Nature,train
Nature\n01514668_10921.JPEG,0,Nature,train
BigGAN\864_biggan_00191.jpg,1,BigGAN,train
Nature\ILSVRC2012_val_00014192.JPEG,0,Nature,train
stable_diffusion_v_1_5\756_sdv5_00034.jpg,1,stable_diffusion_v_1_5,train
Nature\n01773157_1633.JPEG,0,Nature,train
stable_diffusion_v_1_5\329_sdv5_00155.jpg,1,stable_diffusion_v_1_5,train
ADM\106_adm_143.jpg,1,ADM,train
Nature\n01818515_5551.JPEG,0,Nature,train
ADM\337_adm_34.jpg,1,ADM,train
BigGAN\353_biggan_00141.jpg,1,BigGAN,train
ADM\24_adm_56.jpg,1,ADM,train
stable_diffusion_v_1_5\560_sdv5_00091.jpg,1,stable_diffusion_v_1_5,train
Nature\n01592084_5453.JPEG,0,Nature,train
Nature\n01944390_2099.JPEG,0,Nature,train
Nature\n01775062_5791.JPEG,0,Nature,train
BigGAN\121_biggan_00095.jpg,1,BigGAN,train
ADM\903_adm_44.jpg,1,ADM,train
BigGAN\990_biggan_00118.jpg,1,BigGAN,train
BigGAN\528_biggan_00127.jpg,1,BigGAN,train
BigGAN\725_biggan_00035.jpg,1,BigGAN,train
BigGAN\921_biggan_00178.jpg,1,BigGAN,train
Nature\n03930313_8146.JPEG,0,Nature,train
Nature\n02013706_613.JPEG,0,Nature,train
stable_diffusion_v_1_5\722_sdv5_00026.jpg,1,stable_diffusion_v_1_5,train
Nature\n02058221_763.JPEG,0,Nature,train
Nature\n01693334_14961.JPEG,0,Nature,train
Nature\n02233338_4808.JPEG,0,Nature,train
BigGAN\298_biggan_00179.jpg,1,BigGAN,train
Nature\n02276258_8604.JPEG,0,Nature,train
BigGAN\049_biggan_00134.jpg,1,BigGAN,train
BigGAN\826_biggan_00020.jpg,1,BigGAN,train
BigGAN\008_biggan_00039.jpg,1,BigGAN,train
Nature\n01770393_1443.JPEG,0,Nature,train
Nature\n01944390_20670.JPEG,0,Nature,train
Nature\ILSVRC2012_val_00038901.JPEG,0,Nature,train
ADM\728_adm_49.jpg,1,ADM,train
Nature\n02028035_12462.JPEG,0,Nature,train
stable_diffusion_v_1_5\829_sdv5_00083.jpg,1,stable_diffusion_v_1_5,train
stable_diffusion_v_1_5\747_sdv5_00081.jpg,1,stable_diffusion_v_1_5,train
ADM\312_adm_115.jpg,1,ADM,train
BigGAN\276_biggan_00123.jpg,1,BigGAN,train
Nature\ILSVRC2012_val_00013808.JPEG,0,Nature,train
stable_diffusion_v_1_5\353_sdv5_00190.jpg,1,stable_diffusion_v_1_5,train
stable_diffusion_v_1_5\082_sdv5_00003.jpg,1,stable_diffusion_v_1_5,train
BigGAN\374_biggan_00149.jpg,1,BigGAN,train
BigGAN\059_biggan_00049.jpg,1,BigGAN,train
ADM\930_adm_153.jpg,1,ADM,train
stable_diffusion_v_1_5\905_sdv5_00024.jpg,1,stable_diffusion_v_1_5,train
ADM\851_adm_183.jpg,1,ADM,train
BigGAN\505_biggan_00139.jpg,1,BigGAN,train
Nature\n01828970_4152.JPEG,0,Nature,train
ADM\350_adm_168.jpg,1,ADM,train
Nature\n01773549_923.JPEG,0,Nature,train
ADM\46_adm_134.jpg,1,ADM,train
stable_diffusion_v_1_5\711_sdv5_00191.jpg,1,stable_diffusion_v_1_5,train
Nature\n01729977_5898.JPEG,0,Nature,train
BigGAN\408_biggan_00013.jpg,1,BigGAN,train
Nature\n01930112_1027.JPEG,0,Nature,train
stable_diffusion_v_1_5\127_sdv5_00195.jpg,1,stable_diffusion_v_1_5,train
stable_diffusion_v_1_5\288_sdv5_00094.jpg,1,stable_diffusion_v_1_5,train
BigGAN\085_biggan_00132.jpg,1,BigGAN,train
stable_diffusion_v_1_5\634_sdv5_00077.jpg,1,stable_diffusion_v_1_5,train
Nature\n01664065_16287.JPEG,0,Nature,train
Nature\n01729322_1816.JPEG,0,Nature,train
stable_diffusion_v_1_5\729_sdv5_00129.jpg,1,stable_diffusion_v_1_5,train
Nature\n01775062_4020.JPEG,0,Nature,train
BigGAN\654_biggan_00130.jpg,1,BigGAN,train
BigGAN\885_biggan_00183.jpg,1,BigGAN,train
stable_diffusion_v_1_5\252_sdv5_00032.jpg,1,stable_diffusion_v_1_5,train
BigGAN\396_biggan_00051.jpg,1,BigGAN,train
stable_diffusion_v_1_5\053_sdv5_00100.jpg,1,stable_diffusion_v_1_5,train
BigGAN\027_biggan_00032.jpg,1,BigGAN,train
Nature\n01774384_6562.JPEG,0,Nature,train
ADM\493_adm_174.jpg,1,ADM,train
ADM\593_adm_34.jpg,1,ADM,train
Nature\n01944390_20330.JPEG,0,Nature,train
BigGAN\467_biggan_00091.jpg,1,BigGAN,train
BigGAN\373_biggan_00056.jpg,1,BigGAN,train
ADM\687_adm_90.jpg,1,ADM,train
BigGAN\654_biggan_00023.jpg,1,BigGAN,train
BigGAN\604_biggan_00067.jpg,1,BigGAN,train
Nature\n01742172_4260.JPEG,0,Nature,train
BigGAN\254_biggan_00020.jpg,1,BigGAN,train
Nature\n01614925_7734.JPEG,0,Nature,train
ADM\381_adm_85.jpg,1,ADM,train
ADM\280_adm_143.jpg,1,ADM,train
stable_diffusion_v_1_5\681_sdv5_00179.jpg,1,stable_diffusion_v_1_5,train
ADM\220_adm_73.jpg,1,ADM,train
ADM\851_adm_34.jpg,1,ADM,train
Nature\n01698640_4059.JPEG,0,Nature,train
ADM\871_adm_162.jpg,1,ADM,train
stable_diffusion_v_1_5\941_sdv5_00117.jpg,1,stable_diffusion_v_1_5,train
BigGAN\795_biggan_00020.jpg,1,BigGAN,train
stable_diffusion_v_1_5\641_sdv5_00045.jpg,1,stable_diffusion_v_1_5,train
stable_diffusion_v_1_5\515_sdv5_00186.jpg,1,stable_diffusion_v_1_5,train
BigGAN\051_biggan_00020.jpg,1,BigGAN,train
BigGAN\589_biggan_00143.jpg,1,BigGAN,train
Nature\ILSVRC2012_val_00045629.JPEG,0,Nature,train
Nature\n02190166_3636.JPEG,0,Nature,train
BigGAN\390_biggan_00143.jpg,1,BigGAN,train
BigGAN\348_biggan_00005.jpg,1,BigGAN,train
stable_diffusion_v_1_5\561_sdv5_00035.jpg,1,stable_diffusion_v_1_5,train
BigGAN\746_biggan_00035.jpg,1,BigGAN,train
BigGAN\360_biggan_00124.jpg,1,BigGAN,train
stable_diffusion_v_1_5\393_sdv5_00017.jpg,1,stable_diffusion_v_1_5,train
BigGAN\441_biggan_00106.jpg,1,BigGAN,train
ADM\825_adm_1.jpg,1,ADM,train
stable_diffusion_v_1_5\387_sdv5_00003.jpg,1,stable_diffusion_v_1_5,train
Nature\ILSVRC2012_val_00017756.JPEG,0,Nature,train
Nature\ILSVRC2012_val_00002170.JPEG,0,Nature,train
stable_diffusion_v_1_5\047_sdv5_00039.jpg,1,stable_diffusion_v_1_5,train
stable_diffusion_v_1_5\750_sdv5_00007.jpg,1,stable_diffusion_v_1_5,train
ADM\70_adm_83.jpg,1,ADM,train
Nature\n01968897_911.JPEG,0,Nature,train
Nature\ILSVRC2012_val_00038600.JPEG,0,Nature,train
Nature\ILSVRC2012_val_00016580.JPEG,0,Nature,train
Nature\n01950731_15750.JPEG,0,Nature,train
ADM\526_adm_153.jpg,1,ADM,train
Nature\n01494475_6753.JPEG,0,Nature,train
ADM\10_adm_115.jpg,1,ADM,train
ADM\351_adm_5.jpg,1,ADM,train
stable_diffusion_v_1_5\504_sdv5_00100.jpg,1,stable_diffusion_v_1_5,train
BigGAN\472_biggan_00105.jpg,1,BigGAN,train
ADM\328_adm_189.jpg,1,ADM,train
BigGAN\937_biggan_00127.jpg,1,BigGAN,train
ADM\329_adm_55.jpg,1,ADM,train
Nature\n01855672_2910.JPEG,0,Nature,train
BigGAN\734_biggan_00020.jpg,1,BigGAN,train
BigGAN\520_biggan_00070.jpg,1,BigGAN,train
Nature\n01728572_2793.JPEG,0,Nature,train
Nature\n01819313_4419.JPEG,0,Nature,train
Nature\ILSVRC2012_val_00005721.JPEG,0,Nature,train
Nature\n02013706_2276.JPEG,0,Nature,train
stable_diffusion_v_1_5\956_sdv5_00034.jpg,1,stable_diffusion_v_1_5,train
stable_diffusion_v_1_5\529_sdv5_00005.jpg,1,stable_diffusion_v_1_5,train
BigGAN\169_biggan_00119.jpg,1,BigGAN,train
stable_diffusion_v_1_5\496_sdv5_00135.jpg,1,stable_diffusion_v_1_5,train
BigGAN\650_biggan_00198.jpg,1,BigGAN,train
ADM\955_adm_34.jpg,1,ADM,train
stable_diffusion_v_1_5\072_sdv5_00124.jpg,1,stable_diffusion_v_1_5,train
BigGAN\854_biggan_00136.jpg,1,BigGAN,train
stable_diffusion_v_1_5\019_sdv5_00086.jpg,1,stable_diffusion_v_1_5,train
stable_diffusion_v_1_5\010_sdv5_00135.jpg,1,stable_diffusion_v_1_5,train
BigGAN\357_biggan_00039.jpg,1,BigGAN,train
BigGAN\326_biggan_00144.jpg,1,BigGAN,train
Nature\n01833805_907.JPEG,0,Nature,train
Nature\n01883070_8688.JPEG,0,Nature,train
Nature\n01677366_8678.JPEG,0,Nature,train
BigGAN\451_biggan_00181.jpg,1,BigGAN,train
BigGAN\638_biggan_00062.jpg,1,BigGAN,train
Nature\n01531178_22575.JPEG,0,Nature,train
BigGAN\913_biggan_00076.jpg,1,BigGAN,train
ADM\134_adm_44.jpg,1,ADM,train
ADM\436_adm_171.jpg,1,ADM,train
BigGAN\660_biggan_00033.jpg,1,BigGAN,train
BigGAN\168_biggan_00073.jpg,1,BigGAN,train
ADM\9_adm_134.jpg,1,ADM,train
BigGAN\815_biggan_00149.jpg,1,BigGAN,train
stable_diffusion_v_1_5\009_sdv5_00020.jpg,1,stable_diffusion_v_1_5,train
Nature\n01770393_11035.JPEG,0,Nature,train
Nature\n01944390_18539.JPEG,0,Nature,train
Nature\n02012849_785.JPEG,0,Nature,train
ADM\525_adm_136.jpg,1,ADM,train
Nature\n01695060_4573.JPEG,0,Nature,train
ADM\709_adm_118.jpg,1,ADM,train
Nature\n01820546_753.JPEG,0,Nature,train
Nature\n02028035_27919.JPEG,0,Nature,train
Nature\n01531178_6062.JPEG,0,Nature,train
BigGAN\582_biggan_00006.jpg,1,BigGAN,train
Nature\n01860187_11163.JPEG,0,Nature,train
ADM\656_adm_7.jpg,1,ADM,train
BigGAN\134_biggan_00020.jpg,1,BigGAN,train
ADM\678_adm_185.jpg,1,ADM,train
stable_diffusion_v_1_5\195_sdv5_00169.jpg,1,stable_diffusion_v_1_5,train
stable_diffusion_v_1_5\254_sdv5_00119.jpg,1,stable_diffusion_v_1_5,train
Nature\n01773797_1155.JPEG,0,Nature,train
stable_diffusion_v_1_5\333_sdv5_00161.jpg,1,stable_diffusion_v_1_5,train
BigGAN\218_biggan_00007.jpg,1,BigGAN,train
BigGAN\206_biggan_00076.jpg,1,BigGAN,train
stable_diffusion_v_1_5\069_sdv5_00009.jpg,1,stable_diffusion_v_1_5,train
ADM\580_adm_85.jpg,1,ADM,train
Nature\n01560419_6161.JPEG,0,Nature,train
ADM\994_adm_1.jpg,1,ADM,train
stable_diffusion_v_1_5\161_sdv5_00169.jpg,1,stable_diffusion_v_1_5,train
ADM\674_adm_174.jpg,1,ADM,train
ADM\862_adm_32.jpg,1,ADM,train
BigGAN\179_biggan_00115.jpg,1,BigGAN,train
ADM\837_adm_131.jpg,1,ADM,train
ADM\617_adm_56.jpg,1,ADM,train
stable_diffusion_v_1_5\620_sdv5_00180.jpg,1,stable_diffusion_v_1_5,train
ADM\896_adm_80.jpg,1,ADM,train
stable_diffusion_v_1_5\492_sdv5_00066.jpg,1,stable_diffusion_v_1_5,train
BigGAN\489_biggan_00107.jpg,1,BigGAN,train
Nature\n01582220_8445.JPEG,0,Nature,train
Nature\n01833805_8797.JPEG,0,Nature,train
stable_diffusion_v_1_5\001_sdv5_00188.jpg,1,stable_diffusion_v_1_5,train
BigGAN\006_biggan_00005.jpg,1,BigGAN,train
stable_diffusion_v_1_5\488_sdv5_00110.jpg,1,stable_diffusion_v_1_5,train
BigGAN\939_biggan_00131.jpg,1,BigGAN,train
BigGAN\212_biggan_00097.jpg,1,BigGAN,train
ADM\415_adm_164.jpg,1,ADM,train
BigGAN\883_biggan_00096.jpg,1,BigGAN,train
Nature\n02013706_6972.JPEG,0,Nature,train
ADM\39_adm_71.jpg,1,ADM,train
BigGAN\733_biggan_00044.jpg,1,BigGAN,train
ADM\976_adm_62.jpg,1,ADM,train
ADM\512_adm_66.jpg,1,ADM,train
ADM\512_adm_185.jpg,1,ADM,train
stable_diffusion_v_1_5\169_sdv5_00183.jpg,1,stable_diffusion_v_1_5,train
stable_diffusion_v_1_5\345_sdv5_00196.jpg,1,stable_diffusion_v_1_5,train
stable_diffusion_v_1_5\003_sdv5_00037.jpg,1,stable_diffusion_v_1_5,train
ADM\832_adm_165.jpg,1,ADM,train
stable_diffusion_v_1_5\217_sdv5_00178.jpg,1,stable_diffusion_v_1_5,train
BigGAN\612_biggan_00035.jpg,1,BigGAN,train
stable_diffusion_v_1_5\580_sdv5_00091.jpg,1,stable_diffusion_v_1_5,train
stable_diffusion_v_1_5\883_sdv5_00163.jpg,1,stable_diffusion_v_1_5,train
ADM\668_adm_122.jpg,1,ADM,train
Nature\n01601694_11700.JPEG,0,Nature,train
BigGAN\285_biggan_00010.jpg,1,BigGAN,train
ADM\181_adm_101.jpg,1,ADM,train
BigGAN\423_biggan_00059.jpg,1,BigGAN,train
stable_diffusion_v_1_5\580_sdv5_00100.jpg,1,stable_diffusion_v_1_5,train
ADM\617_adm_18.jpg,1,ADM,train
ADM\832_adm_34.jpg,1,ADM,train
stable_diffusion_v_1_5\406_sdv5_00187.jpg,1,stable_diffusion_v_1_5,train
BigGAN\759_biggan_00162.jpg,1,BigGAN,train
Nature\ILSVRC2012_val_00036015.JPEG,0,Nature,train
Nature\n02051845_736.JPEG,0,Nature,train
stable_diffusion_v_1_5\082_sdv5_00039.jpg,1,stable_diffusion_v_1_5,train
ADM\357_adm_131.jpg,1,ADM,train
Nature\ILSVRC2012_val_00038159.JPEG,0,Nature,train
Nature\n01820546_3679.JPEG,0,Nature,train
stable_diffusion_v_1_5\427_sdv5_00027.jpg,1,stable_diffusion_v_1_5,train
ADM\197_adm_48.jpg,1,ADM,train
ADM\794_adm_90.jpg,1,ADM,train
ADM\586_adm_51.jpg,1,ADM,train
stable_diffusion_v_1_5\882_sdv5_00161.jpg,1,stable_diffusion_v_1_5,train
Nature\n01855672_5020.JPEG,0,Nature,train
Nature\n01818515_4581.JPEG,0,Nature,train
stable_diffusion_v_1_5\357_sdv5_00167.jpg,1,stable_diffusion_v_1_5,train
stable_diffusion_v_1_5\762_sdv5_00035.jpg,1,stable_diffusion_v_1_5,train
ADM\15_adm_75.jpg,1,ADM,train
stable_diffusion_v_1_5\213_sdv5_00066.jpg,1,stable_diffusion_v_1_5,train
Nature\n01514668_5115.JPEG,0,Nature,train
Nature\n02119022_1986.JPEG,0,Nature,train
BigGAN\249_biggan_00143.jpg,1,BigGAN,train
Nature\n01770081_12213.JPEG,0,Nature,train
Nature\n01944390_1646.JPEG,0,Nature,train
Nature\n01514859_12397.JPEG,0,Nature,train
stable_diffusion_v_1_5\876_sdv5_00066.jpg,1,stable_diffusion_v_1_5,train
ADM\591_adm_153.jpg,1,ADM,train
Nature\n02165105_2146.JPEG,0,Nature,train
stable_diffusion_v_1_5\492_sdv5_00089.jpg,1,stable_diffusion_v_1_5,train
stable_diffusion_v_1_5\954_sdv5_00005.jpg,1,stable_diffusion_v_1_5,train
ADM\919_adm_148.jpg,1,ADM,train
Nature\n01828970_6405.JPEG,0,Nature,train
ADM\721_adm_1.jpg,1,ADM,train
Nature\ILSVRC2012_val_00043516.JPEG,0,Nature,train
Nature\n01860187_2529.JPEG,0,Nature,train
Nature\n01955084_9252.JPEG,0,Nature,train
BigGAN\384_biggan_00127.jpg,1,BigGAN,train
Nature\ILSVRC2012_val_00004613.JPEG,0,Nature,train
Nature\n01773549_2964.JPEG,0,Nature,train
Nature\ILSVRC2012_val_00027363.JPEG,0,Nature,train
stable_diffusion_v_1_5\581_sdv5_00037.jpg,1,stable_diffusion_v_1_5,train
Nature\n01622779_3537.JPEG,0,Nature,train
stable_diffusion_v_1_5\251_sdv5_00121.jpg,1,stable_diffusion_v_1_5,train
ADM\207_adm_92.jpg,1,ADM,train
Nature\n01944390_3435.JPEG,0,Nature,train
BigGAN\176_biggan_00051.jpg,1,BigGAN,train
Nature\n01496331_5744.JPEG,0,Nature,train
stable_diffusion_v_1_5\447_sdv5_00081.jpg,1,stable_diffusion_v_1_5,train
Nature\n01560419_3272.JPEG,0,Nature,train
Nature\n01753488_10951.JPEG,0,Nature,train
ADM\715_adm_68.jpg,1,ADM,train
Nature\n01514668_20376.JPEG,0,Nature,train
Nature\n02012849_261.JPEG,0,Nature,train
Nature\ILSVRC2012_val_00022806.JPEG,0,Nature,train
BigGAN\289_biggan_00095.jpg,1,BigGAN,train
Nature\n02018795_2381.JPEG,0,Nature,train
BigGAN\445_biggan_00074.jpg,1,BigGAN,train
ADM\490_adm_174.jpg,1,ADM,train
BigGAN\834_biggan_00006.jpg,1,BigGAN,train
stable_diffusion_v_1_5\414_sdv5_00172.jpg,1,stable_diffusion_v_1_5,train
Nature\n03786901_8596.JPEG,0,Nature,train
BigGAN\757_biggan_00140.jpg,1,BigGAN,train
stable_diffusion_v_1_5\572_sdv5_00007.jpg,1,stable_diffusion_v_1_5,train
ADM\343_adm_181.jpg,1,ADM,train
stable_diffusion_v_1_5\666_sdv5_00100.jpg,1,stable_diffusion_v_1_5,train
stable_diffusion_v_1_5\694_sdv5_00144.jpg,1,stable_diffusion_v_1_5,train
stable_diffusion_v_1_5\415_sdv5_00020.jpg,1,stable_diffusion_v_1_5,train
Nature\n01687978_1455.JPEG,0,Nature,train
BigGAN\837_biggan_00074.jpg,1,BigGAN,train
Nature\n01608432_5713.JPEG,0,Nature,train
BigGAN\615_biggan_00148.jpg,1,BigGAN,train
Nature\ILSVRC2012_val_00001751.JPEG,0,Nature,train
Nature\n01820546_3945.JPEG,0,Nature,train
BigGAN\380_biggan_00035.jpg,1,BigGAN,train
ADM\451_adm_162.jpg,1,ADM,train
Nature\n04592741_1903.JPEG,0,Nature,train
stable_diffusion_v_1_5\346_sdv5_00100.jpg,1,stable_diffusion_v_1_5,train
Nature\ILSVRC2012_val_00011489.JPEG,0,Nature,train
BigGAN\989_biggan_00102.jpg,1,BigGAN,train
Nature\n04277352_6161.JPEG,0,Nature,train
ADM\126_adm_85.jpg,1,ADM,train
BigGAN\516_biggan_00002.jpg,1,BigGAN,train
Nature\n01796340_9843.JPEG,0,Nature,train
stable_diffusion_v_1_5\314_sdv5_00086.jpg,1,stable_diffusion_v_1_5,train
Nature\n01824575_4078.JPEG,0,Nature,train
stable_diffusion_v_1_5\360_sdv5_00060.jpg,1,stable_diffusion_v_1_5,train
Nature\n01514859_8886.JPEG,0,Nature,train
stable_diffusion_v_1_5\731_sdv5_00144.jpg,1,stable_diffusion_v_1_5,train
BigGAN\379_biggan_00145.jpg,1,BigGAN,train
Nature\ILSVRC2012_val_00008756.JPEG,0,Nature,train
BigGAN\480_biggan_00114.jpg,1,BigGAN,train
BigGAN\831_biggan_00021.jpg,1,BigGAN,train
ADM\926_adm_16.jpg,1,ADM,train
Nature\ILSVRC2012_val_00000414.JPEG,0,Nature,train
Nature\n01833805_7428.JPEG,0,Nature,train
Nature\n02028035_3221.JPEG,0,Nature,train
ADM\637_adm_190.jpg,1,ADM,train
stable_diffusion_v_1_5\066_sdv5_00027.jpg,1,stable_diffusion_v_1_5,train
Nature\n04505470_5092.JPEG,0,Nature,train
stable_diffusion_v_1_5\203_sdv5_00021.jpg,1,stable_diffusion_v_1_5,train
BigGAN\887_biggan_00137.jpg,1,BigGAN,train
stable_diffusion_v_1_5\177_sdv5_00184.jpg,1,stable_diffusion_v_1_5,train
BigGAN\221_biggan_00085.jpg,1,BigGAN,train
ADM\309_adm_120.jpg,1,ADM,train
stable_diffusion_v_1_5\909_sdv5_00195.jpg,1,stable_diffusion_v_1_5,train
ADM\481_adm_147.jpg,1,ADM,train
Nature\n02037110_1201.JPEG,0,Nature,train
stable_diffusion_v_1_5\141_sdv5_00026.jpg,1,stable_diffusion_v_1_5,train
Nature\n04548362_7007.JPEG,0,Nature,train
ADM\884_adm_112.jpg,1,ADM,train
Nature\n01806143_7042.JPEG,0,Nature,train
Nature\n02018207_1562.JPEG,0,Nature,train
Nature\n01608432_883.JPEG,0,Nature,train
stable_diffusion_v_1_5\336_sdv5_00097.jpg,1,stable_diffusion_v_1_5,train
ADM\391_adm_0.jpg,1,ADM,train
Nature\n01924916_7069.JPEG,0,Nature,train
Nature\n01775062_3985.JPEG,0,Nature,train
stable_diffusion_v_1_5\859_sdv5_00055.jpg,1,stable_diffusion_v_1_5,train
stable_diffusion_v_1_5\080_sdv5_00150.jpg,1,stable_diffusion_v_1_5,train
BigGAN\079_biggan_00097.jpg,1,BigGAN,train
Nature\n01514859_11406.JPEG,0,Nature,train
BigGAN\428_biggan_00103.jpg,1,BigGAN,train
stable_diffusion_v_1_5\065_sdv5_00003.jpg,1,stable_diffusion_v_1_5,train
BigGAN\120_biggan_00118.jpg,1,BigGAN,train
BigGAN\609_biggan_00006.jpg,1,BigGAN,train
ADM\120_adm_85.jpg,1,ADM,train
ADM\605_adm_106.jpg,1,ADM,train
BigGAN\789_biggan_00134.jpg,1,BigGAN,train
Nature\n01843383_6461.JPEG,0,Nature,train
BigGAN\819_biggan_00127.jpg,1,BigGAN,train
stable_diffusion_v_1_5\322_sdv5_00039.jpg,1,stable_diffusion_v_1_5,train
Nature\n01828970_10670.JPEG,0,Nature,train
Nature\ILSVRC2012_val_00014256.JPEG,0,Nature,train
Nature\n01806143_240.JPEG,0,Nature,train
stable_diffusion_v_1_5\577_sdv5_00105.jpg,1,stable_diffusion_v_1_5,train
BigGAN\186_biggan_00040.jpg,1,BigGAN,train
Nature\n01930112_11382.JPEG,0,Nature,train
stable_diffusion_v_1_5\410_sdv5_00195.jpg,1,stable_diffusion_v_1_5,train
stable_diffusion_v_1_5\019_sdv5_00060.jpg,1,stable_diffusion_v_1_5,train
BigGAN\524_biggan_00017.jpg,1,BigGAN,train
ADM\166_adm_12.jpg,1,ADM,train
Nature\n01828970_8238.JPEG,0,Nature,train
Nature\n01820546_3811.JPEG,0,Nature,train
BigGAN\399_biggan_00070.jpg,1,BigGAN,train
BigGAN\089_biggan_00159.jpg,1,BigGAN,train
BigGAN\995_biggan_00128.jpg,1,BigGAN,train
BigGAN\834_biggan_00030.jpg,1,BigGAN,train
stable_diffusion_v_1_5\723_sdv5_00027.jpg,1,stable_diffusion_v_1_5,train
stable_diffusion_v_1_5\058_sdv5_00027.jpg,1,stable_diffusion_v_1_5,train
Nature\n01693334_10342.JPEG,0,Nature,train
BigGAN\160_biggan_00178.jpg,1,BigGAN,train
stable_diffusion_v_1_5\738_sdv5_00002.jpg,1,stable_diffusion_v_1_5,train
stable_diffusion_v_1_5\681_sdv5_00193.jpg,1,stable_diffusion_v_1_5,train
BigGAN\310_biggan_00165.jpg,1,BigGAN,train
BigGAN\105_biggan_00143.jpg,1,BigGAN,train
BigGAN\426_biggan_00067.jpg,1,BigGAN,train
Nature\n02011460_7810.JPEG,0,Nature,train
BigGAN\569_biggan_00056.jpg,1,BigGAN,train
Nature\ILSVRC2012_val_00019745.JPEG,0,Nature,train
Nature\n01770393_21405.JPEG,0,Nature,train
BigGAN\431_biggan_00020.jpg,1,BigGAN,train
BigGAN\373_biggan_00097.jpg,1,BigGAN,train
stable_diffusion_v_1_5\886_sdv5_00128.jpg,1,stable_diffusion_v_1_5,train
ADM\432_adm_79.jpg,1,ADM,train
BigGAN\728_biggan_00127.jpg,1,BigGAN,train
ADM\630_adm_125.jpg,1,ADM,train
ADM\728_adm_85.jpg,1,ADM,train
Nature\n01774384_20459.JPEG,0,Nature,train
BigGAN\790_biggan_00064.jpg,1,BigGAN,train
stable_diffusion_v_1_5\391_sdv5_00073.jpg,1,stable_diffusion_v_1_5,train
ADM\721_adm_57.jpg,1,ADM,train
Nature\n02002556_4008.JPEG,0,Nature,train
Nature\n01537544_8726.JPEG,0,Nature,train
Nature\ILSVRC2012_val_00023964.JPEG,0,Nature,train
Nature\n01984695_38181.JPEG,0,Nature,train
stable_diffusion_v_1_5\970_sdv5_00070.jpg,1,stable_diffusion_v_1_5,train
BigGAN\683_biggan_00098.jpg,1,BigGAN,train
ADM\551_adm_135.jpg,1,ADM,train
Nature\n02002556_401.JPEG,0,Nature,train
Nature\n01773797_4639.JPEG,0,Nature,train
ADM\195_adm_174.jpg,1,ADM,train
BigGAN\277_biggan_00059.jpg,1,BigGAN,train
Nature\n02007558_4994.JPEG,0,Nature,train
stable_diffusion_v_1_5\678_sdv5_00036.jpg,1,stable_diffusion_v_1_5,train
Nature\n01622779_1202.JPEG,0,Nature,train
BigGAN\544_biggan_00154.jpg,1,BigGAN,train
BigGAN\979_biggan_00127.jpg,1,BigGAN,train
stable_diffusion_v_1_5\472_sdv5_00100.jpg,1,stable_diffusion_v_1_5,train
BigGAN\805_biggan_00073.jpg,1,BigGAN,train
stable_diffusion_v_1_5\277_sdv5_00182.jpg,1,stable_diffusion_v_1_5,train
Nature\n01592084_5958.JPEG,0,Nature,train
ADM\904_adm_18.jpg,1,ADM,train
stable_diffusion_v_1_5\667_sdv5_00020.jpg,1,stable_diffusion_v_1_5,train
Nature\n01608432_8472.JPEG,0,Nature,train
ADM\17_adm_20.jpg,1,ADM,train
Nature\n01950731_7963.JPEG,0,Nature,train
Nature\n01514859_7606.JPEG,0,Nature,train
stable_diffusion_v_1_5\043_sdv5_00003.jpg,1,stable_diffusion_v_1_5,train
BigGAN\592_biggan_00152.jpg,1,BigGAN,train
Nature\n02018207_6170.JPEG,0,Nature,train
BigGAN\369_biggan_00026.jpg,1,BigGAN,train
Nature\ILSVRC2012_val_00034176.JPEG,0,Nature,train
stable_diffusion_v_1_5\541_sdv5_00195.jpg,1,stable_diffusion_v_1_5,train
Nature\n02095570_12523.JPEG,0,Nature,train
ADM\92_adm_146.jpg,1,ADM,train
Nature\n01943899_19597.JPEG,0,Nature,train
Nature\n01985128_19116.JPEG,0,Nature,train
stable_diffusion_v_1_5\040_sdv5_00100.jpg,1,stable_diffusion_v_1_5,train
Nature\n02002556_2038.JPEG,0,Nature,train
BigGAN\524_biggan_00070.jpg,1,BigGAN,train
stable_diffusion_v_1_5\254_sdv5_00010.jpg,1,stable_diffusion_v_1_5,train
BigGAN\673_biggan_00106.jpg,1,BigGAN,train
ADM\720_adm_104.jpg,1,ADM,train
BigGAN\959_biggan_00089.jpg,1,BigGAN,train
ADM\721_adm_7.jpg,1,ADM,train
BigGAN\142_biggan_00111.jpg,1,BigGAN,train
BigGAN\549_biggan_00075.jpg,1,BigGAN,train
Nature\ILSVRC2012_val_00028208.JPEG,0,Nature,train
Nature\n01755581_9486.JPEG,0,Nature,train
stable_diffusion_v_1_5\704_sdv5_00191.jpg,1,stable_diffusion_v_1_5,train
stable_diffusion_v_1_5\772_sdv5_00105.jpg,1,stable_diffusion_v_1_5,train
stable_diffusion_v_1_5\512_sdv5_00073.jpg,1,stable_diffusion_v_1_5,train
Nature\n01774750_13425.JPEG,0,Nature,train
Nature\n01514859_2287.JPEG,0,Nature,train
BigGAN\656_biggan_00182.jpg,1,BigGAN,train
BigGAN\185_biggan_00076.jpg,1,BigGAN,train
Nature\n01751748_3227.JPEG,0,Nature,train
stable_diffusion_v_1_5\247_sdv5_00047.jpg,1,stable_diffusion_v_1_5,train
Nature\ILSVRC2012_val_00039634.JPEG,0,Nature,train
stable_diffusion_v_1_5\530_sdv5_00150.jpg,1,stable_diffusion_v_1_5,train
stable_diffusion_v_1_5\268_sdv5_00055.jpg,1,stable_diffusion_v_1_5,train
Nature\n01774750_11746.JPEG,0,Nature,train
Nature\ILSVRC2012_val_00008221.JPEG,0,Nature,train
ADM\925_adm_155.jpg,1,ADM,train
BigGAN\211_biggan_00140.jpg,1,BigGAN,train
ADM\240_adm_61.jpg,1,ADM,train
Nature\n01806143_869.JPEG,0,Nature,train
BigGAN\579_biggan_00010.jpg,1,BigGAN,train
BigGAN\807_biggan_00058.jpg,1,BigGAN,train
ADM\436_adm_100.jpg,1,ADM,train
Nature\n01955084_7418.JPEG,0,Nature,train
Nature\n02051845_695.JPEG,0,Nature,train
stable_diffusion_v_1_5\530_sdv5_00135.jpg,1,stable_diffusion_v_1_5,train
Nature\n01820546_1115.JPEG,0,Nature,train
stable_diffusion_v_1_5\269_sdv5_00084.jpg,1,stable_diffusion_v_1_5,train
ADM\247_adm_142.jpg,1,ADM,train
BigGAN\002_biggan_00127.jpg,1,BigGAN,train
stable_diffusion_v_1_5\994_sdv5_00003.jpg,1,stable_diffusion_v_1_5,train
Nature\n01531178_15737.JPEG,0,Nature,train
Nature\n01775062_4973.JPEG,0,Nature,train
ADM\465_adm_61.jpg,1,ADM,train
BigGAN\049_biggan_00054.jpg,1,BigGAN,train
ADM\271_adm_159.jpg,1,ADM,train
stable_diffusion_v_1_5\976_sdv5_00124.jpg,1,stable_diffusion_v_1_5,train
ADM\258_adm_142.jpg,1,ADM,train
Nature\n01592084_7057.JPEG,0,Nature,train
Nature\n01818515_27826.JPEG,0,Nature,train
ADM\249_adm_90.jpg,1,ADM,train
ADM\335_adm_114.jpg,1,ADM,train
Nature\ILSVRC2012_val_00028748.JPEG,0,Nature,train
ADM\161_adm_146.jpg,1,ADM,train
ADM\100_adm_168.jpg,1,ADM,train
Nature\n01560419_9140.JPEG,0,Nature,train
ADM\957_adm_152.jpg,1,ADM,train
stable_diffusion_v_1_5\585_sdv5_00122.jpg,1,stable_diffusion_v_1_5,train
Nature\n01978455_2164.JPEG,0,Nature,train
stable_diffusion_v_1_5\920_sdv5_00145.jpg,1,stable_diffusion_v_1_5,train
stable_diffusion_v_1_5\704_sdv5_00152.jpg,1,stable_diffusion_v_1_5,train
Nature\n01877812_9889.JPEG,0,Nature,train
Nature\n01537544_2907.JPEG,0,Nature,train
stable_diffusion_v_1_5\459_sdv5_00103.jpg,1,stable_diffusion_v_1_5,train
Nature\n01630670_8201.JPEG,0,Nature,train
ADM\113_adm_33.jpg,1,ADM,train
BigGAN\425_biggan_00156.jpg,1,BigGAN,train
BigGAN\950_biggan_00102.jpg,1,BigGAN,train
BigGAN\612_biggan_00134.jpg,1,BigGAN,train
Nature\n02007558_14632.JPEG,0,Nature,train
ADM\383_adm_7.jpg,1,ADM,train
ADM\245_adm_7.jpg,1,ADM,train
Nature\n01795545_5502.JPEG,0,Nature,train
ADM\215_adm_83.jpg,1,ADM,train
Nature\n01677366_11020.JPEG,0,Nature,train
Nature\n01734418_3988.JPEG,0,Nature,train
Nature\n01806143_7647.JPEG,0,Nature,train
Nature\n01773549_4612.JPEG,0,Nature,train
Nature\n01498041_7049.JPEG,0,Nature,train
Nature\n01768244_768.JPEG,0,Nature,train
ADM\126_adm_36.jpg,1,ADM,train
Nature\n01693334_3844.JPEG,0,Nature,train
Nature\n02028035_1996.JPEG,0,Nature,train
Nature\n01773797_4910.JPEG,0,Nature,train
stable_diffusion_v_1_5\235_sdv5_00135.jpg,1,stable_diffusion_v_1_5,train
Nature\n01687978_489.JPEG,0,Nature,train
ADM\995_adm_5.jpg,1,ADM,train
ADM\332_adm_71.jpg,1,ADM,train
Nature\n01734418_6620.JPEG,0,Nature,train
stable_diffusion_v_1_5\138_sdv5_00195.jpg,1,stable_diffusion_v_1_5,train
Nature\n01622779_2027.JPEG,0,Nature,train
BigGAN\624_biggan_00035.jpg,1,BigGAN,train
BigGAN\081_biggan_00078.jpg,1,BigGAN,train
stable_diffusion_v_1_5\309_sdv5_00009.jpg,1,stable_diffusion_v_1_5,train
stable_diffusion_v_1_5\308_sdv5_00091.jpg,1,stable_diffusion_v_1_5,train
stable_diffusion_v_1_5\517_sdv5_00003.jpg,1,stable_diffusion_v_1_5,train
stable_diffusion_v_1_5\863_sdv5_00000.jpg,1,stable_diffusion_v_1_5,train
ADM\953_adm_62.jpg,1,ADM,train
Nature\n02018207_132.JPEG,0,Nature,train
stable_diffusion_v_1_5\662_sdv5_00004.jpg,1,stable_diffusion_v_1_5,train
Nature\n01855672_8530.JPEG,0,Nature,train
BigGAN\450_biggan_00035.jpg,1,BigGAN,train
ADM\331_adm_87.jpg,1,ADM,train
ADM\514_adm_79.jpg,1,ADM,train
BigGAN\044_biggan_00196.jpg,1,BigGAN,train
ADM\76_adm_86.jpg,1,ADM,train
BigGAN\901_biggan_00180.jpg,1,BigGAN,train
Nature\n02027492_4781.JPEG,0,Nature,train
BigGAN\557_biggan_00144.jpg,1,BigGAN,train
ADM\616_adm_154.jpg,1,ADM,train
Nature\n01914609_11188.JPEG,0,Nature,train
Nature\n02077923_7305.JPEG,0,Nature,train
Nature\n01955084_2262.JPEG,0,Nature,train
ADM\934_adm_142.jpg,1,ADM,train
Nature\n01774384_20364.JPEG,0,Nature,train
stable_diffusion_v_1_5\478_sdv5_00089.jpg,1,stable_diffusion_v_1_5,train
Nature\n01514668_17079.JPEG,0,Nature,train
ADM\272_adm_163.jpg,1,ADM,train
stable_diffusion_v_1_5\583_sdv5_00161.jpg,1,stable_diffusion_v_1_5,train
ADM\736_adm_110.jpg,1,ADM,train
stable_diffusion_v_1_5\173_sdv5_00195.jpg,1,stable_diffusion_v_1_5,train
BigGAN\333_biggan_00020.jpg,1,BigGAN,train
stable_diffusion_v_1_5\029_sdv5_00107.jpg,1,stable_diffusion_v_1_5,train
Nature\n01770081_15863.JPEG,0,Nature,train
ADM\864_adm_124.jpg,1,ADM,train
ADM\516_adm_75.jpg,1,ADM,train
Nature\n01773797_1044.JPEG,0,Nature,train
ADM\535_adm_7.jpg,1,ADM,train
stable_diffusion_v_1_5\194_sdv5_00108.jpg,1,stable_diffusion_v_1_5,train
BigGAN\982_biggan_00156.jpg,1,BigGAN,train
stable_diffusion_v_1_5\567_sdv5_00189.jpg,1,stable_diffusion_v_1_5,train
stable_diffusion_v_1_5\131_sdv5_00048.jpg,1,stable_diffusion_v_1_5,train
stable_diffusion_v_1_5\692_sdv5_00128.jpg,1,stable_diffusion_v_1_5,train
Nature\n02037110_14554.JPEG,0,Nature,train
BigGAN\762_biggan_00107.jpg,1,BigGAN,train
Nature\n01531178_10443.JPEG,0,Nature,train
Nature\n01729977_6297.JPEG,0,Nature,train
ADM\610_adm_70.jpg,1,ADM,train
BigGAN\081_biggan_00189.jpg,1,BigGAN,train
Nature\ILSVRC2012_val_00030012.JPEG,0,Nature,train
ADM\19_adm_101.jpg,1,ADM,train
stable_diffusion_v_1_5\819_sdv5_00195.jpg,1,stable_diffusion_v_1_5,train
Nature\ILSVRC2012_val_00001643.JPEG,0,Nature,train
ADM\203_adm_43.jpg,1,ADM,train
Nature\n02018795_3854.JPEG,0,Nature,train
ADM\42_adm_76.jpg,1,ADM,train
BigGAN\092_biggan_00129.jpg,1,BigGAN,train
stable_diffusion_v_1_5\281_sdv5_00148.jpg,1,stable_diffusion_v_1_5,train
stable_diffusion_v_1_5\207_sdv5_00058.jpg,1,stable_diffusion_v_1_5,train
Nature\n01614925_3867.JPEG,0,Nature,train
Nature\n01943899_12717.JPEG,0,Nature,train
ADM\822_adm_25.jpg,1,ADM,train
BigGAN\833_biggan_00103.jpg,1,BigGAN,train
ADM\324_adm_157.jpg,1,ADM,train
Nature\n01729322_15707.JPEG,0,Nature,train
BigGAN\601_biggan_00074.jpg,1,BigGAN,train
BigGAN\783_biggan_00031.jpg,1,BigGAN,train
stable_diffusion_v_1_5\123_sdv5_00009.jpg,1,stable_diffusion_v_1_5,train
stable_diffusion_v_1_5\421_sdv5_00077.jpg,1,stable_diffusion_v_1_5,train
stable_diffusion_v_1_5\928_sdv5_00054.jpg,1,stable_diffusion_v_1_5,train
stable_diffusion_v_1_5\724_sdv5_00046.jpg,1,stable_diffusion_v_1_5,train
Nature\n01693334_17032.JPEG,0,Nature,train
BigGAN\183_biggan_00007.jpg,1,BigGAN,train
stable_diffusion_v_1_5\460_sdv5_00121.jpg,1,stable_diffusion_v_1_5,train
BigGAN\578_biggan_00183.jpg,1,BigGAN,train
ADM\893_adm_83.jpg,1,ADM,train
stable_diffusion_v_1_5\064_sdv5_00135.jpg,1,stable_diffusion_v_1_5,train
ADM\363_adm_104.jpg,1,ADM,train
stable_diffusion_v_1_5\626_sdv5_00017.jpg,1,stable_diffusion_v_1_5,train
BigGAN\486_biggan_00074.jpg,1,BigGAN,train
ADM\264_adm_82.jpg,1,ADM,train
ADM\847_adm_124.jpg,1,ADM,train
ADM\489_adm_25.jpg,1,ADM,train
Nature\ILSVRC2012_val_00045551.JPEG,0,Nature,train
Nature\n02037110_3005.JPEG,0,Nature,train
stable_diffusion_v_1_5\424_sdv5_00074.jpg,1,stable_diffusion_v_1_5,train
ADM\543_adm_8.jpg,1,ADM,train
Nature\n01592084_6279.JPEG,0,Nature,train
ADM\113_adm_128.jpg,1,ADM,train
stable_diffusion_v_1_5\840_sdv5_00039.jpg,1,stable_diffusion_v_1_5,train
Nature\n01860187_11085.JPEG,0,Nature,train
BigGAN\031_biggan_00070.jpg,1,BigGAN,train
stable_diffusion_v_1_5\884_sdv5_00067.jpg,1,stable_diffusion_v_1_5,train
Nature\n01773549_320.JPEG,0,Nature,train
BigGAN\389_biggan_00001.jpg,1,BigGAN,train
ADM\504_adm_9.jpg,1,ADM,train
BigGAN\810_biggan_00057.jpg,1,BigGAN,train
stable_diffusion_v_1_5\846_sdv5_00098.jpg,1,stable_diffusion_v_1_5,train
ADM\89_adm_174.jpg,1,ADM,train
Nature\n01582220_3932.JPEG,0,Nature,train
BigGAN\034_biggan_00144.jpg,1,BigGAN,train
Nature\n04355338_6307.JPEG,0,Nature,train
Nature\n01877812_3720.JPEG,0,Nature,train
BigGAN\352_biggan_00183.jpg,1,BigGAN,train
ADM\127_adm_51.jpg,1,ADM,train
stable_diffusion_v_1_5\931_sdv5_00039.jpg,1,stable_diffusion_v_1_5,train
stable_diffusion_v_1_5\669_sdv5_00095.jpg,1,stable_diffusion_v_1_5,train
ADM\354_adm_75.jpg,1,ADM,train
stable_diffusion_v_1_5\912_sdv5_00153.jpg,1,stable_diffusion_v_1_5,train
stable_diffusion_v_1_5\908_sdv5_00030.jpg,1,stable_diffusion_v_1_5,train
BigGAN\191_biggan_00110.jpg,1,BigGAN,train
Nature\n01773157_1476.JPEG,0,Nature,train
BigGAN\305_biggan_00075.jpg,1,BigGAN,train
BigGAN\025_biggan_00186.jpg,1,BigGAN,train
ADM\493_adm_61.jpg,1,ADM,train
BigGAN\663_biggan_00035.jpg,1,BigGAN,train
ADM\824_adm_24.jpg,1,ADM,train
stable_diffusion_v_1_5\571_sdv5_00175.jpg,1,stable_diffusion_v_1_5,train
Nature\ILSVRC2012_val_00004627.JPEG,0,Nature,train
BigGAN\916_biggan_00182.jpg,1,BigGAN,train
Nature\ILSVRC2012_val_00028395.JPEG,0,Nature,train
stable_diffusion_v_1_5\709_sdv5_00009.jpg,1,stable_diffusion_v_1_5,train
Nature\n02892201_19550.JPEG,0,Nature,train
Nature\n02006656_751.JPEG,0,Nature,train
stable_diffusion_v_1_5\432_sdv5_00179.jpg,1,stable_diffusion_v_1_5,train
Nature\n01614925_4497.JPEG,0,Nature,train
ADM\76_adm_140.jpg,1,ADM,train
stable_diffusion_v_1_5\195_sdv5_00052.jpg,1,stable_diffusion_v_1_5,train
Nature\n02110958_2836.JPEG,0,Nature,train
BigGAN\362_biggan_00081.jpg,1,BigGAN,train
ADM\39_adm_115.jpg,1,ADM,train
Nature\n01537544_2594.JPEG,0,Nature,train
BigGAN\940_biggan_00110.jpg,1,BigGAN,train
BigGAN\637_biggan_00161.jpg,1,BigGAN,train
Nature\n01924916_5323.JPEG,0,Nature,train
Nature\n01693334_5469.JPEG,0,Nature,train
Nature\n01742172_9267.JPEG,0,Nature,train
BigGAN\390_biggan_00188.jpg,1,BigGAN,train
ADM\58_adm_138.jpg,1,ADM,train
stable_diffusion_v_1_5\440_sdv5_00059.jpg,1,stable_diffusion_v_1_5,train
BigGAN\902_biggan_00087.jpg,1,BigGAN,train
BigGAN\344_biggan_00074.jpg,1,BigGAN,train
stable_diffusion_v_1_5\744_sdv5_00039.jpg,1,stable_diffusion_v_1_5,train
ADM\572_adm_77.jpg,1,ADM,train
stable_diffusion_v_1_5\490_sdv5_00120.jpg,1,stable_diffusion_v_1_5,train
Nature\ILSVRC2012_val_00039297.JPEG,0,Nature,train
BigGAN\392_biggan_00175.jpg,1,BigGAN,train
ADM\787_adm_39.jpg,1,ADM,train
BigGAN\599_biggan_00185.jpg,1,BigGAN,train
Nature\n01592084_3924.JPEG,0,Nature,train
ADM\50_adm_34.jpg,1,ADM,train
Nature\n01614925_2866.JPEG,0,Nature,train
Nature\n01820546_4767.JPEG,0,Nature,train
BigGAN\467_biggan_00072.jpg,1,BigGAN,train
BigGAN\483_biggan_00141.jpg,1,BigGAN,train
stable_diffusion_v_1_5\115_sdv5_00119.jpg,1,stable_diffusion_v_1_5,train
ADM\603_adm_137.jpg,1,ADM,train
Nature\n01914609_4968.JPEG,0,Nature,train
BigGAN\656_biggan_00196.jpg,1,BigGAN,train
Nature\ILSVRC2012_val_00034347.JPEG,0,Nature,train
ADM\725_adm_24.jpg,1,ADM,train
Nature\n01440764_3365.JPEG,0,Nature,train
stable_diffusion_v_1_5\499_sdv5_00101.jpg,1,stable_diffusion_v_1_5,train
ADM\191_adm_173.jpg,1,ADM,train
BigGAN\671_biggan_00039.jpg,1,BigGAN,train
BigGAN\820_biggan_00043.jpg,1,BigGAN,train
ADM\421_adm_0.jpg,1,ADM,train
stable_diffusion_v_1_5\436_sdv5_00013.jpg,1,stable_diffusion_v_1_5,train
ADM\8_adm_91.jpg,1,ADM,train
ADM\573_adm_50.jpg,1,ADM,train
Nature\n01677366_40615.JPEG,0,Nature,train
ADM\75_adm_11.jpg,1,ADM,train
stable_diffusion_v_1_5\134_sdv5_00031.jpg,1,stable_diffusion_v_1_5,train
ADM\243_adm_40.jpg,1,ADM,train
ADM\58_adm_161.jpg,1,ADM,train
Nature\n01855672_5426.JPEG,0,Nature,train
ADM\978_adm_20.jpg,1,ADM,train
ADM\3_adm_19.jpg,1,ADM,train
Nature\n01944390_327.JPEG,0,Nature,train
stable_diffusion_v_1_5\133_sdv5_00008.jpg,1,stable_diffusion_v_1_5,train
BigGAN\776_biggan_00039.jpg,1,BigGAN,train
stable_diffusion_v_1_5\915_sdv5_00095.jpg,1,stable_diffusion_v_1_5,train
stable_diffusion_v_1_5\210_sdv5_00081.jpg,1,stable_diffusion_v_1_5,train
BigGAN\818_biggan_00058.jpg,1,BigGAN,train
ADM\143_adm_178.jpg,1,ADM,train
Nature\ILSVRC2012_val_00014594.JPEG,0,Nature,train
ADM\847_adm_1.jpg,1,ADM,train
BigGAN\353_biggan_00155.jpg,1,BigGAN,train
ADM\622_adm_106.jpg,1,ADM,train
ADM\595_adm_135.jpg,1,ADM,train
BigGAN\105_biggan_00020.jpg,1,BigGAN,train
Nature\n01592084_4761.JPEG,0,Nature,train
BigGAN\337_biggan_00035.jpg,1,BigGAN,train
Nature\n01592084_2859.JPEG,0,Nature,train
Nature\n02051845_14933.JPEG,0,Nature,train
BigGAN\843_biggan_00020.jpg,1,BigGAN,train
Nature\n01968897_26377.JPEG,0,Nature,train
Nature\n01774750_4303.JPEG,0,Nature,train
stable_diffusion_v_1_5\970_sdv5_00100.jpg,1,stable_diffusion_v_1_5,train
ADM\282_adm_98.jpg,1,ADM,train
BigGAN\526_biggan_00039.jpg,1,BigGAN,train
ADM\47_adm_127.jpg,1,ADM,train
stable_diffusion_v_1_5\198_sdv5_00009.jpg,1,stable_diffusion_v_1_5,train
Nature\n01950731_11826.JPEG,0,Nature,train
Nature\n01592084_1287.JPEG,0,Nature,train
BigGAN\173_biggan_00039.jpg,1,BigGAN,train
BigGAN\726_biggan_00143.jpg,1,BigGAN,train
stable_diffusion_v_1_5\541_sdv5_00040.jpg,1,stable_diffusion_v_1_5,train
ADM\711_adm_153.jpg,1,ADM,train
BigGAN\146_biggan_00032.jpg,1,BigGAN,train
ADM\273_adm_153.jpg,1,ADM,train
stable_diffusion_v_1_5\493_sdv5_00124.jpg,1,stable_diffusion_v_1_5,train
Nature\n01776313_1441.JPEG,0,Nature,train
Nature\n01775062_3486.JPEG,0,Nature,train
ADM\635_adm_112.jpg,1,ADM,train
stable_diffusion_v_1_5\080_sdv5_00195.jpg,1,stable_diffusion_v_1_5,train
Nature\n01775062_9091.JPEG,0,Nature,train
stable_diffusion_v_1_5\732_sdv5_00162.jpg,1,stable_diffusion_v_1_5,train
BigGAN\396_biggan_00024.jpg,1,BigGAN,train
ADM\571_adm_162.jpg,1,ADM,train
BigGAN\113_biggan_00185.jpg,1,BigGAN,train
BigGAN\963_biggan_00060.jpg,1,BigGAN,train
ADM\29_adm_95.jpg,1,ADM,train
stable_diffusion_v_1_5\046_sdv5_00062.jpg,1,stable_diffusion_v_1_5,train
Nature\ILSVRC2012_val_00038443.JPEG,0,Nature,train
Nature\n01819313_6776.JPEG,0,Nature,train
ADM\556_adm_85.jpg,1,ADM,train
stable_diffusion_v_1_5\982_sdv5_00034.jpg,1,stable_diffusion_v_1_5,train
BigGAN\269_biggan_00034.jpg,1,BigGAN,train
stable_diffusion_v_1_5\783_sdv5_00039.jpg,1,stable_diffusion_v_1_5,train
BigGAN\301_biggan_00074.jpg,1,BigGAN,train
Nature\n02007558_107.JPEG,0,Nature,train
Nature\ILSVRC2012_val_00047509.JPEG,0,Nature,train
stable_diffusion_v_1_5\905_sdv5_00101.jpg,1,stable_diffusion_v_1_5,train
ADM\57_adm_93.jpg,1,ADM,train
BigGAN\156_biggan_00162.jpg,1,BigGAN,train
Nature\n01860187_10189.JPEG,0,Nature,train
ADM\821_adm_131.jpg,1,ADM,train
BigGAN\014_biggan_00035.jpg,1,BigGAN,train
Nature\n01531178_12788.JPEG,0,Nature,train
Nature\n01860187_1012.JPEG,0,Nature,train
Nature\n01773157_7801.JPEG,0,Nature,train
Nature\n02006656_10635.JPEG,0,Nature,train
Nature\ILSVRC2012_val_00017391.JPEG,0,Nature,train
ADM\499_adm_43.jpg,1,ADM,train
BigGAN\931_biggan_00074.jpg,1,BigGAN,train
BigGAN\773_biggan_00074.jpg,1,BigGAN,train
ADM\804_adm_153.jpg,1,ADM,train
Nature\n01592084_3273.JPEG,0,Nature,train
Nature\n03983396_5611.JPEG,0,Nature,train
stable_diffusion_v_1_5\068_sdv5_00136.jpg,1,stable_diffusion_v_1_5,train
BigGAN\411_biggan_00022.jpg,1,BigGAN,train
BigGAN\220_biggan_00088.jpg,1,BigGAN,train
Nature\n01833805_3.JPEG,0,Nature,train
stable_diffusion_v_1_5\226_sdv5_00100.jpg,1,stable_diffusion_v_1_5,train
BigGAN\081_biggan_00035.jpg,1,BigGAN,train
BigGAN\338_biggan_00086.jpg,1,BigGAN,train
stable_diffusion_v_1_5\642_sdv5_00118.jpg,1,stable_diffusion_v_1_5,train
Nature\ILSVRC2012_val_00013744.JPEG,0,Nature,train
BigGAN\216_biggan_00188.jpg,1,BigGAN,train
stable_diffusion_v_1_5\139_sdv5_00132.jpg,1,stable_diffusion_v_1_5,train
stable_diffusion_v_1_5\409_sdv5_00017.jpg,1,stable_diffusion_v_1_5,train
BigGAN\338_biggan_00031.jpg,1,BigGAN,train
Nature\n01443537_17252.JPEG,0,Nature,train
stable_diffusion_v_1_5\073_sdv5_00184.jpg,1,stable_diffusion_v_1_5,train
ADM\867_adm_77.jpg,1,ADM,train
ADM\966_adm_88.jpg,1,ADM,train
BigGAN\119_biggan_00138.jpg,1,BigGAN,train
stable_diffusion_v_1_5\407_sdv5_00033.jpg,1,stable_diffusion_v_1_5,train
ADM\314_adm_80.jpg,1,ADM,train
stable_diffusion_v_1_5\943_sdv5_00096.jpg,1,stable_diffusion_v_1_5,train
BigGAN\074_biggan_00007.jpg,1,BigGAN,train
ADM\673_adm_138.jpg,1,ADM,train
BigGAN\584_biggan_00124.jpg,1,BigGAN,train
Nature\n01950731_14353.JPEG,0,Nature,train
stable_diffusion_v_1_5\422_sdv5_00144.jpg,1,stable_diffusion_v_1_5,train
Nature\n04192698_47765.JPEG,0,Nature,train
BigGAN\364_biggan_00196.jpg,1,BigGAN,train
Nature\ILSVRC2012_val_00023492.JPEG,0,Nature,train
Nature\ILSVRC2012_val_00005567.JPEG,0,Nature,train
ADM\156_adm_85.jpg,1,ADM,train
stable_diffusion_v_1_5\983_sdv5_00195.jpg,1,stable_diffusion_v_1_5,train
ADM\30_adm_85.jpg,1,ADM,train
ADM\981_adm_56.jpg,1,ADM,train
stable_diffusion_v_1_5\746_sdv5_00067.jpg,1,stable_diffusion_v_1_5,train
Nature\n01773549_3350.JPEG,0,Nature,train
ADM\142_adm_59.jpg,1,ADM,train
stable_diffusion_v_1_5\052_sdv5_00043.jpg,1,stable_diffusion_v_1_5,train
Nature\n01592084_1112.JPEG,0,Nature,train
Nature\n01847000_10906.JPEG,0,Nature,train
BigGAN\730_biggan_00076.jpg,1,BigGAN,train
ADM\472_adm_132.jpg,1,ADM,train
Nature\n01582220_7336.JPEG,0,Nature,train
stable_diffusion_v_1_5\331_sdv5_00069.jpg,1,stable_diffusion_v_1_5,train
ADM\603_adm_146.jpg,1,ADM,train
Nature\n01860187_610.JPEG,0,Nature,train
BigGAN\557_biggan_00022.jpg,1,BigGAN,train
stable_diffusion_v_1_5\636_sdv5_00073.jpg,1,stable_diffusion_v_1_5,train
ADM\99_adm_127.jpg,1,ADM,train
ADM\368_adm_161.jpg,1,ADM,train
BigGAN\081_biggan_00070.jpg,1,BigGAN,train
Nature\ILSVRC2012_val_00032601.JPEG,0,Nature,train
BigGAN\466_biggan_00104.jpg,1,BigGAN,train
stable_diffusion_v_1_5\218_sdv5_00060.jpg,1,stable_diffusion_v_1_5,train
BigGAN\853_biggan_00012.jpg,1,BigGAN,train
Nature\n01740131_10857.JPEG,0,Nature,train
Nature\n01632458_4262.JPEG,0,Nature,train
Nature\n01950731_1638.JPEG,0,Nature,train
stable_diffusion_v_1_5\105_sdv5_00026.jpg,1,stable_diffusion_v_1_5,train
Nature\n01773797_3632.JPEG,0,Nature,train
ADM\241_adm_173.jpg,1,ADM,train
ADM\704_adm_13.jpg,1,ADM,train
ADM\357_adm_116.jpg,1,ADM,train
BigGAN\073_biggan_00081.jpg,1,BigGAN,train
stable_diffusion_v_1_5\223_sdv5_00070.jpg,1,stable_diffusion_v_1_5,train
Nature\n01514668_5045.JPEG,0,Nature,train
Nature\n02840245_16541.JPEG,0,Nature,train
Nature\n01608432_15264.JPEG,0,Nature,train
BigGAN\374_biggan_00173.jpg,1,BigGAN,train
Nature\n02051845_7926.JPEG,0,Nature,train
stable_diffusion_v_1_5\394_sdv5_00027.jpg,1,stable_diffusion_v_1_5,train
BigGAN\522_biggan_00191.jpg,1,BigGAN,train
ADM\668_adm_149.jpg,1,ADM,train
ADM\101_adm_91.jpg,1,ADM,train
BigGAN\101_biggan_00021.jpg,1,BigGAN,train
Nature\n01820546_1212.JPEG,0,Nature,train
stable_diffusion_v_1_5\687_sdv5_00028.jpg,1,stable_diffusion_v_1_5,train
Nature\n01775062_844.JPEG,0,Nature,train
Nature\n01833805_1561.JPEG,0,Nature,train
Nature\n01514859_11542.JPEG,0,Nature,train
Nature\n01824575_1765.JPEG,0,Nature,train
BigGAN\425_biggan_00060.jpg,1,BigGAN,train
stable_diffusion_v_1_5\684_sdv5_00027.jpg,1,stable_diffusion_v_1_5,train
Nature\n03832673_14155.JPEG,0,Nature,train
ADM\470_adm_35.jpg,1,ADM,train
ADM\419_adm_51.jpg,1,ADM,train
Nature\n01944390_14895.JPEG,0,Nature,train
Nature\ILSVRC2012_val_00047294.JPEG,0,Nature,train
Nature\ILSVRC2012_val_00021757.JPEG,0,Nature,train
stable_diffusion_v_1_5\847_sdv5_00095.jpg,1,stable_diffusion_v_1_5,train
stable_diffusion_v_1_5\180_sdv5_00016.jpg,1,stable_diffusion_v_1_5,train
BigGAN\975_biggan_00188.jpg,1,BigGAN,train
Nature\n01820546_4117.JPEG,0,Nature,train
Nature\n01944390_13652.JPEG,0,Nature,train
Nature\n01735189_12175.JPEG,0,Nature,train
Nature\n03141823_18813.JPEG,0,Nature,train
Nature\ILSVRC2012_val_00017068.JPEG,0,Nature,train
Nature\n01806143_4237.JPEG,0,Nature,train
BigGAN\263_biggan_00082.jpg,1,BigGAN,train
Nature\n01491361_5778.JPEG,0,Nature,train
Nature\n02319095_8244.JPEG,0,Nature,train
ADM\301_adm_159.jpg,1,ADM,train
stable_diffusion_v_1_5\880_sdv5_00077.jpg,1,stable_diffusion_v_1_5,train
BigGAN\472_biggan_00020.jpg,1,BigGAN,train
Nature\n02028035_8447.JPEG,0,Nature,train
ADM\626_adm_8.jpg,1,ADM,train
BigGAN\729_biggan_00165.jpg,1,BigGAN,train
BigGAN\901_biggan_00062.jpg,1,BigGAN,train
Nature\n02006656_4997.JPEG,0,Nature,train
Nature\n02018207_1746.JPEG,0,Nature,train
stable_diffusion_v_1_5\932_sdv5_00135.jpg,1,stable_diffusion_v_1_5,train
BigGAN\403_biggan_00098.jpg,1,BigGAN,train
stable_diffusion_v_1_5\188_sdv5_00117.jpg,1,stable_diffusion_v_1_5,train
BigGAN\780_biggan_00127.jpg,1,BigGAN,train
stable_diffusion_v_1_5\054_sdv5_00036.jpg,1,stable_diffusion_v_1_5,train
stable_diffusion_v_1_5\260_sdv5_00129.jpg,1,stable_diffusion_v_1_5,train
ADM\392_adm_74.jpg,1,ADM,train
Nature\ILSVRC2012_val_00008786.JPEG,0,Nature,train
ADM\560_adm_163.jpg,1,ADM,train
ADM\889_adm_70.jpg,1,ADM,train
Nature\n01775062_8231.JPEG,0,Nature,train
ADM\701_adm_85.jpg,1,ADM,train
stable_diffusion_v_1_5\165_sdv5_00000.jpg,1,stable_diffusion_v_1_5,train
Nature\n01531178_22972.JPEG,0,Nature,train
ADM\231_adm_85.jpg,1,ADM,train
Nature\ILSVRC2012_val_00005733.JPEG,0,Nature,train
Nature\n02233338_10352.JPEG,0,Nature,train
Nature\ILSVRC2012_val_00007153.JPEG,0,Nature,train
BigGAN\220_biggan_00039.jpg,1,BigGAN,train
Nature\ILSVRC2012_val_00047551.JPEG,0,Nature,train
stable_diffusion_v_1_5\990_sdv5_00086.jpg,1,stable_diffusion_v_1_5,train
ADM\515_adm_183.jpg,1,ADM,train
Nature\n01829413_8236.JPEG,0,Nature,train
stable_diffusion_v_1_5\394_sdv5_00051.jpg,1,stable_diffusion_v_1_5,train
ADM\268_adm_62.jpg,1,ADM,train
BigGAN\752_biggan_00069.jpg,1,BigGAN,train
stable_diffusion_v_1_5\737_sdv5_00039.jpg,1,stable_diffusion_v_1_5,train
Nature\n04238763_10856.JPEG,0,Nature,train
stable_diffusion_v_1_5\471_sdv5_00042.jpg,1,stable_diffusion_v_1_5,train
BigGAN\804_biggan_00097.jpg,1,BigGAN,train
BigGAN\184_biggan_00060.jpg,1,BigGAN,train
ADM\277_adm_111.jpg,1,ADM,train
Nature\n01664065_10096.JPEG,0,Nature,train
Nature\n01560419_9260.JPEG,0,Nature,train
ADM\424_adm_62.jpg,1,ADM,train
ADM\919_adm_91.jpg,1,ADM,train
Nature\n01601694_12326.JPEG,0,Nature,train
BigGAN\553_biggan_00160.jpg,1,BigGAN,train
ADM\695_adm_59.jpg,1,ADM,train
BigGAN\736_biggan_00007.jpg,1,BigGAN,train
ADM\13_adm_174.jpg,1,ADM,train
BigGAN\182_biggan_00034.jpg,1,BigGAN,train
stable_diffusion_v_1_5\661_sdv5_00117.jpg,1,stable_diffusion_v_1_5,train
Nature\n01735189_14472.JPEG,0,Nature,train
BigGAN\068_biggan_00074.jpg,1,BigGAN,train
stable_diffusion_v_1_5\215_sdv5_00023.jpg,1,stable_diffusion_v_1_5,train
stable_diffusion_v_1_5\420_sdv5_00173.jpg,1,stable_diffusion_v_1_5,train
Nature\n01944390_17714.JPEG,0,Nature,train
stable_diffusion_v_1_5\211_sdv5_00032.jpg,1,stable_diffusion_v_1_5,train
Nature\n01773797_26.JPEG,0,Nature,train
stable_diffusion_v_1_5\611_sdv5_00144.jpg,1,stable_diffusion_v_1_5,train
Nature\n03379051_2717.JPEG,0,Nature,train
BigGAN\052_biggan_00094.jpg,1,BigGAN,train
stable_diffusion_v_1_5\058_sdv5_00175.jpg,1,stable_diffusion_v_1_5,train
stable_diffusion_v_1_5\397_sdv5_00195.jpg,1,stable_diffusion_v_1_5,train
stable_diffusion_v_1_5\671_sdv5_00072.jpg,1,stable_diffusion_v_1_5,train
stable_diffusion_v_1_5\766_sdv5_00100.jpg,1,stable_diffusion_v_1_5,train
BigGAN\283_biggan_00069.jpg,1,BigGAN,train
ADM\886_adm_184.jpg,1,ADM,train
BigGAN\623_biggan_00083.jpg,1,BigGAN,train
stable_diffusion_v_1_5\386_sdv5_00111.jpg,1,stable_diffusion_v_1_5,train
stable_diffusion_v_1_5\326_sdv5_00098.jpg,1,stable_diffusion_v_1_5,train
BigGAN\643_biggan_00129.jpg,1,BigGAN,train
ADM\841_adm_0.jpg,1,ADM,train
BigGAN\912_biggan_00157.jpg,1,BigGAN,train
Nature\n01667778_18055.JPEG,0,Nature,train
stable_diffusion_v_1_5\365_sdv5_00027.jpg,1,stable_diffusion_v_1_5,train
Nature\ILSVRC2012_val_00047827.JPEG,0,Nature,train
Nature\n01494475_3077.JPEG,0,Nature,train
Nature\ILSVRC2012_val_00044708.JPEG,0,Nature,train
ADM\55_adm_187.jpg,1,ADM,train
stable_diffusion_v_1_5\999_sdv5_00046.jpg,1,stable_diffusion_v_1_5,train
Nature\n01818515_2618.JPEG,0,Nature,train
Nature\n02037110_6094.JPEG,0,Nature,train
BigGAN\115_biggan_00076.jpg,1,BigGAN,train
stable_diffusion_v_1_5\809_sdv5_00188.jpg,1,stable_diffusion_v_1_5,train
stable_diffusion_v_1_5\728_sdv5_00117.jpg,1,stable_diffusion_v_1_5,train
stable_diffusion_v_1_5\048_sdv5_00149.jpg,1,stable_diffusion_v_1_5,train
stable_diffusion_v_1_5\335_sdv5_00142.jpg,1,stable_diffusion_v_1_5,train
Nature\n01820546_1138.JPEG,0,Nature,train
Nature\n01877812_4047.JPEG,0,Nature,train
BigGAN\964_biggan_00162.jpg,1,BigGAN,train
stable_diffusion_v_1_5\594_sdv5_00142.jpg,1,stable_diffusion_v_1_5,train
stable_diffusion_v_1_5\159_sdv5_00027.jpg,1,stable_diffusion_v_1_5,train
Nature\n01582220_2802.JPEG,0,Nature,train
BigGAN\096_biggan_00067.jpg,1,BigGAN,train
BigGAN\685_biggan_00144.jpg,1,BigGAN,train
Nature\n02037110_5707.JPEG,0,Nature,train
Nature\n07734744_372.JPEG,0,Nature,train
Nature\ILSVRC2012_val_00001073.JPEG,0,Nature,train
ADM\666_adm_116.jpg,1,ADM,train
BigGAN\197_biggan_00078.jpg,1,BigGAN,train
Nature\n01773797_3215.JPEG,0,Nature,train
ADM\276_adm_15.jpg,1,ADM,train
ADM\449_adm_191.jpg,1,ADM,train
stable_diffusion_v_1_5\210_sdv5_00032.jpg,1,stable_diffusion_v_1_5,train
ADM\592_adm_45.jpg,1,ADM,train
ADM\801_adm_105.jpg,1,ADM,train
ADM\8_adm_9.jpg,1,ADM,train
stable_diffusion_v_1_5\594_sdv5_00115.jpg,1,stable_diffusion_v_1_5,train
stable_diffusion_v_1_5\767_sdv5_00082.jpg,1,stable_diffusion_v_1_5,train
stable_diffusion_v_1_5\108_sdv5_00148.jpg,1,stable_diffusion_v_1_5,train
stable_diffusion_v_1_5\956_sdv5_00031.jpg,1,stable_diffusion_v_1_5,train
BigGAN\819_biggan_00087.jpg,1,BigGAN,train
BigGAN\288_biggan_00113.jpg,1,BigGAN,train
BigGAN\019_biggan_00154.jpg,1,BigGAN,train
BigGAN\600_biggan_00121.jpg,1,BigGAN,train
BigGAN\544_biggan_00114.jpg,1,BigGAN,train
Nature\ILSVRC2012_val_00043418.JPEG,0,Nature,train
Nature\n01770081_557.JPEG,0,Nature,train
stable_diffusion_v_1_5\470_sdv5_00063.jpg,1,stable_diffusion_v_1_5,train
Nature\n01773157_4125.JPEG,0,Nature,train
stable_diffusion_v_1_5\497_sdv5_00047.jpg,1,stable_diffusion_v_1_5,train
ADM\317_adm_84.jpg,1,ADM,train
Nature\n02012849_12296.JPEG,0,Nature,train
stable_diffusion_v_1_5\625_sdv5_00109.jpg,1,stable_diffusion_v_1_5,train
ADM\881_adm_34.jpg,1,ADM,train
Nature\n01820546_5134.JPEG,0,Nature,train
ADM\976_adm_2.jpg,1,ADM,train
stable_diffusion_v_1_5\582_sdv5_00007.jpg,1,stable_diffusion_v_1_5,train
BigGAN\052_biggan_00058.jpg,1,BigGAN,train
Nature\n02782093_28018.JPEG,0,Nature,train
ADM\366_adm_25.jpg,1,ADM,train
ADM\24_adm_75.jpg,1,ADM,train
stable_diffusion_v_1_5\810_sdv5_00003.jpg,1,stable_diffusion_v_1_5,train
Nature\ILSVRC2012_val_00004583.JPEG,0,Nature,train
stable_diffusion_v_1_5\080_sdv5_00009.jpg,1,stable_diffusion_v_1_5,train
stable_diffusion_v_1_5\594_sdv5_00020.jpg,1,stable_diffusion_v_1_5,train
stable_diffusion_v_1_5\640_sdv5_00027.jpg,1,stable_diffusion_v_1_5,train
BigGAN\107_biggan_00105.jpg,1,BigGAN,train
stable_diffusion_v_1_5\554_sdv5_00076.jpg,1,stable_diffusion_v_1_5,train
stable_diffusion_v_1_5\664_sdv5_00058.jpg,1,stable_diffusion_v_1_5,train
BigGAN\671_biggan_00067.jpg,1,BigGAN,train
stable_diffusion_v_1_5\333_sdv5_00115.jpg,1,stable_diffusion_v_1_5,train
BigGAN\247_biggan_00084.jpg,1,BigGAN,train
BigGAN\801_biggan_00185.jpg,1,BigGAN,train
BigGAN\721_biggan_00047.jpg,1,BigGAN,train
stable_diffusion_v_1_5\421_sdv5_00082.jpg,1,stable_diffusion_v_1_5,train
Nature\n01773797_3004.JPEG,0,Nature,train
Nature\n01819313_2774.JPEG,0,Nature,train
Nature\n01440764_7154.JPEG,0,Nature,train
BigGAN\664_biggan_00035.jpg,1,BigGAN,train
ADM\852_adm_25.jpg,1,ADM,train
BigGAN\543_biggan_00137.jpg,1,BigGAN,train
ADM\886_adm_155.jpg,1,ADM,train
BigGAN\008_biggan_00184.jpg,1,BigGAN,train
stable_diffusion_v_1_5\656_sdv5_00087.jpg,1,stable_diffusion_v_1_5,train
Nature\n01537544_3364.JPEG,0,Nature,train
Nature\n01944390_20083.JPEG,0,Nature,train
Nature\n01695060_28240.JPEG,0,Nature,train
stable_diffusion_v_1_5\854_sdv5_00009.jpg,1,stable_diffusion_v_1_5,train
stable_diffusion_v_1_5\624_sdv5_00068.jpg,1,stable_diffusion_v_1_5,train
ADM\878_adm_33.jpg,1,ADM,train
Nature\n01775062_1339.JPEG,0,Nature,train
ADM\923_adm_41.jpg,1,ADM,train
BigGAN\276_biggan_00020.jpg,1,BigGAN,train
stable_diffusion_v_1_5\607_sdv5_00020.jpg,1,stable_diffusion_v_1_5,train
ADM\423_adm_178.jpg,1,ADM,train
Nature\n01877812_8145.JPEG,0,Nature,train
Nature\ILSVRC2012_val_00017358.JPEG,0,Nature,train
Nature\n01847000_12963.JPEG,0,Nature,train
ADM\355_adm_78.jpg,1,ADM,train
stable_diffusion_v_1_5\709_sdv5_00027.jpg,1,stable_diffusion_v_1_5,train
ADM\170_adm_92.jpg,1,ADM,train
Nature\n01560419_2308.JPEG,0,Nature,train
Nature\n02011460_4773.JPEG,0,Nature,train
ADM\740_adm_80.jpg,1,ADM,train
BigGAN\073_biggan_00056.jpg,1,BigGAN,train
BigGAN\415_biggan_00167.jpg,1,BigGAN,train
Nature\n01944390_20535.JPEG,0,Nature,train
Nature\n01592084_6166.JPEG,0,Nature,train
stable_diffusion_v_1_5\266_sdv5_00093.jpg,1,stable_diffusion_v_1_5,train
ADM\464_adm_139.jpg,1,ADM,train
Nature\n01729322_19173.JPEG,0,Nature,train
BigGAN\112_biggan_00178.jpg,1,BigGAN,train
Nature\n01820546_1264.JPEG,0,Nature,train
BigGAN\737_biggan_00190.jpg,1,BigGAN,train
Nature\n02028035_4761.JPEG,0,Nature,train
Nature\n01773157_7429.JPEG,0,Nature,train
stable_diffusion_v_1_5\930_sdv5_00045.jpg,1,stable_diffusion_v_1_5,train
Nature\n01978455_12676.JPEG,0,Nature,train
ADM\859_adm_57.jpg,1,ADM,train
BigGAN\673_biggan_00035.jpg,1,BigGAN,train
Nature\n01774750_7167.JPEG,0,Nature,train
Nature\n01667114_4073.JPEG,0,Nature,train
BigGAN\612_biggan_00047.jpg,1,BigGAN,train
Nature\n01829413_3934.JPEG,0,Nature,train
Nature\n01818515_8667.JPEG,0,Nature,train
stable_diffusion_v_1_5\082_sdv5_00134.jpg,1,stable_diffusion_v_1_5,train
BigGAN\093_biggan_00035.jpg,1,BigGAN,train
ADM\6_adm_191.jpg,1,ADM,train
ADM\633_adm_106.jpg,1,ADM,train
stable_diffusion_v_1_5\283_sdv5_00119.jpg,1,stable_diffusion_v_1_5,train
Nature\n01693334_11290.JPEG,0,Nature,train
BigGAN\897_biggan_00034.jpg,1,BigGAN,train
BigGAN\967_biggan_00130.jpg,1,BigGAN,train
Nature\n01560419_5558.JPEG,0,Nature,train
ADM\115_adm_186.jpg,1,ADM,train
Nature\n01978287_6269.JPEG,0,Nature,train
stable_diffusion_v_1_5\916_sdv5_00033.jpg,1,stable_diffusion_v_1_5,train
Nature\n01537544_6180.JPEG,0,Nature,train
ADM\708_adm_11.jpg,1,ADM,train
stable_diffusion_v_1_5\418_sdv5_00030.jpg,1,stable_diffusion_v_1_5,train
BigGAN\756_biggan_00150.jpg,1,BigGAN,train
stable_diffusion_v_1_5\885_sdv5_00153.jpg,1,stable_diffusion_v_1_5,train
ADM\359_adm_73.jpg,1,ADM,train
BigGAN\975_biggan_00035.jpg,1,BigGAN,train
BigGAN\123_biggan_00043.jpg,1,BigGAN,train
Nature\n01494475_1583.JPEG,0,Nature,train
ADM\471_adm_3.jpg,1,ADM,train
stable_diffusion_v_1_5\881_sdv5_00161.jpg,1,stable_diffusion_v_1_5,train
stable_diffusion_v_1_5\650_sdv5_00135.jpg,1,stable_diffusion_v_1_5,train
stable_diffusion_v_1_5\095_sdv5_00034.jpg,1,stable_diffusion_v_1_5,train
Nature\n02013706_6067.JPEG,0,Nature,train
ADM\138_adm_162.jpg,1,ADM,train
ADM\547_adm_42.jpg,1,ADM,train
ADM\392_adm_16.jpg,1,ADM,train
ADM\30_adm_98.jpg,1,ADM,train
BigGAN\933_biggan_00150.jpg,1,BigGAN,train
stable_diffusion_v_1_5\012_sdv5_00020.jpg,1,stable_diffusion_v_1_5,train
BigGAN\186_biggan_00084.jpg,1,BigGAN,train
BigGAN\779_biggan_00063.jpg,1,BigGAN,train
Nature\n02006656_1546.JPEG,0,Nature,train
stable_diffusion_v_1_5\024_sdv5_00124.jpg,1,stable_diffusion_v_1_5,train
ADM\804_adm_70.jpg,1,ADM,train
ADM\536_adm_72.jpg,1,ADM,train
Nature\ILSVRC2012_val_00000198.JPEG,0,Nature,train
BigGAN\446_biggan_00169.jpg,1,BigGAN,train
BigGAN\016_biggan_00020.jpg,1,BigGAN,train
stable_diffusion_v_1_5\145_sdv5_00135.jpg,1,stable_diffusion_v_1_5,train
stable_diffusion_v_1_5\639_sdv5_00053.jpg,1,stable_diffusion_v_1_5,train
ADM\437_adm_111.jpg,1,ADM,train
Nature\n01693334_10450.JPEG,0,Nature,train
stable_diffusion_v_1_5\362_sdv5_00048.jpg,1,stable_diffusion_v_1_5,train
stable_diffusion_v_1_5\010_sdv5_00184.jpg,1,stable_diffusion_v_1_5,train
Nature\ILSVRC2012_val_00016874.JPEG,0,Nature,train
stable_diffusion_v_1_5\919_sdv5_00131.jpg,1,stable_diffusion_v_1_5,train
Nature\n01537544_9202.JPEG,0,Nature,train
Nature\n01774750_2185.JPEG,0,Nature,train
Nature\n01914609_3208.JPEG,0,Nature,train
ADM\629_adm_153.jpg,1,ADM,train
Nature\n01829413_5747.JPEG,0,Nature,train
Nature\ILSVRC2012_val_00003884.JPEG,0,Nature,train
Nature\n01843383_277.JPEG,0,Nature,train
stable_diffusion_v_1_5\696_sdv5_00039.jpg,1,stable_diffusion_v_1_5,train
Nature\n02051845_1656.JPEG,0,Nature,train
Nature\n01820546_3778.JPEG,0,Nature,train
Nature\n01775062_8199.JPEG,0,Nature,train
BigGAN\873_biggan_00163.jpg,1,BigGAN,train
ADM\759_adm_36.jpg,1,ADM,train
Nature\ILSVRC2012_val_00029984.JPEG,0,Nature,train
Nature\n01592084_3025.JPEG,0,Nature,train
ADM\114_adm_42.jpg,1,ADM,train
Nature\ILSVRC2012_val_00001720.JPEG,0,Nature,train
BigGAN\878_biggan_00165.jpg,1,BigGAN,train
Nature\n02963159_14435.JPEG,0,Nature,train
Nature\n02190166_11038.JPEG,0,Nature,train
Nature\n01774384_15332.JPEG,0,Nature,train
BigGAN\477_biggan_00035.jpg,1,BigGAN,train
BigGAN\378_biggan_00058.jpg,1,BigGAN,train
ADM\657_adm_95.jpg,1,ADM,train
Nature\n01753488_15483.JPEG,0,Nature,train
Nature\n01560419_2794.JPEG,0,Nature,train
stable_diffusion_v_1_5\372_sdv5_00046.jpg,1,stable_diffusion_v_1_5,train
Nature\ILSVRC2012_val_00046602.JPEG,0,Nature,train
ADM\879_adm_139.jpg,1,ADM,train
Nature\n01614925_3933.JPEG,0,Nature,train
Nature\n01622779_7389.JPEG,0,Nature,train
stable_diffusion_v_1_5\761_sdv5_00003.jpg,1,stable_diffusion_v_1_5,train
stable_diffusion_v_1_5\620_sdv5_00101.jpg,1,stable_diffusion_v_1_5,train
stable_diffusion_v_1_5\197_sdv5_00195.jpg,1,stable_diffusion_v_1_5,train
Nature\n01819313_6465.JPEG,0,Nature,train
BigGAN\130_biggan_00084.jpg,1,BigGAN,train
ADM\70_adm_107.jpg,1,ADM,train
stable_diffusion_v_1_5\283_sdv5_00159.jpg,1,stable_diffusion_v_1_5,train
ADM\487_adm_47.jpg,1,ADM,train
Nature\n01820546_807.JPEG,0,Nature,train
Nature\n01818515_2590.JPEG,0,Nature,train
ADM\975_adm_84.jpg,1,ADM,train
BigGAN\115_biggan_00032.jpg,1,BigGAN,train
BigGAN\572_biggan_00183.jpg,1,BigGAN,train
stable_diffusion_v_1_5\915_sdv5_00000.jpg,1,stable_diffusion_v_1_5,train
ADM\838_adm_7.jpg,1,ADM,train
Nature\n01560419_8094.JPEG,0,Nature,train
ADM\944_adm_60.jpg,1,ADM,train
Nature\ILSVRC2012_val_00004796.JPEG,0,Nature,train
stable_diffusion_v_1_5\215_sdv5_00135.jpg,1,stable_diffusion_v_1_5,train
stable_diffusion_v_1_5\008_sdv5_00070.jpg,1,stable_diffusion_v_1_5,train
Nature\n01773157_9519.JPEG,0,Nature,train
stable_diffusion_v_1_5\450_sdv5_00039.jpg,1,stable_diffusion_v_1_5,train
stable_diffusion_v_1_5\256_sdv5_00101.jpg,1,stable_diffusion_v_1_5,train
stable_diffusion_v_1_5\107_sdv5_00014.jpg,1,stable_diffusion_v_1_5,train
BigGAN\316_biggan_00101.jpg,1,BigGAN,train
Nature\n01622779_3682.JPEG,0,Nature,train
ADM\125_adm_89.jpg,1,ADM,train
ADM\549_adm_1.jpg,1,ADM,train
BigGAN\961_biggan_00066.jpg,1,BigGAN,train
Nature\n01770081_375.JPEG,0,Nature,train
ADM\841_adm_181.jpg,1,ADM,train
stable_diffusion_v_1_5\430_sdv5_00057.jpg,1,stable_diffusion_v_1_5,train
Nature\n01582220_3011.JPEG,0,Nature,train
Nature\n01742172_14198.JPEG,0,Nature,train
Nature\n01514859_12645.JPEG,0,Nature,train
Nature\n02011460_4552.JPEG,0,Nature,train
Nature\n01833805_9725.JPEG,0,Nature,train
Nature\n01978455_2376.JPEG,0,Nature,train
BigGAN\230_biggan_00148.jpg,1,BigGAN,train
Nature\n01773797_5301.JPEG,0,Nature,train
stable_diffusion_v_1_5\013_sdv5_00087.jpg,1,stable_diffusion_v_1_5,train
BigGAN\428_biggan_00196.jpg,1,BigGAN,train
BigGAN\593_biggan_00127.jpg,1,BigGAN,train
BigGAN\905_biggan_00150.jpg,1,BigGAN,train
ADM\854_adm_57.jpg,1,ADM,train
stable_diffusion_v_1_5\400_sdv5_00129.jpg,1,stable_diffusion_v_1_5,train
BigGAN\789_biggan_00196.jpg,1,BigGAN,train
stable_diffusion_v_1_5\834_sdv5_00102.jpg,1,stable_diffusion_v_1_5,train
stable_diffusion_v_1_5\575_sdv5_00137.jpg,1,stable_diffusion_v_1_5,train
BigGAN\622_biggan_00058.jpg,1,BigGAN,train
Nature\n01775062_1488.JPEG,0,Nature,train
Nature\n01943899_20134.JPEG,0,Nature,train
stable_diffusion_v_1_5\937_sdv5_00066.jpg,1,stable_diffusion_v_1_5,train
BigGAN\430_biggan_00033.jpg,1,BigGAN,train
Nature\n01614925_7178.JPEG,0,Nature,train
stable_diffusion_v_1_5\460_sdv5_00016.jpg,1,stable_diffusion_v_1_5,train
Nature\n01773157_1610.JPEG,0,Nature,train
ADM\524_adm_157.jpg,1,ADM,train
Nature\n01855672_6651.JPEG,0,Nature,train
BigGAN\590_biggan_00035.jpg,1,BigGAN,train
ADM\169_adm_2.jpg,1,ADM,train
ADM\504_adm_137.jpg,1,ADM,train
Nature\n01833805_5376.JPEG,0,Nature,train
stable_diffusion_v_1_5\646_sdv5_00003.jpg,1,stable_diffusion_v_1_5,train
stable_diffusion_v_1_5\473_sdv5_00036.jpg,1,stable_diffusion_v_1_5,train
ADM\669_adm_34.jpg,1,ADM,train
stable_diffusion_v_1_5\608_sdv5_00039.jpg,1,stable_diffusion_v_1_5,train
ADM\747_adm_177.jpg,1,ADM,train
Nature\n03018349_20039.JPEG,0,Nature,train
Nature\n01614925_1314.JPEG,0,Nature,train
Nature\n01828970_8262.JPEG,0,Nature,train
BigGAN\462_biggan_00102.jpg,1,BigGAN,train
ADM\736_adm_92.jpg,1,ADM,train
Nature\ILSVRC2012_val_00013702.JPEG,0,Nature,train
Nature\n01622779_6156.JPEG,0,Nature,train
Nature\ILSVRC2012_val_00045858.JPEG,0,Nature,train
ADM\199_adm_177.jpg,1,ADM,train
stable_diffusion_v_1_5\511_sdv5_00170.jpg,1,stable_diffusion_v_1_5,train
ADM\29_adm_174.jpg,1,ADM,train
Nature\n01531178_3171.JPEG,0,Nature,train
BigGAN\173_biggan_00175.jpg,1,BigGAN,train
Nature\n02966193_19196.JPEG,0,Nature,train
BigGAN\227_biggan_00035.jpg,1,BigGAN,train
Nature\n01775062_8323.JPEG,0,Nature,train
stable_diffusion_v_1_5\839_sdv5_00051.jpg,1,stable_diffusion_v_1_5,train
BigGAN\496_biggan_00143.jpg,1,BigGAN,train
Nature\n01531178_11124.JPEG,0,Nature,train
BigGAN\612_biggan_00083.jpg,1,BigGAN,train
stable_diffusion_v_1_5\561_sdv5_00157.jpg,1,stable_diffusion_v_1_5,train
ADM\97_adm_0.jpg,1,ADM,train
ADM\817_adm_6.jpg,1,ADM,train
Nature\n01773797_7.JPEG,0,Nature,train
ADM\847_adm_159.jpg,1,ADM,train
Nature\n01820546_2421.JPEG,0,Nature,train
Nature\n01773157_8962.JPEG,0,Nature,train
BigGAN\774_biggan_00039.jpg,1,BigGAN,train
stable_diffusion_v_1_5\349_sdv5_00056.jpg,1,stable_diffusion_v_1_5,train
Nature\n01774384_6745.JPEG,0,Nature,train
BigGAN\605_biggan_00020.jpg,1,BigGAN,train
BigGAN\884_biggan_00039.jpg,1,BigGAN,train
Nature\n01950731_9510.JPEG,0,Nature,train
BigGAN\177_biggan_00083.jpg,1,BigGAN,train
ADM\709_adm_17.jpg,1,ADM,train
BigGAN\446_biggan_00120.jpg,1,BigGAN,train
BigGAN\783_biggan_00188.jpg,1,BigGAN,train
stable_diffusion_v_1_5\655_sdv5_00003.jpg,1,stable_diffusion_v_1_5,train
Nature\ILSVRC2012_val_00041556.JPEG,0,Nature,train
BigGAN\497_biggan_00190.jpg,1,BigGAN,train
stable_diffusion_v_1_5\384_sdv5_00076.jpg,1,stable_diffusion_v_1_5,train
stable_diffusion_v_1_5\176_sdv5_00195.jpg,1,stable_diffusion_v_1_5,train
stable_diffusion_v_1_5\089_sdv5_00086.jpg,1,stable_diffusion_v_1_5,train
stable_diffusion_v_1_5\575_sdv5_00130.jpg,1,stable_diffusion_v_1_5,train
BigGAN\603_biggan_00141.jpg,1,BigGAN,train
stable_diffusion_v_1_5\492_sdv5_00024.jpg,1,stable_diffusion_v_1_5,train
Nature\n01820546_2636.JPEG,0,Nature,train
BigGAN\196_biggan_00121.jpg,1,BigGAN,train
stable_diffusion_v_1_5\291_sdv5_00058.jpg,1,stable_diffusion_v_1_5,train
Nature\n02018207_3254.JPEG,0,Nature,train
Nature\ILSVRC2012_val_00035804.JPEG,0,Nature,train
ADM\567_adm_174.jpg,1,ADM,train
Nature\n01910747_12320.JPEG,0,Nature,train
Nature\ILSVRC2012_val_00019574.JPEG,0,Nature,train
stable_diffusion_v_1_5\442_sdv5_00122.jpg,1,stable_diffusion_v_1_5,train
ADM\595_adm_141.jpg,1,ADM,train
ADM\50_adm_85.jpg,1,ADM,train
ADM\256_adm_30.jpg,1,ADM,train
Nature\n01820546_6696.JPEG,0,Nature,train
Nature\ILSVRC2012_val_00024109.JPEG,0,Nature,train
ADM\223_adm_25.jpg,1,ADM,train
BigGAN\390_biggan_00178.jpg,1,BigGAN,train
stable_diffusion_v_1_5\367_sdv5_00119.jpg,1,stable_diffusion_v_1_5,train
stable_diffusion_v_1_5\261_sdv5_00077.jpg,1,stable_diffusion_v_1_5,train
Nature\n02006656_2813.JPEG,0,Nature,train
Nature\n01756291_11689.JPEG,0,Nature,train
stable_diffusion_v_1_5\913_sdv5_00135.jpg,1,stable_diffusion_v_1_5,train
BigGAN\328_biggan_00114.jpg,1,BigGAN,train
Nature\n01986214_24385.JPEG,0,Nature,train
Nature\ILSVRC2012_val_00017743.JPEG,0,Nature,train
BigGAN\458_biggan_00130.jpg,1,BigGAN,train
BigGAN\198_biggan_00142.jpg,1,BigGAN,train
BigGAN\192_biggan_00082.jpg,1,BigGAN,train
BigGAN\743_biggan_00104.jpg,1,BigGAN,train
ADM\13_adm_48.jpg,1,ADM,train
Nature\n01531178_4715.JPEG,0,Nature,train
ADM\247_adm_178.jpg,1,ADM,train
stable_diffusion_v_1_5\135_sdv5_00098.jpg,1,stable_diffusion_v_1_5,train
Nature\n02077923_6247.JPEG,0,Nature,train
Nature\n01775062_1155.JPEG,0,Nature,train
stable_diffusion_v_1_5\745_sdv5_00123.jpg,1,stable_diffusion_v_1_5,train
BigGAN\215_biggan_00123.jpg,1,BigGAN,train
Nature\n01774384_11085.JPEG,0,Nature,train
Nature\n01986214_4769.JPEG,0,Nature,train
Nature\n01986214_15721.JPEG,0,Nature,train
stable_diffusion_v_1_5\989_sdv5_00003.jpg,1,stable_diffusion_v_1_5,train
ADM\540_adm_127.jpg,1,ADM,train
Nature\n01775062_1428.JPEG,0,Nature,train
BigGAN\990_biggan_00196.jpg,1,BigGAN,train
BigGAN\312_biggan_00037.jpg,1,BigGAN,train
ADM\621_adm_122.jpg,1,ADM,train
stable_diffusion_v_1_5\010_sdv5_00177.jpg,1,stable_diffusion_v_1_5,train
Nature\ILSVRC2012_val_00007793.JPEG,0,Nature,train
Nature\n01819313_174.JPEG,0,Nature,train
stable_diffusion_v_1_5\520_sdv5_00124.jpg,1,stable_diffusion_v_1_5,train
ADM\319_adm_89.jpg,1,ADM,train
ADM\107_adm_142.jpg,1,ADM,train
BigGAN\919_biggan_00056.jpg,1,BigGAN,train
ADM\996_adm_80.jpg,1,ADM,train
Nature\n01773157_559.JPEG,0,Nature,train
stable_diffusion_v_1_5\983_sdv5_00185.jpg,1,stable_diffusion_v_1_5,train
stable_diffusion_v_1_5\032_sdv5_00137.jpg,1,stable_diffusion_v_1_5,train
stable_diffusion_v_1_5\672_sdv5_00160.jpg,1,stable_diffusion_v_1_5,train
stable_diffusion_v_1_5\575_sdv5_00101.jpg,1,stable_diffusion_v_1_5,train
Nature\n01498041_1087.JPEG,0,Nature,train
stable_diffusion_v_1_5\354_sdv5_00086.jpg,1,stable_diffusion_v_1_5,train
Nature\n01630670_7420.JPEG,0,Nature,train
BigGAN\936_biggan_00035.jpg,1,BigGAN,train
stable_diffusion_v_1_5\606_sdv5_00026.jpg,1,stable_diffusion_v_1_5,train
ADM\810_adm_41.jpg,1,ADM,train
ADM\736_adm_180.jpg,1,ADM,train
BigGAN\515_biggan_00108.jpg,1,BigGAN,train
Nature\n01514668_21395.JPEG,0,Nature,train
ADM\871_adm_121.jpg,1,ADM,train
Nature\ILSVRC2012_val_00001336.JPEG,0,Nature,train
Nature\n01950731_1687.JPEG,0,Nature,train
ADM\818_adm_87.jpg,1,ADM,train
Nature\n01944390_9125.JPEG,0,Nature,train
Nature\n01614925_7489.JPEG,0,Nature,train
ADM\338_adm_4.jpg,1,ADM,train
ADM\370_adm_166.jpg,1,ADM,train
ADM\852_adm_91.jpg,1,ADM,train
ADM\573_adm_36.jpg,1,ADM,train
Nature\n01955084_17622.JPEG,0,Nature,train
Nature\ILSVRC2012_val_00017252.JPEG,0,Nature,train
BigGAN\364_biggan_00020.jpg,1,BigGAN,train
Nature\n01774384_9040.JPEG,0,Nature,train
ADM\900_adm_50.jpg,1,ADM,train
stable_diffusion_v_1_5\750_sdv5_00154.jpg,1,stable_diffusion_v_1_5,train
stable_diffusion_v_1_5\088_sdv5_00095.jpg,1,stable_diffusion_v_1_5,train
BigGAN\462_biggan_00043.jpg,1,BigGAN,train
stable_diffusion_v_1_5\690_sdv5_00171.jpg,1,stable_diffusion_v_1_5,train
stable_diffusion_v_1_5\059_sdv5_00193.jpg,1,stable_diffusion_v_1_5,train
BigGAN\874_biggan_00039.jpg,1,BigGAN,train
ADM\946_adm_72.jpg,1,ADM,train
ADM\114_adm_157.jpg,1,ADM,train
Nature\n01819313_867.JPEG,0,Nature,train
Nature\n01950731_13484.JPEG,0,Nature,train
ADM\800_adm_29.jpg,1,ADM,train
Nature\n02231487_6747.JPEG,0,Nature,train
Nature\n01537544_2244.JPEG,0,Nature,train
BigGAN\317_biggan_00056.jpg,1,BigGAN,train
Nature\n01498041_9135.JPEG,0,Nature,train
BigGAN\906_biggan_00076.jpg,1,BigGAN,train
Nature\n01950731_8902.JPEG,0,Nature,train
BigGAN\837_biggan_00014.jpg,1,BigGAN,train
ADM\772_adm_109.jpg,1,ADM,train
ADM\253_adm_142.jpg,1,ADM,train
Nature\n01833805_4575.JPEG,0,Nature,train
ADM\533_adm_136.jpg,1,ADM,train
stable_diffusion_v_1_5\758_sdv5_00082.jpg,1,stable_diffusion_v_1_5,train
ADM\9_adm_153.jpg,1,ADM,train
BigGAN\014_biggan_00143.jpg,1,BigGAN,train
BigGAN\175_biggan_00011.jpg,1,BigGAN,train
stable_diffusion_v_1_5\553_sdv5_00048.jpg,1,stable_diffusion_v_1_5,train
ADM\476_adm_188.jpg,1,ADM,train
stable_diffusion_v_1_5\804_sdv5_00096.jpg,1,stable_diffusion_v_1_5,train
ADM\360_adm_104.jpg,1,ADM,train
stable_diffusion_v_1_5\683_sdv5_00070.jpg,1,stable_diffusion_v_1_5,train
stable_diffusion_v_1_5\280_sdv5_00079.jpg,1,stable_diffusion_v_1_5,train
Nature\n01695060_23240.JPEG,0,Nature,train
Nature\n02012849_7272.JPEG,0,Nature,train
ADM\297_adm_85.jpg,1,ADM,train
stable_diffusion_v_1_5\863_sdv5_00115.jpg,1,stable_diffusion_v_1_5,train
stable_diffusion_v_1_5\066_sdv5_00135.jpg,1,stable_diffusion_v_1_5,train
ADM\148_adm_16.jpg,1,ADM,train
stable_diffusion_v_1_5\619_sdv5_00039.jpg,1,stable_diffusion_v_1_5,train
ADM\181_adm_92.jpg,1,ADM,train
stable_diffusion_v_1_5\837_sdv5_00087.jpg,1,stable_diffusion_v_1_5,train
BigGAN\435_biggan_00036.jpg,1,BigGAN,train
Nature\n01592084_5739.JPEG,0,Nature,train
Nature\n01531178_6757.JPEG,0,Nature,train
Nature\n01773549_7260.JPEG,0,Nature,train
ADM\802_adm_88.jpg,1,ADM,train
Nature\n01514859_3888.JPEG,0,Nature,train
stable_diffusion_v_1_5\504_sdv5_00083.jpg,1,stable_diffusion_v_1_5,train
ADM\671_adm_132.jpg,1,ADM,train
BigGAN\695_biggan_00191.jpg,1,BigGAN,train
Nature\n02027492_6157.JPEG,0,Nature,train
BigGAN\640_biggan_00016.jpg,1,BigGAN,train
BigGAN\073_biggan_00131.jpg,1,BigGAN,train
ADM\401_adm_34.jpg,1,ADM,train
Nature\n01601694_1999.JPEG,0,Nature,train
ADM\739_adm_180.jpg,1,ADM,train
ADM\119_adm_21.jpg,1,ADM,train
ADM\0_adm_123.jpg,1,ADM,train
Nature\n01773157_1826.JPEG,0,Nature,train
BigGAN\381_biggan_00002.jpg,1,BigGAN,train
ADM\875_adm_134.jpg,1,ADM,train
Nature\n01514859_11584.JPEG,0,Nature,train
stable_diffusion_v_1_5\331_sdv5_00009.jpg,1,stable_diffusion_v_1_5,train
stable_diffusion_v_1_5\345_sdv5_00101.jpg,1,stable_diffusion_v_1_5,train
BigGAN\465_biggan_00163.jpg,1,BigGAN,train
stable_diffusion_v_1_5\459_sdv5_00156.jpg,1,stable_diffusion_v_1_5,train
ADM\916_adm_23.jpg,1,ADM,train
Nature\n01774750_8438.JPEG,0,Nature,train
BigGAN\743_biggan_00154.jpg,1,BigGAN,train
ADM\379_adm_64.jpg,1,ADM,train
Nature\n01795545_2690.JPEG,0,Nature,train
Nature\n01950731_18375.JPEG,0,Nature,train
Nature\n01537544_7075.JPEG,0,Nature,train
BigGAN\673_biggan_00183.jpg,1,BigGAN,train
BigGAN\377_biggan_00077.jpg,1,BigGAN,train
ADM\767_adm_114.jpg,1,ADM,train
Nature\n02058221_12652.JPEG,0,Nature,train
Nature\ILSVRC2012_val_00041437.JPEG,0,Nature,train
BigGAN\996_biggan_00143.jpg,1,BigGAN,train
stable_diffusion_v_1_5\613_sdv5_00018.jpg,1,stable_diffusion_v_1_5,train
ADM\251_adm_143.jpg,1,ADM,train
stable_diffusion_v_1_5\599_sdv5_00078.jpg,1,stable_diffusion_v_1_5,train
ADM\51_adm_76.jpg,1,ADM,train
Nature\n02051845_2813.JPEG,0,Nature,train
BigGAN\835_biggan_00152.jpg,1,BigGAN,train
ADM\644_adm_45.jpg,1,ADM,train
BigGAN\475_biggan_00020.jpg,1,BigGAN,train
Nature\ILSVRC2012_val_00017320.JPEG,0,Nature,train
stable_diffusion_v_1_5\112_sdv5_00011.jpg,1,stable_diffusion_v_1_5,train
stable_diffusion_v_1_5\119_sdv5_00098.jpg,1,stable_diffusion_v_1_5,train
ADM\663_adm_53.jpg,1,ADM,train
stable_diffusion_v_1_5\098_sdv5_00057.jpg,1,stable_diffusion_v_1_5,train
Nature\ILSVRC2012_val_00005058.JPEG,0,Nature,train
Nature\n01531178_18788.JPEG,0,Nature,train
Nature\n01614925_5578.JPEG,0,Nature,train
ADM\609_adm_174.jpg,1,ADM,train
ADM\50_adm_101.jpg,1,ADM,train
stable_diffusion_v_1_5\341_sdv5_00100.jpg,1,stable_diffusion_v_1_5,train
stable_diffusion_v_1_5\329_sdv5_00184.jpg,1,stable_diffusion_v_1_5,train
stable_diffusion_v_1_5\781_sdv5_00027.jpg,1,stable_diffusion_v_1_5,train
ADM\685_adm_184.jpg,1,ADM,train
Nature\n01944390_8775.JPEG,0,Nature,train
stable_diffusion_v_1_5\906_sdv5_00127.jpg,1,stable_diffusion_v_1_5,train
Nature\ILSVRC2012_val_00010916.JPEG,0,Nature,train
BigGAN\320_biggan_00129.jpg,1,BigGAN,train
ADM\637_adm_153.jpg,1,ADM,train
Nature\n02018207_5808.JPEG,0,Nature,train
Nature\n01560419_4401.JPEG,0,Nature,train
Nature\n01729977_8284.JPEG,0,Nature,train
stable_diffusion_v_1_5\418_sdv5_00121.jpg,1,stable_diffusion_v_1_5,train
Nature\n01773797_4556.JPEG,0,Nature,train
Nature\n02012849_7476.JPEG,0,Nature,train
Nature\n02037110_3844.JPEG,0,Nature,train
Nature\n01819313_5110.JPEG,0,Nature,train
Nature\n01843383_5904.JPEG,0,Nature,train
ADM\253_adm_41.jpg,1,ADM,train
Nature\n01537544_9625.JPEG,0,Nature,train
ADM\275_adm_156.jpg,1,ADM,train
BigGAN\528_biggan_00081.jpg,1,BigGAN,train
ADM\571_adm_62.jpg,1,ADM,train
stable_diffusion_v_1_5\424_sdv5_00053.jpg,1,stable_diffusion_v_1_5,train
Nature\n01608432_3483.JPEG,0,Nature,train
Nature\n01774384_19736.JPEG,0,Nature,train
BigGAN\977_biggan_00123.jpg,1,BigGAN,train
stable_diffusion_v_1_5\588_sdv5_00069.jpg,1,stable_diffusion_v_1_5,train
Nature\n01795545_5962.JPEG,0,Nature,train
Nature\n01770081_10764.JPEG,0,Nature,train
stable_diffusion_v_1_5\600_sdv5_00003.jpg,1,stable_diffusion_v_1_5,train
stable_diffusion_v_1_5\686_sdv5_00117.jpg,1,stable_diffusion_v_1_5,train
stable_diffusion_v_1_5\497_sdv5_00011.jpg,1,stable_diffusion_v_1_5,train
Nature\n01728572_2310.JPEG,0,Nature,train
stable_diffusion_v_1_5\002_sdv5_00069.jpg,1,stable_diffusion_v_1_5,train
ADM\664_adm_39.jpg,1,ADM,train
Nature\n01687978_7573.JPEG,0,Nature,train
Nature\n01632458_1567.JPEG,0,Nature,train
stable_diffusion_v_1_5\195_sdv5_00119.jpg,1,stable_diffusion_v_1_5,train
stable_diffusion_v_1_5\484_sdv5_00139.jpg,1,stable_diffusion_v_1_5,train
stable_diffusion_v_1_5\111_sdv5_00195.jpg,1,stable_diffusion_v_1_5,train
ADM\820_adm_83.jpg,1,ADM,train
Nature\n01776313_4185.JPEG,0,Nature,train
Nature\n01729322_17782.JPEG,0,Nature,train
Nature\n02481823_6458.JPEG,0,Nature,train
stable_diffusion_v_1_5\435_sdv5_00018.jpg,1,stable_diffusion_v_1_5,train
ADM\137_adm_66.jpg,1,ADM,train
BigGAN\046_biggan_00048.jpg,1,BigGAN,train
stable_diffusion_v_1_5\489_sdv5_00017.jpg,1,stable_diffusion_v_1_5,train
BigGAN\121_biggan_00191.jpg,1,BigGAN,train
Nature\ILSVRC2012_val_00017269.JPEG,0,Nature,train
ADM\446_adm_153.jpg,1,ADM,train
stable_diffusion_v_1_5\412_sdv5_00070.jpg,1,stable_diffusion_v_1_5,train
stable_diffusion_v_1_5\831_sdv5_00073.jpg,1,stable_diffusion_v_1_5,train
Nature\ILSVRC2012_val_00029421.JPEG,0,Nature,train
ADM\579_adm_191.jpg,1,ADM,train
Nature\ILSVRC2012_val_00041832.JPEG,0,Nature,train
Nature\n01592084_3763.JPEG,0,Nature,train
BigGAN\902_biggan_00182.jpg,1,BigGAN,train
Nature\n01824575_5779.JPEG,0,Nature,train
ADM\557_adm_85.jpg,1,ADM,train
BigGAN\941_biggan_00078.jpg,1,BigGAN,train
ADM\709_adm_112.jpg,1,ADM,train
Nature\n01833805_10333.JPEG,0,Nature,train
BigGAN\199_biggan_00006.jpg,1,BigGAN,train
Nature\n02058221_12881.JPEG,0,Nature,train
stable_diffusion_v_1_5\268_sdv5_00014.jpg,1,stable_diffusion_v_1_5,train
BigGAN\901_biggan_00185.jpg,1,BigGAN,train
ADM\530_adm_6.jpg,1,ADM,train
Nature\ILSVRC2012_val_00025325.JPEG,0,Nature,train
ADM\494_adm_42.jpg,1,ADM,train
BigGAN\252_biggan_00035.jpg,1,BigGAN,train
ADM\649_adm_7.jpg,1,ADM,train
ADM\608_adm_85.jpg,1,ADM,train
stable_diffusion_v_1_5\714_sdv5_00153.jpg,1,stable_diffusion_v_1_5,train
BigGAN\048_biggan_00035.jpg,1,BigGAN,train
stable_diffusion_v_1_5\400_sdv5_00026.jpg,1,stable_diffusion_v_1_5,train
Nature\n04153751_3804.JPEG,0,Nature,train
BigGAN\056_biggan_00058.jpg,1,BigGAN,train
BigGAN\066_biggan_00039.jpg,1,BigGAN,train
stable_diffusion_v_1_5\170_sdv5_00109.jpg,1,stable_diffusion_v_1_5,train
stable_diffusion_v_1_5\390_sdv5_00066.jpg,1,stable_diffusion_v_1_5,train
stable_diffusion_v_1_5\212_sdv5_00003.jpg,1,stable_diffusion_v_1_5,train
Nature\n01930112_14916.JPEG,0,Nature,train
Nature\ILSVRC2012_val_00018950.JPEG,0,Nature,train
stable_diffusion_v_1_5\897_sdv5_00003.jpg,1,stable_diffusion_v_1_5,train
BigGAN\959_biggan_00178.jpg,1,BigGAN,train
Nature\ILSVRC2012_val_00025667.JPEG,0,Nature,train
Nature\n02006656_9782.JPEG,0,Nature,train
BigGAN\676_biggan_00079.jpg,1,BigGAN,train
ADM\734_adm_85.jpg,1,ADM,train
stable_diffusion_v_1_5\378_sdv5_00081.jpg,1,stable_diffusion_v_1_5,train
Nature\n02037110_11440.JPEG,0,Nature,train
stable_diffusion_v_1_5\094_sdv5_00020.jpg,1,stable_diffusion_v_1_5,train
stable_diffusion_v_1_5\717_sdv5_00153.jpg,1,stable_diffusion_v_1_5,train
stable_diffusion_v_1_5\811_sdv5_00039.jpg,1,stable_diffusion_v_1_5,train
stable_diffusion_v_1_5\582_sdv5_00087.jpg,1,stable_diffusion_v_1_5,train
Nature\n01968897_478.JPEG,0,Nature,train
ADM\463_adm_181.jpg,1,ADM,train
stable_diffusion_v_1_5\060_sdv5_00110.jpg,1,stable_diffusion_v_1_5,train
stable_diffusion_v_1_5\689_sdv5_00153.jpg,1,stable_diffusion_v_1_5,train
Nature\n01775062_3440.JPEG,0,Nature,train
Nature\n02011460_8847.JPEG,0,Nature,train
ADM\875_adm_155.jpg,1,ADM,train
BigGAN\066_biggan_00012.jpg,1,BigGAN,train
BigGAN\730_biggan_00104.jpg,1,BigGAN,train
BigGAN\285_biggan_00017.jpg,1,BigGAN,train
stable_diffusion_v_1_5\364_sdv5_00138.jpg,1,stable_diffusion_v_1_5,train
BigGAN\188_biggan_00134.jpg,1,BigGAN,train
stable_diffusion_v_1_5\551_sdv5_00169.jpg,1,stable_diffusion_v_1_5,train
stable_diffusion_v_1_5\174_sdv5_00176.jpg,1,stable_diffusion_v_1_5,train
BigGAN\096_biggan_00143.jpg,1,BigGAN,train
BigGAN\692_biggan_00091.jpg,1,BigGAN,train
ADM\928_adm_66.jpg,1,ADM,train
stable_diffusion_v_1_5\794_sdv5_00177.jpg,1,stable_diffusion_v_1_5,train
Nature\n01883070_1236.JPEG,0,Nature,train
BigGAN\514_biggan_00013.jpg,1,BigGAN,train
ADM\561_adm_191.jpg,1,ADM,train
BigGAN\146_biggan_00066.jpg,1,BigGAN,train
BigGAN\772_biggan_00119.jpg,1,BigGAN,train
stable_diffusion_v_1_5\043_sdv5_00144.jpg,1,stable_diffusion_v_1_5,train
Nature\n01514668_16158.JPEG,0,Nature,train
Nature\n01514668_14690.JPEG,0,Nature,train
BigGAN\850_biggan_00160.jpg,1,BigGAN,train
ADM\177_adm_149.jpg,1,ADM,train
BigGAN\418_biggan_00035.jpg,1,BigGAN,train
ADM\976_adm_34.jpg,1,ADM,train
BigGAN\593_biggan_00170.jpg,1,BigGAN,train
ADM\814_adm_91.jpg,1,ADM,train
ADM\663_adm_31.jpg,1,ADM,train
ADM\91_adm_131.jpg,1,ADM,train
stable_diffusion_v_1_5\445_sdv5_00061.jpg,1,stable_diffusion_v_1_5,train
Nature\n01773157_8352.JPEG,0,Nature,train
BigGAN\131_biggan_00050.jpg,1,BigGAN,train
ADM\831_adm_135.jpg,1,ADM,train
stable_diffusion_v_1_5\473_sdv5_00039.jpg,1,stable_diffusion_v_1_5,train
Nature\n01843383_5933.JPEG,0,Nature,train
stable_diffusion_v_1_5\432_sdv5_00120.jpg,1,stable_diffusion_v_1_5,train
BigGAN\022_biggan_00036.jpg,1,BigGAN,train
Nature\n01776313_63887.JPEG,0,Nature,train
BigGAN\340_biggan_00165.jpg,1,BigGAN,train
ADM\425_adm_149.jpg,1,ADM,train
ADM\162_adm_4.jpg,1,ADM,train
Nature\n02006656_9493.JPEG,0,Nature,train
Nature\n02011460_1764.JPEG,0,Nature,train
ADM\763_adm_177.jpg,1,ADM,train
Nature\n01443537_13278.JPEG,0,Nature,train
Nature\n01773797_277.JPEG,0,Nature,train
ADM\627_adm_19.jpg,1,ADM,train
ADM\325_adm_85.jpg,1,ADM,train
BigGAN\585_biggan_00185.jpg,1,BigGAN,train
Nature\n01537544_2096.JPEG,0,Nature,train
ADM\793_adm_174.jpg,1,ADM,train
BigGAN\992_biggan_00001.jpg,1,BigGAN,train
Nature\n02666196_10144.JPEG,0,Nature,train
Nature\ILSVRC2012_val_00044798.JPEG,0,Nature,train
Nature\n01774384_14351.JPEG,0,Nature,train
BigGAN\462_biggan_00141.jpg,1,BigGAN,train
stable_diffusion_v_1_5\641_sdv5_00008.jpg,1,stable_diffusion_v_1_5,train
Nature\n01592084_3150.JPEG,0,Nature,train
Nature\ILSVRC2012_val_00017054.JPEG,0,Nature,train
Nature\ILSVRC2012_val_00004226.JPEG,0,Nature,train
stable_diffusion_v_1_5\037_sdv5_00167.jpg,1,stable_diffusion_v_1_5,train
stable_diffusion_v_1_5\601_sdv5_00102.jpg,1,stable_diffusion_v_1_5,train
Nature\n07614500_21092.JPEG,0,Nature,train
Nature\n01560419_294.JPEG,0,Nature,train
Nature\n01531178_7383.JPEG,0,Nature,train
stable_diffusion_v_1_5\643_sdv5_00021.jpg,1,stable_diffusion_v_1_5,train
BigGAN\974_biggan_00074.jpg,1,BigGAN,train
ADM\184_adm_115.jpg,1,ADM,train
Nature\n01829413_3952.JPEG,0,Nature,train
BigGAN\598_biggan_00049.jpg,1,BigGAN,train
stable_diffusion_v_1_5\014_sdv5_00186.jpg,1,stable_diffusion_v_1_5,train
Nature\n01978455_339.JPEG,0,Nature,train
ADM\854_adm_143.jpg,1,ADM,train
BigGAN\990_biggan_00127.jpg,1,BigGAN,train
Nature\ILSVRC2012_val_00010053.JPEG,0,Nature,train
ADM\906_adm_33.jpg,1,ADM,train
BigGAN\039_biggan_00124.jpg,1,BigGAN,train
stable_diffusion_v_1_5\912_sdv5_00006.jpg,1,stable_diffusion_v_1_5,train
Nature\n02028035_12525.JPEG,0,Nature,train
stable_diffusion_v_1_5\057_sdv5_00123.jpg,1,stable_diffusion_v_1_5,train
BigGAN\813_biggan_00120.jpg,1,BigGAN,train
Nature\n01735189_14262.JPEG,0,Nature,train
stable_diffusion_v_1_5\525_sdv5_00148.jpg,1,stable_diffusion_v_1_5,train
Nature\n01773157_7032.JPEG,0,Nature,train
stable_diffusion_v_1_5\015_sdv5_00064.jpg,1,stable_diffusion_v_1_5,train
Nature\ILSVRC2012_val_00010457.JPEG,0,Nature,train
stable_diffusion_v_1_5\872_sdv5_00067.jpg,1,stable_diffusion_v_1_5,train
Nature\ILSVRC2012_val_00020988.JPEG,0,Nature,train
Nature\n01484850_1753.JPEG,0,Nature,train
BigGAN\695_biggan_00031.jpg,1,BigGAN,train
stable_diffusion_v_1_5\848_sdv5_00153.jpg,1,stable_diffusion_v_1_5,train
BigGAN\685_biggan_00000.jpg,1,BigGAN,train
Nature\n01498041_5575.JPEG,0,Nature,train
ADM\418_adm_174.jpg,1,ADM,train
Nature\n01806143_8893.JPEG,0,Nature,train
ADM\476_adm_3.jpg,1,ADM,train
BigGAN\168_biggan_00180.jpg,1,BigGAN,train
stable_diffusion_v_1_5\215_sdv5_00088.jpg,1,stable_diffusion_v_1_5,train
ADM\977_adm_34.jpg,1,ADM,train
Nature\n02099601_5426.JPEG,0,Nature,train
Nature\n02107683_3721.JPEG,0,Nature,train
Nature\n01667778_3001.JPEG,0,Nature,train
ADM\857_adm_86.jpg,1,ADM,train
BigGAN\533_biggan_00091.jpg,1,BigGAN,train
BigGAN\389_biggan_00107.jpg,1,BigGAN,train
stable_diffusion_v_1_5\108_sdv5_00039.jpg,1,stable_diffusion_v_1_5,train
ADM\465_adm_44.jpg,1,ADM,train
stable_diffusion_v_1_5\141_sdv5_00003.jpg,1,stable_diffusion_v_1_5,train
Nature\n01742172_7898.JPEG,0,Nature,train
stable_diffusion_v_1_5\529_sdv5_00193.jpg,1,stable_diffusion_v_1_5,train
stable_diffusion_v_1_5\116_sdv5_00182.jpg,1,stable_diffusion_v_1_5,train
Nature\n01950731_9707.JPEG,0,Nature,train
ADM\439_adm_120.jpg,1,ADM,train
ADM\583_adm_163.jpg,1,ADM,train
ADM\286_adm_125.jpg,1,ADM,train
ADM\231_adm_174.jpg,1,ADM,train
Nature\ILSVRC2012_val_00032091.JPEG,0,Nature,train
ADM\448_adm_165.jpg,1,ADM,train
ADM\513_adm_111.jpg,1,ADM,train
BigGAN\188_biggan_00182.jpg,1,BigGAN,train
stable_diffusion_v_1_5\288_sdv5_00188.jpg,1,stable_diffusion_v_1_5,train
ADM\842_adm_75.jpg,1,ADM,train
Nature\n02007558_3140.JPEG,0,Nature,train
ADM\843_adm_72.jpg,1,ADM,train
Nature\n01514668_13876.JPEG,0,Nature,train
Nature\ILSVRC2012_val_00021063.JPEG,0,Nature,train
stable_diffusion_v_1_5\572_sdv5_00032.jpg,1,stable_diffusion_v_1_5,train
stable_diffusion_v_1_5\395_sdv5_00060.jpg,1,stable_diffusion_v_1_5,train
Nature\ILSVRC2012_val_00023750.JPEG,0,Nature,train
Nature\n02028035_8924.JPEG,0,Nature,train
Nature\n01773797_4406.JPEG,0,Nature,train
Nature\n01592084_6695.JPEG,0,Nature,train
BigGAN\439_biggan_00087.jpg,1,BigGAN,train
Nature\n01944390_20097.JPEG,0,Nature,train
Nature\n01749939_5873.JPEG,0,Nature,train
Nature\n01985128_52866.JPEG,0,Nature,train
ADM\160_adm_153.jpg,1,ADM,train
Nature\n01514859_3197.JPEG,0,Nature,train
ADM\542_adm_7.jpg,1,ADM,train
stable_diffusion_v_1_5\538_sdv5_00055.jpg,1,stable_diffusion_v_1_5,train
ADM\957_adm_85.jpg,1,ADM,train
Nature\n01514859_4770.JPEG,0,Nature,train
stable_diffusion_v_1_5\358_sdv5_00135.jpg,1,stable_diffusion_v_1_5,train
Nature\n01560419_6203.JPEG,0,Nature,train
ADM\974_adm_85.jpg,1,ADM,train
BigGAN\493_biggan_00026.jpg,1,BigGAN,train
stable_diffusion_v_1_5\499_sdv5_00176.jpg,1,stable_diffusion_v_1_5,train
ADM\575_adm_143.jpg,1,ADM,train
BigGAN\415_biggan_00093.jpg,1,BigGAN,train
stable_diffusion_v_1_5\648_sdv5_00184.jpg,1,stable_diffusion_v_1_5,train
stable_diffusion_v_1_5\280_sdv5_00069.jpg,1,stable_diffusion_v_1_5,train
Nature\n01514668_4173.JPEG,0,Nature,train
BigGAN\313_biggan_00052.jpg,1,BigGAN,train
BigGAN\102_biggan_00110.jpg,1,BigGAN,train
ADM\130_adm_133.jpg,1,ADM,train
ADM\69_adm_95.jpg,1,ADM,train
Nature\n01796340_1001.JPEG,0,Nature,train
ADM\709_adm_33.jpg,1,ADM,train
stable_diffusion_v_1_5\967_sdv5_00110.jpg,1,stable_diffusion_v_1_5,train
Nature\ILSVRC2012_val_00046422.JPEG,0,Nature,train
ADM\194_adm_176.jpg,1,ADM,train
ADM\286_adm_33.jpg,1,ADM,train
stable_diffusion_v_1_5\855_sdv5_00068.jpg,1,stable_diffusion_v_1_5,train
stable_diffusion_v_1_5\551_sdv5_00020.jpg,1,stable_diffusion_v_1_5,train
ADM\944_adm_10.jpg,1,ADM,train
stable_diffusion_v_1_5\405_sdv5_00100.jpg,1,stable_diffusion_v_1_5,train
ADM\260_adm_162.jpg,1,ADM,train
ADM\439_adm_89.jpg,1,ADM,train
BigGAN\379_biggan_00154.jpg,1,BigGAN,train
Nature\n01614925_9437.JPEG,0,Nature,train
ADM\871_adm_111.jpg,1,ADM,train
BigGAN\986_biggan_00102.jpg,1,BigGAN,train
stable_diffusion_v_1_5\834_sdv5_00001.jpg,1,stable_diffusion_v_1_5,train
BigGAN\113_biggan_00063.jpg,1,BigGAN,train
BigGAN\252_biggan_00032.jpg,1,BigGAN,train
Nature\n01877812_11130.JPEG,0,Nature,train
ADM\532_adm_16.jpg,1,ADM,train
Nature\n01776313_7090.JPEG,0,Nature,train
ADM\493_adm_28.jpg,1,ADM,train
stable_diffusion_v_1_5\489_sdv5_00140.jpg,1,stable_diffusion_v_1_5,train
Nature\n01820546_317.JPEG,0,Nature,train
Nature\n01818515_6581.JPEG,0,Nature,train
BigGAN\354_biggan_00137.jpg,1,BigGAN,train
stable_diffusion_v_1_5\212_sdv5_00009.jpg,1,stable_diffusion_v_1_5,train
ADM\572_adm_28.jpg,1,ADM,train
ADM\735_adm_114.jpg,1,ADM,train
BigGAN\423_biggan_00150.jpg,1,BigGAN,train
stable_diffusion_v_1_5\666_sdv5_00068.jpg,1,stable_diffusion_v_1_5,train
Nature\n01774750_13262.JPEG,0,Nature,train
ADM\140_adm_137.jpg,1,ADM,train
BigGAN\292_biggan_00072.jpg,1,BigGAN,train
BigGAN\953_biggan_00122.jpg,1,BigGAN,train
Nature\n01943899_15026.JPEG,0,Nature,train
BigGAN\969_biggan_00039.jpg,1,BigGAN,train
stable_diffusion_v_1_5\738_sdv5_00047.jpg,1,stable_diffusion_v_1_5,train
Nature\n01829413_1105.JPEG,0,Nature,train
ADM\687_adm_34.jpg,1,ADM,train
Nature\n01774750_3504.JPEG,0,Nature,train
Nature\n01833805_12712.JPEG,0,Nature,train
ADM\754_adm_7.jpg,1,ADM,train
Nature\ILSVRC2012_val_00015863.JPEG,0,Nature,train
BigGAN\839_biggan_00046.jpg,1,BigGAN,train
Nature\n01770393_27241.JPEG,0,Nature,train
ADM\897_adm_28.jpg,1,ADM,train
BigGAN\210_biggan_00076.jpg,1,BigGAN,train
BigGAN\512_biggan_00173.jpg,1,BigGAN,train
stable_diffusion_v_1_5\654_sdv5_00010.jpg,1,stable_diffusion_v_1_5,train
Nature\n01698640_8976.JPEG,0,Nature,train
Nature\n02006656_9905.JPEG,0,Nature,train
BigGAN\576_biggan_00143.jpg,1,BigGAN,train
Nature\n01592084_6422.JPEG,0,Nature,train
BigGAN\905_biggan_00103.jpg,1,BigGAN,train
ADM\149_adm_34.jpg,1,ADM,train
stable_diffusion_v_1_5\274_sdv5_00057.jpg,1,stable_diffusion_v_1_5,train
stable_diffusion_v_1_5\675_sdv5_00044.jpg,1,stable_diffusion_v_1_5,train
Nature\n01914609_8139.JPEG,0,Nature,train
BigGAN\887_biggan_00114.jpg,1,BigGAN,train
stable_diffusion_v_1_5\144_sdv5_00155.jpg,1,stable_diffusion_v_1_5,train
BigGAN\293_biggan_00146.jpg,1,BigGAN,train
stable_diffusion_v_1_5\370_sdv5_00003.jpg,1,stable_diffusion_v_1_5,train
Nature\ILSVRC2012_val_00046877.JPEG,0,Nature,train
Nature\n02006656_3383.JPEG,0,Nature,train
ADM\264_adm_7.jpg,1,ADM,train
ADM\915_adm_173.jpg,1,ADM,train
stable_diffusion_v_1_5\900_sdv5_00085.jpg,1,stable_diffusion_v_1_5,train
Nature\n01833805_4968.JPEG,0,Nature,train
ADM\294_adm_162.jpg,1,ADM,train
stable_diffusion_v_1_5\645_sdv5_00135.jpg,1,stable_diffusion_v_1_5,train
Nature\n01930112_11524.JPEG,0,Nature,train
ADM\759_adm_121.jpg,1,ADM,train
ADM\235_adm_149.jpg,1,ADM,train
Nature\n01537544_1043.JPEG,0,Nature,train
ADM\778_adm_181.jpg,1,ADM,train
stable_diffusion_v_1_5\078_sdv5_00010.jpg,1,stable_diffusion_v_1_5,train
Nature\n01855672_8898.JPEG,0,Nature,train
Nature\n01833805_202.JPEG,0,Nature,train
stable_diffusion_v_1_5\381_sdv5_00135.jpg,1,stable_diffusion_v_1_5,train
stable_diffusion_v_1_5\593_sdv5_00117.jpg,1,stable_diffusion_v_1_5,train
Nature\n02018207_6387.JPEG,0,Nature,train
stable_diffusion_v_1_5\762_sdv5_00073.jpg,1,stable_diffusion_v_1_5,train
ADM\708_adm_39.jpg,1,ADM,train
stable_diffusion_v_1_5\201_sdv5_00036.jpg,1,stable_diffusion_v_1_5,train
Nature\ILSVRC2012_val_00035947.JPEG,0,Nature,train
BigGAN\844_biggan_00127.jpg,1,BigGAN,train
Nature\n01770081_13250.JPEG,0,Nature,train
stable_diffusion_v_1_5\852_sdv5_00165.jpg,1,stable_diffusion_v_1_5,train
ADM\979_adm_153.jpg,1,ADM,train
stable_diffusion_v_1_5\049_sdv5_00027.jpg,1,stable_diffusion_v_1_5,train
Nature\n01582220_5766.JPEG,0,Nature,train
BigGAN\932_biggan_00018.jpg,1,BigGAN,train
stable_diffusion_v_1_5\672_sdv5_00108.jpg,1,stable_diffusion_v_1_5,train
ADM\267_adm_17.jpg,1,ADM,train
Nature\n01924916_3029.JPEG,0,Nature,train
stable_diffusion_v_1_5\775_sdv5_00062.jpg,1,stable_diffusion_v_1_5,train
ADM\154_adm_148.jpg,1,ADM,train
BigGAN\531_biggan_00001.jpg,1,BigGAN,train
stable_diffusion_v_1_5\695_sdv5_00118.jpg,1,stable_diffusion_v_1_5,train
ADM\162_adm_85.jpg,1,ADM,train
ADM\129_adm_153.jpg,1,ADM,train
BigGAN\491_biggan_00152.jpg,1,BigGAN,train
stable_diffusion_v_1_5\549_sdv5_00037.jpg,1,stable_diffusion_v_1_5,train
BigGAN\109_biggan_00078.jpg,1,BigGAN,train
ADM\395_adm_85.jpg,1,ADM,train
BigGAN\919_biggan_00127.jpg,1,BigGAN,train
stable_diffusion_v_1_5\830_sdv5_00014.jpg,1,stable_diffusion_v_1_5,train
ADM\712_adm_183.jpg,1,ADM,train
ADM\188_adm_146.jpg,1,ADM,train
ADM\567_adm_142.jpg,1,ADM,train
Nature\n01914609_16405.JPEG,0,Nature,train
ADM\11_adm_72.jpg,1,ADM,train
BigGAN\572_biggan_00020.jpg,1,BigGAN,train
Nature\n02011460_8637.JPEG,0,Nature,train
ADM\438_adm_80.jpg,1,ADM,train
Nature\n01532829_2326.JPEG,0,Nature,train
Nature\n01614925_4730.JPEG,0,Nature,train
Nature\n01531178_8683.JPEG,0,Nature,train
ADM\826_adm_131.jpg,1,ADM,train
stable_diffusion_v_1_5\244_sdv5_00171.jpg,1,stable_diffusion_v_1_5,train
stable_diffusion_v_1_5\820_sdv5_00003.jpg,1,stable_diffusion_v_1_5,train
Nature\n01514859_11646.JPEG,0,Nature,train
BigGAN\158_biggan_00026.jpg,1,BigGAN,train
ADM\476_adm_0.jpg,1,ADM,train
BigGAN\082_biggan_00069.jpg,1,BigGAN,train
BigGAN\939_biggan_00152.jpg,1,BigGAN,train
stable_diffusion_v_1_5\392_sdv5_00026.jpg,1,stable_diffusion_v_1_5,train
BigGAN\346_biggan_00024.jpg,1,BigGAN,train
BigGAN\891_biggan_00001.jpg,1,BigGAN,train
Nature\n01498041_21945.JPEG,0,Nature,train
stable_diffusion_v_1_5\001_sdv5_00094.jpg,1,stable_diffusion_v_1_5,train
Nature\n01855672_3562.JPEG,0,Nature,train
ADM\651_adm_71.jpg,1,ADM,train
Nature\n01847000_5963.JPEG,0,Nature,train
BigGAN\081_biggan_00017.jpg,1,BigGAN,train
ADM\920_adm_47.jpg,1,ADM,train
BigGAN\999_biggan_00190.jpg,1,BigGAN,train
Nature\n01828970_7684.JPEG,0,Nature,train
Nature\n01537544_8821.JPEG,0,Nature,train
stable_diffusion_v_1_5\719_sdv5_00198.jpg,1,stable_diffusion_v_1_5,train
stable_diffusion_v_1_5\921_sdv5_00153.jpg,1,stable_diffusion_v_1_5,train
stable_diffusion_v_1_5\571_sdv5_00184.jpg,1,stable_diffusion_v_1_5,train
Nature\ILSVRC2012_val_00002668.JPEG,0,Nature,train
Nature\n01950731_8935.JPEG,0,Nature,train
stable_diffusion_v_1_5\607_sdv5_00135.jpg,1,stable_diffusion_v_1_5,train
BigGAN\286_biggan_00016.jpg,1,BigGAN,train
ADM\57_adm_142.jpg,1,ADM,train
Nature\n01855672_6400.JPEG,0,Nature,train
stable_diffusion_v_1_5\738_sdv5_00114.jpg,1,stable_diffusion_v_1_5,train
ADM\819_adm_42.jpg,1,ADM,train
ADM\974_adm_7.jpg,1,ADM,train
Nature\n01950731_14115.JPEG,0,Nature,train
ADM\209_adm_53.jpg,1,ADM,train
Nature\n01693334_22754.JPEG,0,Nature,train
Nature\n01774750_5646.JPEG,0,Nature,train
Nature\n01855672_10587.JPEG,0,Nature,train
stable_diffusion_v_1_5\474_sdv5_00162.jpg,1,stable_diffusion_v_1_5,train
Nature\n02027492_3810.JPEG,0,Nature,train
BigGAN\565_biggan_00093.jpg,1,BigGAN,train
Nature\n01806143_10610.JPEG,0,Nature,train
stable_diffusion_v_1_5\143_sdv5_00181.jpg,1,stable_diffusion_v_1_5,train
Nature\n02013706_5230.JPEG,0,Nature,train
stable_diffusion_v_1_5\823_sdv5_00135.jpg,1,stable_diffusion_v_1_5,train
stable_diffusion_v_1_5\374_sdv5_00167.jpg,1,stable_diffusion_v_1_5,train
ADM\75_adm_7.jpg,1,ADM,train
stable_diffusion_v_1_5\424_sdv5_00052.jpg,1,stable_diffusion_v_1_5,train
Nature\n01582220_5746.JPEG,0,Nature,train
BigGAN\129_biggan_00179.jpg,1,BigGAN,train
ADM\294_adm_173.jpg,1,ADM,train
ADM\510_adm_85.jpg,1,ADM,train
stable_diffusion_v_1_5\970_sdv5_00195.jpg,1,stable_diffusion_v_1_5,train
BigGAN\639_biggan_00086.jpg,1,BigGAN,train
ADM\272_adm_132.jpg,1,ADM,train
Nature\n01860187_2398.JPEG,0,Nature,train
Nature\ILSVRC2012_val_00023206.JPEG,0,Nature,train
Nature\n01950731_14765.JPEG,0,Nature,train
stable_diffusion_v_1_5\565_sdv5_00102.jpg,1,stable_diffusion_v_1_5,train
ADM\322_adm_91.jpg,1,ADM,train
ADM\56_adm_89.jpg,1,ADM,train
ADM\465_adm_70.jpg,1,ADM,train
Nature\n01776313_35334.JPEG,0,Nature,train
stable_diffusion_v_1_5\111_sdv5_00020.jpg,1,stable_diffusion_v_1_5,train
stable_diffusion_v_1_5\353_sdv5_00052.jpg,1,stable_diffusion_v_1_5,train
BigGAN\306_biggan_00143.jpg,1,BigGAN,train
Nature\n01592084_7037.JPEG,0,Nature,train
BigGAN\418_biggan_00063.jpg,1,BigGAN,train
BigGAN\537_biggan_00020.jpg,1,BigGAN,train
BigGAN\509_biggan_00127.jpg,1,BigGAN,train
Nature\n01740131_16249.JPEG,0,Nature,train
stable_diffusion_v_1_5\091_sdv5_00003.jpg,1,stable_diffusion_v_1_5,train
Nature\n03131574_21778.JPEG,0,Nature,train
stable_diffusion_v_1_5\904_sdv5_00020.jpg,1,stable_diffusion_v_1_5,train
ADM\894_adm_166.jpg,1,ADM,train
Nature\n01742172_1838.JPEG,0,Nature,train
Nature\n11879895_6722.JPEG,0,Nature,train
ADM\201_adm_114.jpg,1,ADM,train
ADM\504_adm_35.jpg,1,ADM,train
BigGAN\063_biggan_00104.jpg,1,BigGAN,train
BigGAN\389_biggan_00110.jpg,1,BigGAN,train
stable_diffusion_v_1_5\288_sdv5_00139.jpg,1,stable_diffusion_v_1_5,train
Nature\n01914609_14004.JPEG,0,Nature,train
Nature\n02747177_28136.JPEG,0,Nature,train
BigGAN\064_biggan_00047.jpg,1,BigGAN,train
BigGAN\983_biggan_00118.jpg,1,BigGAN,train
stable_diffusion_v_1_5\202_sdv5_00001.jpg,1,stable_diffusion_v_1_5,train
BigGAN\410_biggan_00115.jpg,1,BigGAN,train
Nature\n01667778_7100.JPEG,0,Nature,train
Nature\n02011460_2711.JPEG,0,Nature,train
ADM\758_adm_41.jpg,1,ADM,train
ADM\773_adm_183.jpg,1,ADM,train
Nature\n01693334_5852.JPEG,0,Nature,train
ADM\477_adm_66.jpg,1,ADM,train
BigGAN\577_biggan_00074.jpg,1,BigGAN,train
ADM\455_adm_101.jpg,1,ADM,train
BigGAN\042_biggan_00069.jpg,1,BigGAN,train
BigGAN\924_biggan_00007.jpg,1,BigGAN,train
Nature\n01828970_4987.JPEG,0,Nature,train
BigGAN\798_biggan_00127.jpg,1,BigGAN,train
stable_diffusion_v_1_5\057_sdv5_00009.jpg,1,stable_diffusion_v_1_5,train
ADM\240_adm_11.jpg,1,ADM,train
ADM\230_adm_88.jpg,1,ADM,train
Nature\n01943899_21325.JPEG,0,Nature,train
stable_diffusion_v_1_5\207_sdv5_00140.jpg,1,stable_diffusion_v_1_5,train
ADM\902_adm_175.jpg,1,ADM,train
ADM\183_adm_191.jpg,1,ADM,train
stable_diffusion_v_1_5\311_sdv5_00105.jpg,1,stable_diffusion_v_1_5,train
Nature\n01514859_4139.JPEG,0,Nature,train
BigGAN\736_biggan_00075.jpg,1,BigGAN,train
Nature\n01531178_12021.JPEG,0,Nature,train
stable_diffusion_v_1_5\850_sdv5_00176.jpg,1,stable_diffusion_v_1_5,train
stable_diffusion_v_1_5\544_sdv5_00020.jpg,1,stable_diffusion_v_1_5,train
stable_diffusion_v_1_5\418_sdv5_00124.jpg,1,stable_diffusion_v_1_5,train
Nature\n01770393_27502.JPEG,0,Nature,train
stable_diffusion_v_1_5\476_sdv5_00061.jpg,1,stable_diffusion_v_1_5,train
Nature\n02804414_8699.JPEG,0,Nature,train
stable_diffusion_v_1_5\416_sdv5_00034.jpg,1,stable_diffusion_v_1_5,train
BigGAN\088_biggan_00006.jpg,1,BigGAN,train
ADM\550_adm_122.jpg,1,ADM,train
stable_diffusion_v_1_5\147_sdv5_00097.jpg,1,stable_diffusion_v_1_5,train
BigGAN\058_biggan_00039.jpg,1,BigGAN,train
BigGAN\724_biggan_00150.jpg,1,BigGAN,train
Nature\n02018207_13407.JPEG,0,Nature,train
BigGAN\061_biggan_00108.jpg,1,BigGAN,train
stable_diffusion_v_1_5\592_sdv5_00189.jpg,1,stable_diffusion_v_1_5,train
ADM\580_adm_47.jpg,1,ADM,train
Nature\n01734418_11027.JPEG,0,Nature,train
ADM\134_adm_139.jpg,1,ADM,train
Nature\n01742172_19235.JPEG,0,Nature,train
ADM\272_adm_177.jpg,1,ADM,train
BigGAN\177_biggan_00074.jpg,1,BigGAN,train
stable_diffusion_v_1_5\086_sdv5_00058.jpg,1,stable_diffusion_v_1_5,train
stable_diffusion_v_1_5\337_sdv5_00093.jpg,1,stable_diffusion_v_1_5,train
BigGAN\707_biggan_00069.jpg,1,BigGAN,train
ADM\402_adm_28.jpg,1,ADM,train
stable_diffusion_v_1_5\020_sdv5_00051.jpg,1,stable_diffusion_v_1_5,train
Nature\n01773549_2861.JPEG,0,Nature,train
BigGAN\830_biggan_00143.jpg,1,BigGAN,train
Nature\n01773797_216.JPEG,0,Nature,train
Nature\n01924916_6970.JPEG,0,Nature,train
ADM\240_adm_85.jpg,1,ADM,train
Nature\ILSVRC2012_val_00013223.JPEG,0,Nature,train
Nature\n01855672_13273.JPEG,0,Nature,train
ADM\142_adm_183.jpg,1,ADM,train
stable_diffusion_v_1_5\622_sdv5_00106.jpg,1,stable_diffusion_v_1_5,train
Nature\ILSVRC2012_val_00010649.JPEG,0,Nature,train
Nature\n02018207_9671.JPEG,0,Nature,train
BigGAN\903_biggan_00021.jpg,1,BigGAN,train
Nature\n01560419_2291.JPEG,0,Nature,train
Nature\n01847000_7518.JPEG,0,Nature,train
BigGAN\033_biggan_00161.jpg,1,BigGAN,train
ADM\854_adm_28.jpg,1,ADM,train
BigGAN\223_biggan_00057.jpg,1,BigGAN,train
Nature\n01614925_2381.JPEG,0,Nature,train
BigGAN\597_biggan_00109.jpg,1,BigGAN,train
Nature\n01592084_730.JPEG,0,Nature,train
Nature\n01820546_945.JPEG,0,Nature,train
BigGAN\316_biggan_00198.jpg,1,BigGAN,train
ADM\255_adm_32.jpg,1,ADM,train
Nature\ILSVRC2012_val_00042829.JPEG,0,Nature,train
Nature\n02006656_6729.JPEG,0,Nature,train
stable_diffusion_v_1_5\100_sdv5_00135.jpg,1,stable_diffusion_v_1_5,train
BigGAN\884_biggan_00094.jpg,1,BigGAN,train
stable_diffusion_v_1_5\722_sdv5_00148.jpg,1,stable_diffusion_v_1_5,train
BigGAN\011_biggan_00130.jpg,1,BigGAN,train
Nature\n01944390_11470.JPEG,0,Nature,train
Nature\n01833805_2504.JPEG,0,Nature,train
stable_diffusion_v_1_5\798_sdv5_00135.jpg,1,stable_diffusion_v_1_5,train
BigGAN\636_biggan_00159.jpg,1,BigGAN,train
BigGAN\291_biggan_00006.jpg,1,BigGAN,train
ADM\109_adm_39.jpg,1,ADM,train
stable_diffusion_v_1_5\139_sdv5_00160.jpg,1,stable_diffusion_v_1_5,train
ADM\758_adm_108.jpg,1,ADM,train
BigGAN\463_biggan_00017.jpg,1,BigGAN,train
Nature\n01514668_16615.JPEG,0,Nature,train
Nature\n04562935_1133.JPEG,0,Nature,train
stable_diffusion_v_1_5\090_sdv5_00191.jpg,1,stable_diffusion_v_1_5,train
ADM\88_adm_35.jpg,1,ADM,train
stable_diffusion_v_1_5\778_sdv5_00027.jpg,1,stable_diffusion_v_1_5,train
Nature\n02007558_6555.JPEG,0,Nature,train
ADM\708_adm_131.jpg,1,ADM,train
BigGAN\274_biggan_00035.jpg,1,BigGAN,train
ADM\937_adm_69.jpg,1,ADM,train
Nature\n01950731_17067.JPEG,0,Nature,train
ADM\335_adm_61.jpg,1,ADM,train
Nature\ILSVRC2012_val_00002449.JPEG,0,Nature,train
BigGAN\299_biggan_00039.jpg,1,BigGAN,train
BigGAN\090_biggan_00035.jpg,1,BigGAN,train
ADM\500_adm_36.jpg,1,ADM,train
Nature\n01582220_4804.JPEG,0,Nature,train
stable_diffusion_v_1_5\011_sdv5_00190.jpg,1,stable_diffusion_v_1_5,train
Nature\n01498041_4417.JPEG,0,Nature,train
ADM\238_adm_30.jpg,1,ADM,train
ADM\858_adm_190.jpg,1,ADM,train
BigGAN\209_biggan_00004.jpg,1,BigGAN,train
Nature\n01537544_1308.JPEG,0,Nature,train
ADM\55_adm_85.jpg,1,ADM,train
Nature\n01774384_4094.JPEG,0,Nature,train
BigGAN\719_biggan_00102.jpg,1,BigGAN,train
Nature\ILSVRC2012_val_00038563.JPEG,0,Nature,train
Nature\n01806143_4307.JPEG,0,Nature,train
ADM\869_adm_165.jpg,1,ADM,train
Nature\n02037110_3929.JPEG,0,Nature,train
Nature\n01978287_6155.JPEG,0,Nature,train
stable_diffusion_v_1_5\965_sdv5_00082.jpg,1,stable_diffusion_v_1_5,train
Nature\n02037110_4471.JPEG,0,Nature,train
ADM\407_adm_143.jpg,1,ADM,train
Nature\n01734418_9952.JPEG,0,Nature,train
ADM\71_adm_174.jpg,1,ADM,train
Nature\n01943899_34224.JPEG,0,Nature,train
ADM\32_adm_82.jpg,1,ADM,train
BigGAN\701_biggan_00067.jpg,1,BigGAN,train
BigGAN\644_biggan_00127.jpg,1,BigGAN,train
BigGAN\848_biggan_00162.jpg,1,BigGAN,train
ADM\304_adm_172.jpg,1,ADM,train
Nature\n01774750_6478.JPEG,0,Nature,train
Nature\n02012849_9274.JPEG,0,Nature,train
BigGAN\788_biggan_00020.jpg,1,BigGAN,train
ADM\568_adm_101.jpg,1,ADM,train
stable_diffusion_v_1_5\145_sdv5_00088.jpg,1,stable_diffusion_v_1_5,train
stable_diffusion_v_1_5\179_sdv5_00039.jpg,1,stable_diffusion_v_1_5,train
Nature\n01675722_4104.JPEG,0,Nature,train
BigGAN\719_biggan_00035.jpg,1,BigGAN,train
Nature\n04517823_33864.JPEG,0,Nature,train
stable_diffusion_v_1_5\536_sdv5_00040.jpg,1,stable_diffusion_v_1_5,train
Nature\n01770081_19442.JPEG,0,Nature,train
stable_diffusion_v_1_5\772_sdv5_00004.jpg,1,stable_diffusion_v_1_5,train
Nature\ILSVRC2012_val_00009186.JPEG,0,Nature,train
Nature\ILSVRC2012_val_00001114.JPEG,0,Nature,train
Nature\n01950731_17285.JPEG,0,Nature,train
ADM\693_adm_41.jpg,1,ADM,train
ADM\742_adm_165.jpg,1,ADM,train
Nature\n01775062_3742.JPEG,0,Nature,train
Nature\n01820546_4056.JPEG,0,Nature,train
ADM\481_adm_85.jpg,1,ADM,train
ADM\80_adm_105.jpg,1,ADM,train
BigGAN\054_biggan_00193.jpg,1,BigGAN,train
Nature\ILSVRC2012_val_00029356.JPEG,0,Nature,train
BigGAN\930_biggan_00039.jpg,1,BigGAN,train
Nature\n01950731_16688.JPEG,0,Nature,train
Nature\n01773549_839.JPEG,0,Nature,train
ADM\261_adm_51.jpg,1,ADM,train
Nature\n01770081_15028.JPEG,0,Nature,train
BigGAN\925_biggan_00076.jpg,1,BigGAN,train
BigGAN\643_biggan_00020.jpg,1,BigGAN,train
BigGAN\016_biggan_00143.jpg,1,BigGAN,train
BigGAN\849_biggan_00183.jpg,1,BigGAN,train
BigGAN\544_biggan_00063.jpg,1,BigGAN,train
ADM\918_adm_93.jpg,1,ADM,train
ADM\253_adm_32.jpg,1,ADM,train
ADM\198_adm_86.jpg,1,ADM,train
ADM\461_adm_124.jpg,1,ADM,train
BigGAN\281_biggan_00034.jpg,1,BigGAN,train
Nature\n01687978_6327.JPEG,0,Nature,train
stable_diffusion_v_1_5\010_sdv5_00139.jpg,1,stable_diffusion_v_1_5,train
stable_diffusion_v_1_5\938_sdv5_00093.jpg,1,stable_diffusion_v_1_5,train
stable_diffusion_v_1_5\575_sdv5_00072.jpg,1,stable_diffusion_v_1_5,train
BigGAN\525_biggan_00110.jpg,1,BigGAN,train
Nature\n01774750_495.JPEG,0,Nature,train
BigGAN\911_biggan_00190.jpg,1,BigGAN,train
stable_diffusion_v_1_5\260_sdv5_00181.jpg,1,stable_diffusion_v_1_5,train
BigGAN\303_biggan_00171.jpg,1,BigGAN,train
BigGAN\705_biggan_00154.jpg,1,BigGAN,train
stable_diffusion_v_1_5\876_sdv5_00074.jpg,1,stable_diffusion_v_1_5,train
Nature\n02018207_15419.JPEG,0,Nature,train
BigGAN\815_biggan_00139.jpg,1,BigGAN,train
Nature\ILSVRC2012_val_00024162.JPEG,0,Nature,train
Nature\n01924916_8184.JPEG,0,Nature,train
Nature\n02013706_1563.JPEG,0,Nature,train
stable_diffusion_v_1_5\807_sdv5_00084.jpg,1,stable_diffusion_v_1_5,train
Nature\n01582220_5417.JPEG,0,Nature,train
BigGAN\464_biggan_00044.jpg,1,BigGAN,train
ADM\152_adm_149.jpg,1,ADM,train
stable_diffusion_v_1_5\164_sdv5_00109.jpg,1,stable_diffusion_v_1_5,train
Nature\n01824575_2012.JPEG,0,Nature,train
ADM\953_adm_175.jpg,1,ADM,train
ADM\347_adm_16.jpg,1,ADM,train
ADM\133_adm_141.jpg,1,ADM,train
stable_diffusion_v_1_5\249_sdv5_00146.jpg,1,stable_diffusion_v_1_5,train
stable_diffusion_v_1_5\314_sdv5_00119.jpg,1,stable_diffusion_v_1_5,train
ADM\14_adm_121.jpg,1,ADM,train
stable_diffusion_v_1_5\922_sdv5_00056.jpg,1,stable_diffusion_v_1_5,train
stable_diffusion_v_1_5\237_sdv5_00049.jpg,1,stable_diffusion_v_1_5,train
BigGAN\364_biggan_00051.jpg,1,BigGAN,train
Nature\n01622779_7201.JPEG,0,Nature,train
BigGAN\592_biggan_00134.jpg,1,BigGAN,train
stable_diffusion_v_1_5\949_sdv5_00103.jpg,1,stable_diffusion_v_1_5,train
Nature\n01978287_4512.JPEG,0,Nature,train
Nature\n01855672_5916.JPEG,0,Nature,train
BigGAN\723_biggan_00134.jpg,1,BigGAN,train
Nature\n01756291_13648.JPEG,0,Nature,train
Nature\n01514859_12769.JPEG,0,Nature,train
BigGAN\065_biggan_00179.jpg,1,BigGAN,train
Nature\n01677366_7185.JPEG,0,Nature,train
stable_diffusion_v_1_5\266_sdv5_00109.jpg,1,stable_diffusion_v_1_5,train
stable_diffusion_v_1_5\801_sdv5_00045.jpg,1,stable_diffusion_v_1_5,train
Nature\n01770081_372.JPEG,0,Nature,train
BigGAN\510_biggan_00076.jpg,1,BigGAN,train
Nature\n01877812_583.JPEG,0,Nature,train
Nature\n01924916_6697.JPEG,0,Nature,train
ADM\560_adm_132.jpg,1,ADM,train
stable_diffusion_v_1_5\947_sdv5_00089.jpg,1,stable_diffusion_v_1_5,train
stable_diffusion_v_1_5\505_sdv5_00020.jpg,1,stable_diffusion_v_1_5,train
Nature\n02006656_7299.JPEG,0,Nature,train
stable_diffusion_v_1_5\369_sdv5_00198.jpg,1,stable_diffusion_v_1_5,train
ADM\135_adm_80.jpg,1,ADM,train
Nature\n01829413_6706.JPEG,0,Nature,train
Nature\n01950731_13091.JPEG,0,Nature,train
Nature\ILSVRC2012_val_00040987.JPEG,0,Nature,train
stable_diffusion_v_1_5\677_sdv5_00049.jpg,1,stable_diffusion_v_1_5,train
ADM\500_adm_173.jpg,1,ADM,train
stable_diffusion_v_1_5\576_sdv5_00106.jpg,1,stable_diffusion_v_1_5,train
stable_diffusion_v_1_5\925_sdv5_00100.jpg,1,stable_diffusion_v_1_5,train
stable_diffusion_v_1_5\490_sdv5_00002.jpg,1,stable_diffusion_v_1_5,train
Nature\n01592084_3467.JPEG,0,Nature,train
BigGAN\462_biggan_00007.jpg,1,BigGAN,train
Nature\n01608432_7439.JPEG,0,Nature,train
ADM\549_adm_68.jpg,1,ADM,train
stable_diffusion_v_1_5\958_sdv5_00052.jpg,1,stable_diffusion_v_1_5,train
BigGAN\472_biggan_00045.jpg,1,BigGAN,train
Nature\n01537544_8881.JPEG,0,Nature,train
Nature\n01693334_9622.JPEG,0,Nature,train
Nature\n01770081_1082.JPEG,0,Nature,train
ADM\994_adm_142.jpg,1,ADM,train
Nature\n01860187_3710.JPEG,0,Nature,train
Nature\n01828970_7601.JPEG,0,Nature,train
stable_diffusion_v_1_5\758_sdv5_00051.jpg,1,stable_diffusion_v_1_5,train
Nature\ILSVRC2012_val_00021696.JPEG,0,Nature,train
ADM\394_adm_61.jpg,1,ADM,train
ADM\673_adm_153.jpg,1,ADM,train
BigGAN\230_biggan_00127.jpg,1,BigGAN,train
BigGAN\114_biggan_00039.jpg,1,BigGAN,train
Nature\n01829413_3487.JPEG,0,Nature,train
Nature\ILSVRC2012_val_00038002.JPEG,0,Nature,train
Nature\n01806143_4797.JPEG,0,Nature,train
Nature\n01847000_13285.JPEG,0,Nature,train
stable_diffusion_v_1_5\842_sdv5_00048.jpg,1,stable_diffusion_v_1_5,train
Nature\n02007558_5345.JPEG,0,Nature,train
Nature\n01582220_6143.JPEG,0,Nature,train
stable_diffusion_v_1_5\819_sdv5_00131.jpg,1,stable_diffusion_v_1_5,train
Nature\n02051845_14866.JPEG,0,Nature,train
Nature\ILSVRC2012_val_00004103.JPEG,0,Nature,train
Nature\ILSVRC2012_val_00016495.JPEG,0,Nature,train
ADM\791_adm_19.jpg,1,ADM,train
ADM\125_adm_91.jpg,1,ADM,train
Nature\n01531178_18190.JPEG,0,Nature,train
Nature\n02013706_972.JPEG,0,Nature,train
BigGAN\530_biggan_00187.jpg,1,BigGAN,train
BigGAN\574_biggan_00074.jpg,1,BigGAN,train
Nature\n01968897_4441.JPEG,0,Nature,train
ADM\906_adm_145.jpg,1,ADM,train
BigGAN\398_biggan_00123.jpg,1,BigGAN,train
BigGAN\439_biggan_00016.jpg,1,BigGAN,train
stable_diffusion_v_1_5\951_sdv5_00085.jpg,1,stable_diffusion_v_1_5,train
Nature\n01950731_9585.JPEG,0,Nature,train
stable_diffusion_v_1_5\456_sdv5_00069.jpg,1,stable_diffusion_v_1_5,train
ADM\572_adm_47.jpg,1,ADM,train
Nature\n02007558_12417.JPEG,0,Nature,train
Nature\n01950731_4663.JPEG,0,Nature,train
stable_diffusion_v_1_5\144_sdv5_00170.jpg,1,stable_diffusion_v_1_5,train
stable_diffusion_v_1_5\314_sdv5_00184.jpg,1,stable_diffusion_v_1_5,train
stable_diffusion_v_1_5\438_sdv5_00124.jpg,1,stable_diffusion_v_1_5,train
ADM\156_adm_164.jpg,1,ADM,train
ADM\656_adm_174.jpg,1,ADM,train
ADM\512_adm_156.jpg,1,ADM,train
ADM\29_adm_7.jpg,1,ADM,train
Nature\n01944390_19368.JPEG,0,Nature,train
BigGAN\979_biggan_00128.jpg,1,BigGAN,train
Nature\n02676566_9181.JPEG,0,Nature,train
ADM\247_adm_130.jpg,1,ADM,train
ADM\14_adm_117.jpg,1,ADM,train
BigGAN\234_biggan_00057.jpg,1,BigGAN,train
ADM\128_adm_21.jpg,1,ADM,train
Nature\n01985128_5013.JPEG,0,Nature,train
ADM\42_adm_72.jpg,1,ADM,train
ADM\63_adm_125.jpg,1,ADM,train
BigGAN\954_biggan_00137.jpg,1,BigGAN,train
BigGAN\961_biggan_00139.jpg,1,BigGAN,train
Nature\n01986214_1208.JPEG,0,Nature,train
stable_diffusion_v_1_5\909_sdv5_00102.jpg,1,stable_diffusion_v_1_5,train
stable_diffusion_v_1_5\215_sdv5_00182.jpg,1,stable_diffusion_v_1_5,train
ADM\811_adm_188.jpg,1,ADM,train
Nature\ILSVRC2012_val_00049480.JPEG,0,Nature,train
ADM\691_adm_110.jpg,1,ADM,train
stable_diffusion_v_1_5\953_sdv5_00162.jpg,1,stable_diffusion_v_1_5,train
Nature\ILSVRC2012_val_00042560.JPEG,0,Nature,train
ADM\324_adm_34.jpg,1,ADM,train
stable_diffusion_v_1_5\497_sdv5_00196.jpg,1,stable_diffusion_v_1_5,train
ADM\435_adm_132.jpg,1,ADM,train
Nature\n01773157_4066.JPEG,0,Nature,train
ADM\579_adm_95.jpg,1,ADM,train
stable_diffusion_v_1_5\058_sdv5_00028.jpg,1,stable_diffusion_v_1_5,train
BigGAN\075_biggan_00132.jpg,1,BigGAN,train
ADM\717_adm_142.jpg,1,ADM,train
Nature\n01978455_10836.JPEG,0,Nature,train
ADM\845_adm_104.jpg,1,ADM,train
Nature\n03916031_23054.JPEG,0,Nature,train
BigGAN\532_biggan_00134.jpg,1,BigGAN,train
BigGAN\130_biggan_00171.jpg,1,BigGAN,train
ADM\444_adm_136.jpg,1,ADM,train
stable_diffusion_v_1_5\140_sdv5_00027.jpg,1,stable_diffusion_v_1_5,train
Nature\n01677366_8751.JPEG,0,Nature,train
stable_diffusion_v_1_5\558_sdv5_00095.jpg,1,stable_diffusion_v_1_5,train
ADM\692_adm_113.jpg,1,ADM,train
stable_diffusion_v_1_5\076_sdv5_00150.jpg,1,stable_diffusion_v_1_5,train
Nature\n01592084_1733.JPEG,0,Nature,train
stable_diffusion_v_1_5\584_sdv5_00034.jpg,1,stable_diffusion_v_1_5,train
Nature\n02018207_10823.JPEG,0,Nature,train
stable_diffusion_v_1_5\920_sdv5_00091.jpg,1,stable_diffusion_v_1_5,train
ADM\810_adm_36.jpg,1,ADM,train
Nature\n01531178_5430.JPEG,0,Nature,train
ADM\832_adm_164.jpg,1,ADM,train
BigGAN\986_biggan_00075.jpg,1,BigGAN,train
BigGAN\643_biggan_00045.jpg,1,BigGAN,train
Nature\n01514668_18585.JPEG,0,Nature,train
BigGAN\180_biggan_00060.jpg,1,BigGAN,train
Nature\n01514859_2589.JPEG,0,Nature,train
stable_diffusion_v_1_5\774_sdv5_00033.jpg,1,stable_diffusion_v_1_5,train
Nature\n02007558_10227.JPEG,0,Nature,train
stable_diffusion_v_1_5\803_sdv5_00058.jpg,1,stable_diffusion_v_1_5,train
Nature\n01728572_10559.JPEG,0,Nature,train
stable_diffusion_v_1_5\684_sdv5_00049.jpg,1,stable_diffusion_v_1_5,train
ADM\670_adm_174.jpg,1,ADM,train
BigGAN\750_biggan_00154.jpg,1,BigGAN,train
ADM\352_adm_35.jpg,1,ADM,train
Nature\ILSVRC2012_val_00041900.JPEG,0,Nature,train
BigGAN\605_biggan_00101.jpg,1,BigGAN,train
ADM\377_adm_109.jpg,1,ADM,train
BigGAN\731_biggan_00119.jpg,1,BigGAN,train
ADM\374_adm_122.jpg,1,ADM,train
Nature\n01773549_3352.JPEG,0,Nature,train
ADM\112_adm_157.jpg,1,ADM,train
BigGAN\441_biggan_00085.jpg,1,BigGAN,train
stable_diffusion_v_1_5\102_sdv5_00020.jpg,1,stable_diffusion_v_1_5,train
stable_diffusion_v_1_5\877_sdv5_00061.jpg,1,stable_diffusion_v_1_5,train
BigGAN\168_biggan_00087.jpg,1,BigGAN,train
stable_diffusion_v_1_5\019_sdv5_00140.jpg,1,stable_diffusion_v_1_5,train
stable_diffusion_v_1_5\526_sdv5_00100.jpg,1,stable_diffusion_v_1_5,train
BigGAN\125_biggan_00093.jpg,1,BigGAN,train
Nature\n01776313_41442.JPEG,0,Nature,train
ADM\187_adm_106.jpg,1,ADM,train
Nature\n01740131_10567.JPEG,0,Nature,train
stable_diffusion_v_1_5\032_sdv5_00142.jpg,1,stable_diffusion_v_1_5,train
ADM\284_adm_6.jpg,1,ADM,train
Nature\n01910747_2201.JPEG,0,Nature,train
BigGAN\336_biggan_00149.jpg,1,BigGAN,train
ADM\36_adm_8.jpg,1,ADM,train
ADM\940_adm_28.jpg,1,ADM,train
stable_diffusion_v_1_5\424_sdv5_00014.jpg,1,stable_diffusion_v_1_5,train
stable_diffusion_v_1_5\770_sdv5_00001.jpg,1,stable_diffusion_v_1_5,train
ADM\956_adm_91.jpg,1,ADM,train
Nature\ILSVRC2012_val_00024997.JPEG,0,Nature,train
Nature\n02058221_10011.JPEG,0,Nature,train
stable_diffusion_v_1_5\110_sdv5_00100.jpg,1,stable_diffusion_v_1_5,train
ADM\33_adm_181.jpg,1,ADM,train
stable_diffusion_v_1_5\725_sdv5_00144.jpg,1,stable_diffusion_v_1_5,train
BigGAN\383_biggan_00177.jpg,1,BigGAN,train
stable_diffusion_v_1_5\183_sdv5_00018.jpg,1,stable_diffusion_v_1_5,train
BigGAN\507_biggan_00047.jpg,1,BigGAN,train
Nature\n01693334_20559.JPEG,0,Nature,train
ADM\257_adm_187.jpg,1,ADM,train
BigGAN\953_biggan_00140.jpg,1,BigGAN,train
stable_diffusion_v_1_5\056_sdv5_00100.jpg,1,stable_diffusion_v_1_5,train
Nature\n01847000_5465.JPEG,0,Nature,train
ADM\537_adm_137.jpg,1,ADM,train
ADM\427_adm_174.jpg,1,ADM,train
ADM\999_adm_21.jpg,1,ADM,train
ADM\126_adm_123.jpg,1,ADM,train
BigGAN\208_biggan_00035.jpg,1,BigGAN,train
BigGAN\238_biggan_00131.jpg,1,BigGAN,train
stable_diffusion_v_1_5\559_sdv5_00161.jpg,1,stable_diffusion_v_1_5,train
BigGAN\218_biggan_00070.jpg,1,BigGAN,train
Nature\n01775062_8262.JPEG,0,Nature,train
BigGAN\995_biggan_00109.jpg,1,BigGAN,train
ADM\697_adm_164.jpg,1,ADM,train
ADM\649_adm_62.jpg,1,ADM,train
Nature\n02011460_2341.JPEG,0,Nature,train
ADM\225_adm_110.jpg,1,ADM,train
ADM\818_adm_55.jpg,1,ADM,train
Nature\n01622779_4372.JPEG,0,Nature,train
BigGAN\472_biggan_00075.jpg,1,BigGAN,train
stable_diffusion_v_1_5\764_sdv5_00187.jpg,1,stable_diffusion_v_1_5,train
ADM\371_adm_19.jpg,1,ADM,train
Nature\n01833805_8090.JPEG,0,Nature,train
BigGAN\618_biggan_00179.jpg,1,BigGAN,train
BigGAN\692_biggan_00044.jpg,1,BigGAN,train
ADM\975_adm_21.jpg,1,ADM,train
ADM\848_adm_131.jpg,1,ADM,train
stable_diffusion_v_1_5\087_sdv5_00165.jpg,1,stable_diffusion_v_1_5,train
ADM\883_adm_5.jpg,1,ADM,train
stable_diffusion_v_1_5\034_sdv5_00002.jpg,1,stable_diffusion_v_1_5,train
BigGAN\634_biggan_00143.jpg,1,BigGAN,train
BigGAN\419_biggan_00081.jpg,1,BigGAN,train
BigGAN\736_biggan_00155.jpg,1,BigGAN,train
Nature\n01560419_771.JPEG,0,Nature,train
Nature\n01968897_21813.JPEG,0,Nature,train
stable_diffusion_v_1_5\564_sdv5_00009.jpg,1,stable_diffusion_v_1_5,train
ADM\589_adm_104.jpg,1,ADM,train
stable_diffusion_v_1_5\976_sdv5_00069.jpg,1,stable_diffusion_v_1_5,train
Nature\n01984695_4123.JPEG,0,Nature,train
ADM\498_adm_43.jpg,1,ADM,train
ADM\492_adm_146.jpg,1,ADM,train
BigGAN\437_biggan_00102.jpg,1,BigGAN,train
Nature\ILSVRC2012_val_00022039.JPEG,0,Nature,train
ADM\459_adm_104.jpg,1,ADM,train
ADM\777_adm_91.jpg,1,ADM,train
Nature\n01871265_292.JPEG,0,Nature,train
stable_diffusion_v_1_5\582_sdv5_00066.jpg,1,stable_diffusion_v_1_5,train
Nature\ILSVRC2012_val_00005663.JPEG,0,Nature,train
Nature\n01775062_4483.JPEG,0,Nature,train
stable_diffusion_v_1_5\192_sdv5_00102.jpg,1,stable_diffusion_v_1_5,train
Nature\n01735189_6242.JPEG,0,Nature,train
Nature\ILSVRC2012_val_00010810.JPEG,0,Nature,train
Nature\n02012849_5980.JPEG,0,Nature,train
BigGAN\612_biggan_00162.jpg,1,BigGAN,train
stable_diffusion_v_1_5\004_sdv5_00066.jpg,1,stable_diffusion_v_1_5,train
Nature\n01622779_1481.JPEG,0,Nature,train
Nature\n01531178_16071.JPEG,0,Nature,train
Nature\n01514668_14043.JPEG,0,Nature,train
BigGAN\905_biggan_00074.jpg,1,BigGAN,train
ADM\38_adm_153.jpg,1,ADM,train
Nature\n01843383_7519.JPEG,0,Nature,train
BigGAN\789_biggan_00130.jpg,1,BigGAN,train
BigGAN\248_biggan_00137.jpg,1,BigGAN,train
ADM\825_adm_61.jpg,1,ADM,train
stable_diffusion_v_1_5\381_sdv5_00022.jpg,1,stable_diffusion_v_1_5,train
Nature\ILSVRC2012_val_00023607.JPEG,0,Nature,train
BigGAN\751_biggan_00190.jpg,1,BigGAN,train
Nature\n01693334_1271.JPEG,0,Nature,train
stable_diffusion_v_1_5\670_sdv5_00082.jpg,1,stable_diffusion_v_1_5,train
Nature\n01770393_11120.JPEG,0,Nature,train
Nature\n01614925_9730.JPEG,0,Nature,train
stable_diffusion_v_1_5\101_sdv5_00068.jpg,1,stable_diffusion_v_1_5,train
Nature\n01924916_8700.JPEG,0,Nature,train
Nature\n01614925_12622.JPEG,0,Nature,train
BigGAN\030_biggan_00010.jpg,1,BigGAN,train
stable_diffusion_v_1_5\605_sdv5_00009.jpg,1,stable_diffusion_v_1_5,train
stable_diffusion_v_1_5\335_sdv5_00072.jpg,1,stable_diffusion_v_1_5,train
ADM\101_adm_49.jpg,1,ADM,train
ADM\769_adm_7.jpg,1,ADM,train
BigGAN\628_biggan_00055.jpg,1,BigGAN,train
Nature\n01622779_2865.JPEG,0,Nature,train
Nature\n01667778_6114.JPEG,0,Nature,train
ADM\487_adm_178.jpg,1,ADM,train
stable_diffusion_v_1_5\925_sdv5_00033.jpg,1,stable_diffusion_v_1_5,train
stable_diffusion_v_1_5\435_sdv5_00043.jpg,1,stable_diffusion_v_1_5,train
ADM\21_adm_74.jpg,1,ADM,train
BigGAN\594_biggan_00190.jpg,1,BigGAN,train
BigGAN\474_biggan_00193.jpg,1,BigGAN,train
stable_diffusion_v_1_5\745_sdv5_00045.jpg,1,stable_diffusion_v_1_5,train
stable_diffusion_v_1_5\977_sdv5_00179.jpg,1,stable_diffusion_v_1_5,train
stable_diffusion_v_1_5\694_sdv5_00027.jpg,1,stable_diffusion_v_1_5,train
Nature\n01877812_10723.JPEG,0,Nature,train
Nature\n02006656_1058.JPEG,0,Nature,train
BigGAN\789_biggan_00101.jpg,1,BigGAN,train
Nature\n03770679_10242.JPEG,0,Nature,train
stable_diffusion_v_1_5\064_sdv5_00179.jpg,1,stable_diffusion_v_1_5,train
stable_diffusion_v_1_5\241_sdv5_00054.jpg,1,stable_diffusion_v_1_5,train
stable_diffusion_v_1_5\959_sdv5_00109.jpg,1,stable_diffusion_v_1_5,train
ADM\706_adm_39.jpg,1,ADM,train
ADM\30_adm_155.jpg,1,ADM,train
Nature\n01775062_2005.JPEG,0,Nature,train
stable_diffusion_v_1_5\275_sdv5_00102.jpg,1,stable_diffusion_v_1_5,train
stable_diffusion_v_1_5\898_sdv5_00053.jpg,1,stable_diffusion_v_1_5,train
ADM\344_adm_20.jpg,1,ADM,train
ADM\37_adm_34.jpg,1,ADM,train
ADM\163_adm_51.jpg,1,ADM,train
BigGAN\275_biggan_00086.jpg,1,BigGAN,train
BigGAN\617_biggan_00051.jpg,1,BigGAN,train
ADM\923_adm_187.jpg,1,ADM,train
BigGAN\137_biggan_00006.jpg,1,BigGAN,train
ADM\803_adm_50.jpg,1,ADM,train
Nature\n04192698_42937.JPEG,0,Nature,train
stable_diffusion_v_1_5\911_sdv5_00135.jpg,1,stable_diffusion_v_1_5,train
stable_diffusion_v_1_5\842_sdv5_00043.jpg,1,stable_diffusion_v_1_5,train
ADM\292_adm_7.jpg,1,ADM,train
Nature\n01531178_5555.JPEG,0,Nature,train
Nature\n02011460_3744.JPEG,0,Nature,train
Nature\n01582220_8796.JPEG,0,Nature,train
BigGAN\100_biggan_00043.jpg,1,BigGAN,train
stable_diffusion_v_1_5\450_sdv5_00001.jpg,1,stable_diffusion_v_1_5,train
BigGAN\500_biggan_00122.jpg,1,BigGAN,train
BigGAN\899_biggan_00068.jpg,1,BigGAN,train
stable_diffusion_v_1_5\971_sdv5_00003.jpg,1,stable_diffusion_v_1_5,train
stable_diffusion_v_1_5\288_sdv5_00017.jpg,1,stable_diffusion_v_1_5,train
BigGAN\596_biggan_00026.jpg,1,BigGAN,train
Nature\ILSVRC2012_val_00007215.JPEG,0,Nature,train
ADM\661_adm_174.jpg,1,ADM,train
Nature\n02028035_8987.JPEG,0,Nature,train
BigGAN\809_biggan_00055.jpg,1,BigGAN,train
Nature\n01560419_6573.JPEG,0,Nature,train
ADM\653_adm_174.jpg,1,ADM,train
stable_diffusion_v_1_5\254_sdv5_00159.jpg,1,stable_diffusion_v_1_5,train
BigGAN\279_biggan_00108.jpg,1,BigGAN,train
ADM\561_adm_34.jpg,1,ADM,train
stable_diffusion_v_1_5\465_sdv5_00180.jpg,1,stable_diffusion_v_1_5,train
ADM\990_adm_126.jpg,1,ADM,train
stable_diffusion_v_1_5\222_sdv5_00100.jpg,1,stable_diffusion_v_1_5,train
Nature\n01847000_7290.JPEG,0,Nature,train
stable_diffusion_v_1_5\554_sdv5_00012.jpg,1,stable_diffusion_v_1_5,train
stable_diffusion_v_1_5\531_sdv5_00195.jpg,1,stable_diffusion_v_1_5,train
Nature\n02013706_5853.JPEG,0,Nature,train
BigGAN\436_biggan_00143.jpg,1,BigGAN,train
Nature\n01855672_8817.JPEG,0,Nature,train
BigGAN\711_biggan_00000.jpg,1,BigGAN,train
Nature\n01833805_11842.JPEG,0,Nature,train
BigGAN\609_biggan_00127.jpg,1,BigGAN,train
BigGAN\559_biggan_00165.jpg,1,BigGAN,train
ADM\93_adm_43.jpg,1,ADM,train
BigGAN\237_biggan_00040.jpg,1,BigGAN,train
Nature\n01734418_4657.JPEG,0,Nature,train
stable_diffusion_v_1_5\227_sdv5_00058.jpg,1,stable_diffusion_v_1_5,train
stable_diffusion_v_1_5\533_sdv5_00121.jpg,1,stable_diffusion_v_1_5,train
Nature\ILSVRC2012_val_00048969.JPEG,0,Nature,train
Nature\n01514859_12197.JPEG,0,Nature,train
stable_diffusion_v_1_5\876_sdv5_00160.jpg,1,stable_diffusion_v_1_5,train
Nature\n01773157_3254.JPEG,0,Nature,train
ADM\151_adm_34.jpg,1,ADM,train
BigGAN\428_biggan_00170.jpg,1,BigGAN,train
stable_diffusion_v_1_5\484_sdv5_00094.jpg,1,stable_diffusion_v_1_5,train
stable_diffusion_v_1_5\333_sdv5_00027.jpg,1,stable_diffusion_v_1_5,train
stable_diffusion_v_1_5\437_sdv5_00183.jpg,1,stable_diffusion_v_1_5,train
Nature\n01775062_4540.JPEG,0,Nature,train
BigGAN\621_biggan_00074.jpg,1,BigGAN,train
BigGAN\217_biggan_00143.jpg,1,BigGAN,train
BigGAN\026_biggan_00175.jpg,1,BigGAN,train
stable_diffusion_v_1_5\240_sdv5_00009.jpg,1,stable_diffusion_v_1_5,train
stable_diffusion_v_1_5\895_sdv5_00028.jpg,1,stable_diffusion_v_1_5,train
Nature\n01820546_606.JPEG,0,Nature,train
Nature\ILSVRC2012_val_00047047.JPEG,0,Nature,train
Nature\n01795545_6808.JPEG,0,Nature,train
BigGAN\131_biggan_00037.jpg,1,BigGAN,train
stable_diffusion_v_1_5\321_sdv5_00195.jpg,1,stable_diffusion_v_1_5,train
BigGAN\119_biggan_00061.jpg,1,BigGAN,train
ADM\244_adm_101.jpg,1,ADM,train
Nature\n02013706_6779.JPEG,0,Nature,train
Nature\n02006656_11217.JPEG,0,Nature,train
ADM\575_adm_134.jpg,1,ADM,train
stable_diffusion_v_1_5\756_sdv5_00119.jpg,1,stable_diffusion_v_1_5,train
stable_diffusion_v_1_5\349_sdv5_00073.jpg,1,stable_diffusion_v_1_5,train
Nature\n01537544_6303.JPEG,0,Nature,train
ADM\696_adm_130.jpg,1,ADM,train
stable_diffusion_v_1_5\093_sdv5_00195.jpg,1,stable_diffusion_v_1_5,train
ADM\25_adm_124.jpg,1,ADM,train
stable_diffusion_v_1_5\967_sdv5_00084.jpg,1,stable_diffusion_v_1_5,train
stable_diffusion_v_1_5\622_sdv5_00020.jpg,1,stable_diffusion_v_1_5,train
stable_diffusion_v_1_5\659_sdv5_00186.jpg,1,stable_diffusion_v_1_5,train
BigGAN\023_biggan_00143.jpg,1,BigGAN,train
Nature\n01756291_17734.JPEG,0,Nature,train
Nature\n01806143_14423.JPEG,0,Nature,train
stable_diffusion_v_1_5\921_sdv5_00063.jpg,1,stable_diffusion_v_1_5,train
Nature\ILSVRC2012_val_00033858.JPEG,0,Nature,train
Nature\n02011460_6042.JPEG,0,Nature,train
Nature\n01924916_5756.JPEG,0,Nature,train
stable_diffusion_v_1_5\437_sdv5_00182.jpg,1,stable_diffusion_v_1_5,train
Nature\n01498041_22996.JPEG,0,Nature,train
stable_diffusion_v_1_5\012_sdv5_00153.jpg,1,stable_diffusion_v_1_5,train
Nature\n01592084_7530.JPEG,0,Nature,train
stable_diffusion_v_1_5\208_sdv5_00077.jpg,1,stable_diffusion_v_1_5,train
Nature\ILSVRC2012_val_00032235.JPEG,0,Nature,train
stable_diffusion_v_1_5\923_sdv5_00086.jpg,1,stable_diffusion_v_1_5,train
Nature\n01860187_418.JPEG,0,Nature,train
BigGAN\210_biggan_00148.jpg,1,BigGAN,train
stable_diffusion_v_1_5\280_sdv5_00044.jpg,1,stable_diffusion_v_1_5,train
ADM\587_adm_32.jpg,1,ADM,train
BigGAN\552_biggan_00141.jpg,1,BigGAN,train
Nature\n01924916_6413.JPEG,0,Nature,train
stable_diffusion_v_1_5\817_sdv5_00086.jpg,1,stable_diffusion_v_1_5,train
stable_diffusion_v_1_5\309_sdv5_00047.jpg,1,stable_diffusion_v_1_5,train
BigGAN\823_biggan_00153.jpg,1,BigGAN,train
stable_diffusion_v_1_5\628_sdv5_00003.jpg,1,stable_diffusion_v_1_5,train
Nature\n01978455_2560.JPEG,0,Nature,train
BigGAN\352_biggan_00138.jpg,1,BigGAN,train
Nature\n01773797_1300.JPEG,0,Nature,train
BigGAN\741_biggan_00156.jpg,1,BigGAN,train
stable_diffusion_v_1_5\731_sdv5_00102.jpg,1,stable_diffusion_v_1_5,train
Nature\ILSVRC2012_val_00010477.JPEG,0,Nature,train
Nature\n01774384_12328.JPEG,0,Nature,train
stable_diffusion_v_1_5\288_sdv5_00046.jpg,1,stable_diffusion_v_1_5,train
ADM\299_adm_48.jpg,1,ADM,train
Nature\n02002556_614.JPEG,0,Nature,train
BigGAN\578_biggan_00046.jpg,1,BigGAN,train
BigGAN\721_biggan_00180.jpg,1,BigGAN,train
stable_diffusion_v_1_5\338_sdv5_00009.jpg,1,stable_diffusion_v_1_5,train
Nature\n01820546_3055.JPEG,0,Nature,train
Nature\n01774750_7936.JPEG,0,Nature,train
ADM\264_adm_5.jpg,1,ADM,train
Nature\n02105056_8685.JPEG,0,Nature,train
Nature\n01855672_3179.JPEG,0,Nature,train
stable_diffusion_v_1_5\939_sdv5_00020.jpg,1,stable_diffusion_v_1_5,train
ADM\506_adm_89.jpg,1,ADM,train
Nature\n01531178_10553.JPEG,0,Nature,train
BigGAN\761_biggan_00096.jpg,1,BigGAN,train
ADM\744_adm_114.jpg,1,ADM,train
Nature\n01950731_20536.JPEG,0,Nature,train
ADM\955_adm_36.jpg,1,ADM,train
stable_diffusion_v_1_5\247_sdv5_00091.jpg,1,stable_diffusion_v_1_5,train
stable_diffusion_v_1_5\420_sdv5_00021.jpg,1,stable_diffusion_v_1_5,train
BigGAN\405_biggan_00119.jpg,1,BigGAN,train
stable_diffusion_v_1_5\794_sdv5_00027.jpg,1,stable_diffusion_v_1_5,train
stable_diffusion_v_1_5\287_sdv5_00046.jpg,1,stable_diffusion_v_1_5,train
BigGAN\708_biggan_00061.jpg,1,BigGAN,train
stable_diffusion_v_1_5\681_sdv5_00064.jpg,1,stable_diffusion_v_1_5,train
Nature\n01729322_2853.JPEG,0,Nature,train
Nature\n01514668_17750.JPEG,0,Nature,train
BigGAN\310_biggan_00020.jpg,1,BigGAN,train
Nature\n02012849_762.JPEG,0,Nature,train
BigGAN\139_biggan_00035.jpg,1,BigGAN,train
Nature\n01950731_4250.JPEG,0,Nature,train
BigGAN\049_biggan_00020.jpg,1,BigGAN,train
BigGAN\423_biggan_00103.jpg,1,BigGAN,train
Nature\n01820546_2007.JPEG,0,Nature,train
BigGAN\626_biggan_00031.jpg,1,BigGAN,train
ADM\643_adm_53.jpg,1,ADM,train
Nature\n01776313_2661.JPEG,0,Nature,train
stable_diffusion_v_1_5\333_sdv5_00126.jpg,1,stable_diffusion_v_1_5,train
stable_diffusion_v_1_5\105_sdv5_00003.jpg,1,stable_diffusion_v_1_5,train
stable_diffusion_v_1_5\881_sdv5_00135.jpg,1,stable_diffusion_v_1_5,train
ADM\272_adm_182.jpg,1,ADM,train
stable_diffusion_v_1_5\801_sdv5_00079.jpg,1,stable_diffusion_v_1_5,train
ADM\761_adm_45.jpg,1,ADM,train
Nature\n01693334_22349.JPEG,0,Nature,train
stable_diffusion_v_1_5\317_sdv5_00135.jpg,1,stable_diffusion_v_1_5,train
ADM\763_adm_101.jpg,1,ADM,train
stable_diffusion_v_1_5\854_sdv5_00146.jpg,1,stable_diffusion_v_1_5,train
ADM\705_adm_36.jpg,1,ADM,train
ADM\625_adm_125.jpg,1,ADM,train
Nature\n02006656_9666.JPEG,0,Nature,train
Nature\n01592084_3801.JPEG,0,Nature,train
ADM\207_adm_117.jpg,1,ADM,train
ADM\4_adm_164.jpg,1,ADM,train
ADM\403_adm_124.jpg,1,ADM,train
Nature\n01735189_12081.JPEG,0,Nature,train
ADM\909_adm_31.jpg,1,ADM,train
stable_diffusion_v_1_5\557_sdv5_00093.jpg,1,stable_diffusion_v_1_5,train
stable_diffusion_v_1_5\427_sdv5_00101.jpg,1,stable_diffusion_v_1_5,train
ADM\103_adm_118.jpg,1,ADM,train
stable_diffusion_v_1_5\141_sdv5_00191.jpg,1,stable_diffusion_v_1_5,train
BigGAN\609_biggan_00186.jpg,1,BigGAN,train
Nature\n01773157_7503.JPEG,0,Nature,train
Nature\n02096051_4038.JPEG,0,Nature,train
stable_diffusion_v_1_5\042_sdv5_00057.jpg,1,stable_diffusion_v_1_5,train
Nature\n01914609_16289.JPEG,0,Nature,train
BigGAN\244_biggan_00031.jpg,1,BigGAN,train
Nature\n01775062_4320.JPEG,0,Nature,train
BigGAN\462_biggan_00165.jpg,1,BigGAN,train
Nature\n01806143_7146.JPEG,0,Nature,train
stable_diffusion_v_1_5\385_sdv5_00000.jpg,1,stable_diffusion_v_1_5,train
Nature\n01560419_6737.JPEG,0,Nature,train
stable_diffusion_v_1_5\241_sdv5_00063.jpg,1,stable_diffusion_v_1_5,train
stable_diffusion_v_1_5\300_sdv5_00003.jpg,1,stable_diffusion_v_1_5,train
BigGAN\241_biggan_00101.jpg,1,BigGAN,train
ADM\993_adm_45.jpg,1,ADM,train
stable_diffusion_v_1_5\166_sdv5_00089.jpg,1,stable_diffusion_v_1_5,train
Nature\n01985128_19600.JPEG,0,Nature,train
ADM\395_adm_153.jpg,1,ADM,train
Nature\n01776313_66396.JPEG,0,Nature,train
stable_diffusion_v_1_5\470_sdv5_00146.jpg,1,stable_diffusion_v_1_5,train
ADM\794_adm_149.jpg,1,ADM,train
ADM\594_adm_186.jpg,1,ADM,train
BigGAN\241_biggan_00181.jpg,1,BigGAN,train
ADM\790_adm_135.jpg,1,ADM,train
Nature\ILSVRC2012_val_00012939.JPEG,0,Nature,train
Nature\ILSVRC2012_val_00001165.JPEG,0,Nature,train
BigGAN\443_biggan_00107.jpg,1,BigGAN,train
stable_diffusion_v_1_5\964_sdv5_00119.jpg,1,stable_diffusion_v_1_5,train
stable_diffusion_v_1_5\389_sdv5_00075.jpg,1,stable_diffusion_v_1_5,train
Nature\n01608432_9512.JPEG,0,Nature,train
Nature\n01806143_1630.JPEG,0,Nature,train
stable_diffusion_v_1_5\864_sdv5_00135.jpg,1,stable_diffusion_v_1_5,train
ADM\816_adm_153.jpg,1,ADM,train
ADM\928_adm_176.jpg,1,ADM,train
BigGAN\418_biggan_00141.jpg,1,BigGAN,train
ADM\733_adm_34.jpg,1,ADM,train
stable_diffusion_v_1_5\852_sdv5_00173.jpg,1,stable_diffusion_v_1_5,train
BigGAN\964_biggan_00075.jpg,1,BigGAN,train
stable_diffusion_v_1_5\062_sdv5_00070.jpg,1,stable_diffusion_v_1_5,train
BigGAN\856_biggan_00120.jpg,1,BigGAN,train
ADM\698_adm_133.jpg,1,ADM,train
BigGAN\148_biggan_00067.jpg,1,BigGAN,train
BigGAN\331_biggan_00102.jpg,1,BigGAN,train
Nature\n01582220_9074.JPEG,0,Nature,train
stable_diffusion_v_1_5\352_sdv5_00163.jpg,1,stable_diffusion_v_1_5,train
BigGAN\535_biggan_00074.jpg,1,BigGAN,train
BigGAN\928_biggan_00069.jpg,1,BigGAN,train
ADM\867_adm_114.jpg,1,ADM,train
ADM\854_adm_41.jpg,1,ADM,train
ADM\454_adm_0.jpg,1,ADM,train
stable_diffusion_v_1_5\099_sdv5_00093.jpg,1,stable_diffusion_v_1_5,train
ADM\385_adm_173.jpg,1,ADM,train
Nature\ILSVRC2012_val_00033678.JPEG,0,Nature,train
BigGAN\317_biggan_00061.jpg,1,BigGAN,train
Nature\ILSVRC2012_val_00025785.JPEG,0,Nature,train
ADM\645_adm_127.jpg,1,ADM,train
Nature\n01773797_4080.JPEG,0,Nature,train
Nature\n01855672_9816.JPEG,0,Nature,train
ADM\973_adm_34.jpg,1,ADM,train
stable_diffusion_v_1_5\740_sdv5_00178.jpg,1,stable_diffusion_v_1_5,train
Nature\ILSVRC2012_val_00017328.JPEG,0,Nature,train
Nature\ILSVRC2012_val_00048958.JPEG,0,Nature,train
stable_diffusion_v_1_5\638_sdv5_00007.jpg,1,stable_diffusion_v_1_5,train
BigGAN\291_biggan_00127.jpg,1,BigGAN,train
Nature\n01614925_18004.JPEG,0,Nature,train
Nature\n01950731_13428.JPEG,0,Nature,train
ADM\384_adm_121.jpg,1,ADM,train
stable_diffusion_v_1_5\114_sdv5_00120.jpg,1,stable_diffusion_v_1_5,train
Nature\n01739381_5107.JPEG,0,Nature,train
BigGAN\246_biggan_00017.jpg,1,BigGAN,train
stable_diffusion_v_1_5\681_sdv5_00009.jpg,1,stable_diffusion_v_1_5,train
ADM\109_adm_121.jpg,1,ADM,train
BigGAN\245_biggan_00048.jpg,1,BigGAN,train
stable_diffusion_v_1_5\266_sdv5_00036.jpg,1,stable_diffusion_v_1_5,train
Nature\n01828970_7231.JPEG,0,Nature,train
Nature\n01601694_1589.JPEG,0,Nature,train
stable_diffusion_v_1_5\049_sdv5_00056.jpg,1,stable_diffusion_v_1_5,train
ADM\901_adm_34.jpg,1,ADM,train
Nature\n01773157_4243.JPEG,0,Nature,train
ADM\66_adm_105.jpg,1,ADM,train
Nature\n01986214_12206.JPEG,0,Nature,train
stable_diffusion_v_1_5\591_sdv5_00020.jpg,1,stable_diffusion_v_1_5,train
Nature\n01614925_4309.JPEG,0,Nature,train
ADM\670_adm_138.jpg,1,ADM,train
ADM\492_adm_102.jpg,1,ADM,train
BigGAN\292_biggan_00110.jpg,1,BigGAN,train
BigGAN\418_biggan_00037.jpg,1,BigGAN,train
Nature\n01614925_18061.JPEG,0,Nature,train
stable_diffusion_v_1_5\745_sdv5_00100.jpg,1,stable_diffusion_v_1_5,train
stable_diffusion_v_1_5\609_sdv5_00072.jpg,1,stable_diffusion_v_1_5,train
BigGAN\085_biggan_00189.jpg,1,BigGAN,train
Nature\n02730930_12195.JPEG,0,Nature,train
ADM\786_adm_100.jpg,1,ADM,train
stable_diffusion_v_1_5\276_sdv5_00057.jpg,1,stable_diffusion_v_1_5,train
ADM\258_adm_84.jpg,1,ADM,train
BigGAN\943_biggan_00039.jpg,1,BigGAN,train
BigGAN\136_biggan_00127.jpg,1,BigGAN,train
ADM\893_adm_125.jpg,1,ADM,train
BigGAN\376_biggan_00022.jpg,1,BigGAN,train
stable_diffusion_v_1_5\778_sdv5_00003.jpg,1,stable_diffusion_v_1_5,train
BigGAN\705_biggan_00059.jpg,1,BigGAN,train
BigGAN\502_biggan_00054.jpg,1,BigGAN,train
Nature\n01601694_4314.JPEG,0,Nature,train
stable_diffusion_v_1_5\144_sdv5_00130.jpg,1,stable_diffusion_v_1_5,train
Nature\n02011460_956.JPEG,0,Nature,train
stable_diffusion_v_1_5\891_sdv5_00138.jpg,1,stable_diffusion_v_1_5,train
ADM\438_adm_64.jpg,1,ADM,train
BigGAN\392_biggan_00148.jpg,1,BigGAN,train
Nature\n02011460_8355.JPEG,0,Nature,train
Nature\n02012849_8942.JPEG,0,Nature,train
ADM\594_adm_153.jpg,1,ADM,train
BigGAN\675_biggan_00144.jpg,1,BigGAN,train
ADM\653_adm_78.jpg,1,ADM,train
Nature\n01828970_3680.JPEG,0,Nature,train
Nature\n01855672_7626.JPEG,0,Nature,train
stable_diffusion_v_1_5\986_sdv5_00093.jpg,1,stable_diffusion_v_1_5,train
ADM\796_adm_7.jpg,1,ADM,train
BigGAN\960_biggan_00183.jpg,1,BigGAN,train
Nature\n01614925_2843.JPEG,0,Nature,train
BigGAN\595_biggan_00023.jpg,1,BigGAN,train
BigGAN\376_biggan_00087.jpg,1,BigGAN,train
ADM\522_adm_180.jpg,1,ADM,train
BigGAN\219_biggan_00166.jpg,1,BigGAN,train
stable_diffusion_v_1_5\485_sdv5_00031.jpg,1,stable_diffusion_v_1_5,train
BigGAN\838_biggan_00070.jpg,1,BigGAN,train
Nature\n02012849_167.JPEG,0,Nature,train
stable_diffusion_v_1_5\056_sdv5_00085.jpg,1,stable_diffusion_v_1_5,train
BigGAN\997_biggan_00110.jpg,1,BigGAN,train
ADM\922_adm_132.jpg,1,ADM,train
ADM\534_adm_177.jpg,1,ADM,train
BigGAN\437_biggan_00085.jpg,1,BigGAN,train
Nature\n01667114_10241.JPEG,0,Nature,train
Nature\ILSVRC2012_val_00017251.JPEG,0,Nature,train
ADM\699_adm_7.jpg,1,ADM,train
ADM\3_adm_49.jpg,1,ADM,train
BigGAN\201_biggan_00066.jpg,1,BigGAN,train
stable_diffusion_v_1_5\957_sdv5_00057.jpg,1,stable_diffusion_v_1_5,train
ADM\857_adm_100.jpg,1,ADM,train
Nature\n01944390_6571.JPEG,0,Nature,train
stable_diffusion_v_1_5\552_sdv5_00193.jpg,1,stable_diffusion_v_1_5,train
BigGAN\231_biggan_00140.jpg,1,BigGAN,train
Nature\n02051845_12517.JPEG,0,Nature,train
ADM\382_adm_165.jpg,1,ADM,train
BigGAN\055_biggan_00136.jpg,1,BigGAN,train
BigGAN\320_biggan_00102.jpg,1,BigGAN,train
stable_diffusion_v_1_5\854_sdv5_00039.jpg,1,stable_diffusion_v_1_5,train
stable_diffusion_v_1_5\202_sdv5_00101.jpg,1,stable_diffusion_v_1_5,train
stable_diffusion_v_1_5\394_sdv5_00117.jpg,1,stable_diffusion_v_1_5,train
BigGAN\632_biggan_00153.jpg,1,BigGAN,train
Nature\n01914609_15993.JPEG,0,Nature,train
Nature\n02018795_3871.JPEG,0,Nature,train
ADM\105_adm_25.jpg,1,ADM,train
BigGAN\916_biggan_00138.jpg,1,BigGAN,train
BigGAN\119_biggan_00081.jpg,1,BigGAN,train
stable_diffusion_v_1_5\361_sdv5_00009.jpg,1,stable_diffusion_v_1_5,train
ADM\129_adm_118.jpg,1,ADM,train
BigGAN\045_biggan_00070.jpg,1,BigGAN,train
Nature\n01833805_8543.JPEG,0,Nature,train
stable_diffusion_v_1_5\807_sdv5_00046.jpg,1,stable_diffusion_v_1_5,train
Nature\n01592084_284.JPEG,0,Nature,train
ADM\101_adm_56.jpg,1,ADM,train
Nature\n01914609_10444.JPEG,0,Nature,train
stable_diffusion_v_1_5\008_sdv5_00013.jpg,1,stable_diffusion_v_1_5,train
stable_diffusion_v_1_5\159_sdv5_00030.jpg,1,stable_diffusion_v_1_5,train
ADM\269_adm_161.jpg,1,ADM,train
Nature\n01560419_7851.JPEG,0,Nature,train
Nature\n02006656_5521.JPEG,0,Nature,train
ADM\798_adm_132.jpg,1,ADM,train
BigGAN\950_biggan_00055.jpg,1,BigGAN,train
Nature\ILSVRC2012_val_00033555.JPEG,0,Nature,train
Nature\ILSVRC2012_val_00000939.JPEG,0,Nature,train
stable_diffusion_v_1_5\029_sdv5_00061.jpg,1,stable_diffusion_v_1_5,train
stable_diffusion_v_1_5\883_sdv5_00193.jpg,1,stable_diffusion_v_1_5,train
Nature\n01773797_4353.JPEG,0,Nature,train
Nature\n02051845_9348.JPEG,0,Nature,train
stable_diffusion_v_1_5\181_sdv5_00100.jpg,1,stable_diffusion_v_1_5,train
ADM\305_adm_31.jpg,1,ADM,train
Nature\n01828970_11122.JPEG,0,Nature,train
Nature\n02006656_1993.JPEG,0,Nature,train
stable_diffusion_v_1_5\865_sdv5_00186.jpg,1,stable_diffusion_v_1_5,train
Nature\n01592084_5119.JPEG,0,Nature,train
ADM\936_adm_44.jpg,1,ADM,train
BigGAN\010_biggan_00072.jpg,1,BigGAN,train
Nature\n01614925_15940.JPEG,0,Nature,train
stable_diffusion_v_1_5\598_sdv5_00118.jpg,1,stable_diffusion_v_1_5,train
BigGAN\783_biggan_00043.jpg,1,BigGAN,train
stable_diffusion_v_1_5\694_sdv5_00013.jpg,1,stable_diffusion_v_1_5,train
BigGAN\548_biggan_00020.jpg,1,BigGAN,train
BigGAN\048_biggan_00005.jpg,1,BigGAN,train
stable_diffusion_v_1_5\768_sdv5_00018.jpg,1,stable_diffusion_v_1_5,train
ADM\664_adm_174.jpg,1,ADM,train
ADM\667_adm_64.jpg,1,ADM,train
ADM\646_adm_113.jpg,1,ADM,train
ADM\683_adm_85.jpg,1,ADM,train
stable_diffusion_v_1_5\023_sdv5_00179.jpg,1,stable_diffusion_v_1_5,train
ADM\930_adm_181.jpg,1,ADM,train
ADM\249_adm_138.jpg,1,ADM,train
ADM\174_adm_98.jpg,1,ADM,train
BigGAN\641_biggan_00176.jpg,1,BigGAN,train
Nature\n03485794_34650.JPEG,0,Nature,train
Nature\n01729977_10004.JPEG,0,Nature,train
ADM\838_adm_125.jpg,1,ADM,train
ADM\46_adm_36.jpg,1,ADM,train
stable_diffusion_v_1_5\968_sdv5_00115.jpg,1,stable_diffusion_v_1_5,train
ADM\193_adm_17.jpg,1,ADM,train
BigGAN\524_biggan_00024.jpg,1,BigGAN,train
Nature\n01677366_17041.JPEG,0,Nature,train
ADM\587_adm_191.jpg,1,ADM,train
BigGAN\868_biggan_00073.jpg,1,BigGAN,train
ADM\554_adm_56.jpg,1,ADM,train
BigGAN\432_biggan_00011.jpg,1,BigGAN,train
stable_diffusion_v_1_5\203_sdv5_00035.jpg,1,stable_diffusion_v_1_5,train
stable_diffusion_v_1_5\982_sdv5_00150.jpg,1,stable_diffusion_v_1_5,train
BigGAN\894_biggan_00134.jpg,1,BigGAN,train
Nature\n01910747_3140.JPEG,0,Nature,train
Nature\n01622779_6330.JPEG,0,Nature,train
Nature\n02013706_6726.JPEG,0,Nature,train
BigGAN\908_biggan_00130.jpg,1,BigGAN,train
Nature\n01986214_11809.JPEG,0,Nature,train
BigGAN\408_biggan_00002.jpg,1,BigGAN,train
Nature\n01614925_1200.JPEG,0,Nature,train
BigGAN\525_biggan_00079.jpg,1,BigGAN,train
Nature\n01847000_14509.JPEG,0,Nature,train
BigGAN\888_biggan_00020.jpg,1,BigGAN,train
BigGAN\325_biggan_00052.jpg,1,BigGAN,train
stable_diffusion_v_1_5\524_sdv5_00028.jpg,1,stable_diffusion_v_1_5,train
Nature\n01943899_23259.JPEG,0,Nature,train
stable_diffusion_v_1_5\171_sdv5_00171.jpg,1,stable_diffusion_v_1_5,train
Nature\n01829413_6827.JPEG,0,Nature,train
stable_diffusion_v_1_5\036_sdv5_00036.jpg,1,stable_diffusion_v_1_5,train
ADM\422_adm_77.jpg,1,ADM,train
ADM\537_adm_123.jpg,1,ADM,train
stable_diffusion_v_1_5\567_sdv5_00150.jpg,1,stable_diffusion_v_1_5,train
Nature\n02012849_102.JPEG,0,Nature,train
BigGAN\906_biggan_00039.jpg,1,BigGAN,train
stable_diffusion_v_1_5\774_sdv5_00129.jpg,1,stable_diffusion_v_1_5,train
stable_diffusion_v_1_5\436_sdv5_00135.jpg,1,stable_diffusion_v_1_5,train
stable_diffusion_v_1_5\705_sdv5_00022.jpg,1,stable_diffusion_v_1_5,train
Nature\n01943899_30351.JPEG,0,Nature,train
BigGAN\944_biggan_00126.jpg,1,BigGAN,train
stable_diffusion_v_1_5\508_sdv5_00156.jpg,1,stable_diffusion_v_1_5,train
BigGAN\514_biggan_00070.jpg,1,BigGAN,train
BigGAN\553_biggan_00183.jpg,1,BigGAN,train
Nature\n01843383_3164.JPEG,0,Nature,train
Nature\n01773549_2644.JPEG,0,Nature,train
Nature\n01819313_4114.JPEG,0,Nature,train
BigGAN\117_biggan_00020.jpg,1,BigGAN,train
stable_diffusion_v_1_5\509_sdv5_00135.jpg,1,stable_diffusion_v_1_5,train
ADM\521_adm_159.jpg,1,ADM,train
ADM\119_adm_180.jpg,1,ADM,train
Nature\n01514668_12004.JPEG,0,Nature,train
stable_diffusion_v_1_5\163_sdv5_00098.jpg,1,stable_diffusion_v_1_5,train
ADM\628_adm_107.jpg,1,ADM,train
stable_diffusion_v_1_5\139_sdv5_00096.jpg,1,stable_diffusion_v_1_5,train
stable_diffusion_v_1_5\926_sdv5_00020.jpg,1,stable_diffusion_v_1_5,train
ADM\265_adm_85.jpg,1,ADM,train
Nature\n01776313_77688.JPEG,0,Nature,train
ADM\602_adm_176.jpg,1,ADM,train
BigGAN\546_biggan_00035.jpg,1,BigGAN,train
Nature\n02006656_3565.JPEG,0,Nature,train
ADM\316_adm_174.jpg,1,ADM,train
stable_diffusion_v_1_5\236_sdv5_00084.jpg,1,stable_diffusion_v_1_5,train
Nature\n02011460_6116.JPEG,0,Nature,train
stable_diffusion_v_1_5\244_sdv5_00034.jpg,1,stable_diffusion_v_1_5,train
BigGAN\939_biggan_00188.jpg,1,BigGAN,train
BigGAN\320_biggan_00186.jpg,1,BigGAN,train
BigGAN\221_biggan_00106.jpg,1,BigGAN,train
ADM\857_adm_153.jpg,1,ADM,train
BigGAN\533_biggan_00012.jpg,1,BigGAN,train
BigGAN\784_biggan_00171.jpg,1,BigGAN,train
stable_diffusion_v_1_5\644_sdv5_00037.jpg,1,stable_diffusion_v_1_5,train
Nature\n01632458_1740.JPEG,0,Nature,train
ADM\756_adm_24.jpg,1,ADM,train
stable_diffusion_v_1_5\323_sdv5_00053.jpg,1,stable_diffusion_v_1_5,train
ADM\637_adm_116.jpg,1,ADM,train
stable_diffusion_v_1_5\428_sdv5_00036.jpg,1,stable_diffusion_v_1_5,train
stable_diffusion_v_1_5\760_sdv5_00175.jpg,1,stable_diffusion_v_1_5,train
Nature\n01773797_3410.JPEG,0,Nature,train
BigGAN\458_biggan_00057.jpg,1,BigGAN,train
BigGAN\974_biggan_00061.jpg,1,BigGAN,train
stable_diffusion_v_1_5\932_sdv5_00027.jpg,1,stable_diffusion_v_1_5,train
BigGAN\525_biggan_00045.jpg,1,BigGAN,train
Nature\n01698640_10834.JPEG,0,Nature,train
stable_diffusion_v_1_5\678_sdv5_00039.jpg,1,stable_diffusion_v_1_5,train
stable_diffusion_v_1_5\814_sdv5_00184.jpg,1,stable_diffusion_v_1_5,train
Nature\n01514668_13690.JPEG,0,Nature,train
Nature\n02018795_5557.JPEG,0,Nature,train
ADM\109_adm_165.jpg,1,ADM,train
BigGAN\652_biggan_00120.jpg,1,BigGAN,train
ADM\386_adm_7.jpg,1,ADM,train
Nature\n03710721_3063.JPEG,0,Nature,train
Nature\n01514859_5217.JPEG,0,Nature,train
Nature\n01632458_140.JPEG,0,Nature,train
ADM\457_adm_102.jpg,1,ADM,train
stable_diffusion_v_1_5\637_sdv5_00196.jpg,1,stable_diffusion_v_1_5,train
Nature\n02051845_13736.JPEG,0,Nature,train
ADM\434_adm_57.jpg,1,ADM,train
ADM\463_adm_34.jpg,1,ADM,train
Nature\n01592084_3972.JPEG,0,Nature,train
Nature\n01537544_3976.JPEG,0,Nature,train
Nature\n02012849_5956.JPEG,0,Nature,train
Nature\n07932039_10057.JPEG,0,Nature,train
stable_diffusion_v_1_5\135_sdv5_00020.jpg,1,stable_diffusion_v_1_5,train
Nature\n01773157_1629.JPEG,0,Nature,train
BigGAN\121_biggan_00030.jpg,1,BigGAN,train
Nature\n01693334_407.JPEG,0,Nature,train
stable_diffusion_v_1_5\223_sdv5_00195.jpg,1,stable_diffusion_v_1_5,train
ADM\933_adm_172.jpg,1,ADM,train
stable_diffusion_v_1_5\171_sdv5_00172.jpg,1,stable_diffusion_v_1_5,train
Nature\n02007558_14594.JPEG,0,Nature,train
stable_diffusion_v_1_5\867_sdv5_00049.jpg,1,stable_diffusion_v_1_5,train
Nature\ILSVRC2012_val_00039706.JPEG,0,Nature,train
stable_diffusion_v_1_5\130_sdv5_00129.jpg,1,stable_diffusion_v_1_5,train
BigGAN\487_biggan_00061.jpg,1,BigGAN,train
Nature\n01614925_4274.JPEG,0,Nature,train
Nature\n01622779_2484.JPEG,0,Nature,train
BigGAN\804_biggan_00121.jpg,1,BigGAN,train
BigGAN\593_biggan_00016.jpg,1,BigGAN,train
ADM\87_adm_35.jpg,1,ADM,train
BigGAN\168_biggan_00143.jpg,1,BigGAN,train
stable_diffusion_v_1_5\654_sdv5_00100.jpg,1,stable_diffusion_v_1_5,train
ADM\821_adm_85.jpg,1,ADM,train
BigGAN\285_biggan_00018.jpg,1,BigGAN,train
Nature\n02028035_9115.JPEG,0,Nature,train
ADM\26_adm_104.jpg,1,ADM,train
BigGAN\743_biggan_00012.jpg,1,BigGAN,train
BigGAN\690_biggan_00086.jpg,1,BigGAN,train
Nature\n01531178_627.JPEG,0,Nature,train
ADM\383_adm_55.jpg,1,ADM,train
stable_diffusion_v_1_5\753_sdv5_00114.jpg,1,stable_diffusion_v_1_5,train
Nature\n01774750_11785.JPEG,0,Nature,train
stable_diffusion_v_1_5\666_sdv5_00160.jpg,1,stable_diffusion_v_1_5,train
BigGAN\225_biggan_00086.jpg,1,BigGAN,train
ADM\479_adm_153.jpg,1,ADM,train
Nature\n01614925_2052.JPEG,0,Nature,train
stable_diffusion_v_1_5\947_sdv5_00064.jpg,1,stable_diffusion_v_1_5,train
ADM\761_adm_183.jpg,1,ADM,train
BigGAN\704_biggan_00046.jpg,1,BigGAN,train
BigGAN\525_biggan_00138.jpg,1,BigGAN,train
BigGAN\379_biggan_00167.jpg,1,BigGAN,train
stable_diffusion_v_1_5\011_sdv5_00170.jpg,1,stable_diffusion_v_1_5,train
stable_diffusion_v_1_5\924_sdv5_00013.jpg,1,stable_diffusion_v_1_5,train
stable_diffusion_v_1_5\101_sdv5_00048.jpg,1,stable_diffusion_v_1_5,train
ADM\195_adm_28.jpg,1,ADM,train
BigGAN\077_biggan_00166.jpg,1,BigGAN,train
stable_diffusion_v_1_5\532_sdv5_00156.jpg,1,stable_diffusion_v_1_5,train
Nature\n02487347_195.JPEG,0,Nature,train
BigGAN\236_biggan_00096.jpg,1,BigGAN,train
Nature\n02093991_6571.JPEG,0,Nature,train
ADM\777_adm_9.jpg,1,ADM,train
stable_diffusion_v_1_5\731_sdv5_00034.jpg,1,stable_diffusion_v_1_5,train
BigGAN\667_biggan_00039.jpg,1,BigGAN,train
ADM\903_adm_57.jpg,1,ADM,train
BigGAN\144_biggan_00039.jpg,1,BigGAN,train
stable_diffusion_v_1_5\974_sdv5_00048.jpg,1,stable_diffusion_v_1_5,train
ADM\981_adm_118.jpg,1,ADM,train
BigGAN\723_biggan_00086.jpg,1,BigGAN,train
Nature\n01560419_5219.JPEG,0,Nature,train
ADM\107_adm_22.jpg,1,ADM,train
stable_diffusion_v_1_5\147_sdv5_00146.jpg,1,stable_diffusion_v_1_5,train
Nature\ILSVRC2012_val_00001978.JPEG,0,Nature,train
stable_diffusion_v_1_5\104_sdv5_00012.jpg,1,stable_diffusion_v_1_5,train
stable_diffusion_v_1_5\053_sdv5_00021.jpg,1,stable_diffusion_v_1_5,train
BigGAN\228_biggan_00124.jpg,1,BigGAN,train
ADM\407_adm_34.jpg,1,ADM,train
ADM\412_adm_153.jpg,1,ADM,train
Nature\n01843383_11370.JPEG,0,Nature,train
ADM\642_adm_3.jpg,1,ADM,train
Nature\n01773157_2610.JPEG,0,Nature,train
Nature\n01843383_6585.JPEG,0,Nature,train
BigGAN\641_biggan_00182.jpg,1,BigGAN,train
ADM\988_adm_182.jpg,1,ADM,train
BigGAN\680_biggan_00004.jpg,1,BigGAN,train
stable_diffusion_v_1_5\835_sdv5_00106.jpg,1,stable_diffusion_v_1_5,train
stable_diffusion_v_1_5\143_sdv5_00135.jpg,1,stable_diffusion_v_1_5,train
Nature\n01775062_4850.JPEG,0,Nature,train
stable_diffusion_v_1_5\233_sdv5_00093.jpg,1,stable_diffusion_v_1_5,train
ADM\714_adm_98.jpg,1,ADM,train
ADM\42_adm_14.jpg,1,ADM,train
BigGAN\919_biggan_00179.jpg,1,BigGAN,train
BigGAN\169_biggan_00107.jpg,1,BigGAN,train
BigGAN\609_biggan_00017.jpg,1,BigGAN,train
Nature\ILSVRC2012_val_00026716.JPEG,0,Nature,train
BigGAN\696_biggan_00020.jpg,1,BigGAN,train
Nature\n01677366_45856.JPEG,0,Nature,train
Nature\ILSVRC2012_val_00041288.JPEG,0,Nature,train
ADM\549_adm_182.jpg,1,ADM,train
Nature\n01770393_464.JPEG,0,Nature,train
ADM\866_adm_133.jpg,1,ADM,train
BigGAN\072_biggan_00063.jpg,1,BigGAN,train
stable_diffusion_v_1_5\439_sdv5_00040.jpg,1,stable_diffusion_v_1_5,train
Nature\n01950731_11432.JPEG,0,Nature,train
BigGAN\441_biggan_00018.jpg,1,BigGAN,train
stable_diffusion_v_1_5\819_sdv5_00089.jpg,1,stable_diffusion_v_1_5,train
ADM\221_adm_15.jpg,1,ADM,train
Nature\ILSVRC2012_val_00022504.JPEG,0,Nature,train
Nature\n01828970_10615.JPEG,0,Nature,train
BigGAN\599_biggan_00020.jpg,1,BigGAN,train
Nature\n01955084_7509.JPEG,0,Nature,train
Nature\n01614925_8737.JPEG,0,Nature,train
stable_diffusion_v_1_5\800_sdv5_00003.jpg,1,stable_diffusion_v_1_5,train
Nature\n01829413_1840.JPEG,0,Nature,train
stable_diffusion_v_1_5\902_sdv5_00150.jpg,1,stable_diffusion_v_1_5,train
Nature\n01601694_3291.JPEG,0,Nature,train
ADM\760_adm_174.jpg,1,ADM,train
ADM\110_adm_66.jpg,1,ADM,train
ADM\48_adm_91.jpg,1,ADM,train
stable_diffusion_v_1_5\153_sdv5_00009.jpg,1,stable_diffusion_v_1_5,train
Nature\ILSVRC2012_val_00041498.JPEG,0,Nature,train
Nature\ILSVRC2012_val_00048142.JPEG,0,Nature,train
stable_diffusion_v_1_5\060_sdv5_00167.jpg,1,stable_diffusion_v_1_5,train
Nature\n01622779_2022.JPEG,0,Nature,train
stable_diffusion_v_1_5\345_sdv5_00190.jpg,1,stable_diffusion_v_1_5,train
stable_diffusion_v_1_5\101_sdv5_00027.jpg,1,stable_diffusion_v_1_5,train
ADM\727_adm_126.jpg,1,ADM,train
Nature\n07716358_1535.JPEG,0,Nature,train
Nature\n01729977_15541.JPEG,0,Nature,train
stable_diffusion_v_1_5\104_sdv5_00185.jpg,1,stable_diffusion_v_1_5,train
ADM\471_adm_148.jpg,1,ADM,train
BigGAN\892_biggan_00139.jpg,1,BigGAN,train
Nature\n01773797_1512.JPEG,0,Nature,train
Nature\n01833805_11828.JPEG,0,Nature,train
BigGAN\492_biggan_00101.jpg,1,BigGAN,train
stable_diffusion_v_1_5\982_sdv5_00052.jpg,1,stable_diffusion_v_1_5,train
Nature\n02011460_453.JPEG,0,Nature,train
Nature\ILSVRC2012_val_00049688.JPEG,0,Nature,train
stable_diffusion_v_1_5\723_sdv5_00156.jpg,1,stable_diffusion_v_1_5,train
stable_diffusion_v_1_5\728_sdv5_00005.jpg,1,stable_diffusion_v_1_5,train
stable_diffusion_v_1_5\970_sdv5_00117.jpg,1,stable_diffusion_v_1_5,train
Nature\n01608432_13027.JPEG,0,Nature,train
ADM\943_adm_18.jpg,1,ADM,train
BigGAN\868_biggan_00067.jpg,1,BigGAN,train
Nature\n01847000_4691.JPEG,0,Nature,train
stable_diffusion_v_1_5\268_sdv5_00009.jpg,1,stable_diffusion_v_1_5,train
stable_diffusion_v_1_5\863_sdv5_00110.jpg,1,stable_diffusion_v_1_5,train
Nature\n01944390_11970.JPEG,0,Nature,train
ADM\866_adm_63.jpg,1,ADM,train
stable_diffusion_v_1_5\252_sdv5_00061.jpg,1,stable_diffusion_v_1_5,train
BigGAN\590_biggan_00121.jpg,1,BigGAN,train
ADM\361_adm_85.jpg,1,ADM,train
stable_diffusion_v_1_5\074_sdv5_00034.jpg,1,stable_diffusion_v_1_5,train
BigGAN\500_biggan_00155.jpg,1,BigGAN,train
ADM\124_adm_61.jpg,1,ADM,train
BigGAN\826_biggan_00127.jpg,1,BigGAN,train
ADM\936_adm_133.jpg,1,ADM,train
BigGAN\805_biggan_00187.jpg,1,BigGAN,train
ADM\220_adm_17.jpg,1,ADM,train
Nature\ILSVRC2012_val_00014432.JPEG,0,Nature,train
Nature\n01695060_30429.JPEG,0,Nature,train
stable_diffusion_v_1_5\732_sdv5_00142.jpg,1,stable_diffusion_v_1_5,train
stable_diffusion_v_1_5\467_sdv5_00067.jpg,1,stable_diffusion_v_1_5,train
stable_diffusion_v_1_5\498_sdv5_00009.jpg,1,stable_diffusion_v_1_5,train
BigGAN\708_biggan_00152.jpg,1,BigGAN,train
Nature\ILSVRC2012_val_00018857.JPEG,0,Nature,train
stable_diffusion_v_1_5\153_sdv5_00027.jpg,1,stable_diffusion_v_1_5,train
ADM\172_adm_156.jpg,1,ADM,train
Nature\n01614925_8599.JPEG,0,Nature,train
BigGAN\925_biggan_00127.jpg,1,BigGAN,train
Nature\n01498041_13381.JPEG,0,Nature,train
BigGAN\267_biggan_00127.jpg,1,BigGAN,train
ADM\131_adm_163.jpg,1,ADM,train
BigGAN\362_biggan_00005.jpg,1,BigGAN,train
Nature\n01847000_15000.JPEG,0,Nature,train
stable_diffusion_v_1_5\616_sdv5_00095.jpg,1,stable_diffusion_v_1_5,train
stable_diffusion_v_1_5\559_sdv5_00096.jpg,1,stable_diffusion_v_1_5,train
ADM\648_adm_171.jpg,1,ADM,train
ADM\449_adm_133.jpg,1,ADM,train
ADM\268_adm_138.jpg,1,ADM,train
stable_diffusion_v_1_5\814_sdv5_00008.jpg,1,stable_diffusion_v_1_5,train
Nature\n01622779_6989.JPEG,0,Nature,train
Nature\n02006656_2190.JPEG,0,Nature,train
Nature\ILSVRC2012_val_00000363.JPEG,0,Nature,train
BigGAN\457_biggan_00057.jpg,1,BigGAN,train
Nature\n01514668_15174.JPEG,0,Nature,train
ADM\158_adm_25.jpg,1,ADM,train
Nature\n01735189_14192.JPEG,0,Nature,train
ADM\647_adm_188.jpg,1,ADM,train
ADM\36_adm_31.jpg,1,ADM,train
ADM\320_adm_131.jpg,1,ADM,train
Nature\n03443371_899.JPEG,0,Nature,train
Nature\n01531178_16665.JPEG,0,Nature,train
stable_diffusion_v_1_5\066_sdv5_00120.jpg,1,stable_diffusion_v_1_5,train
ADM\834_adm_64.jpg,1,ADM,train
BigGAN\613_biggan_00122.jpg,1,BigGAN,train
ADM\228_adm_138.jpg,1,ADM,train
Nature\n01950731_13651.JPEG,0,Nature,train
Nature\n02012849_6259.JPEG,0,Nature,train
BigGAN\490_biggan_00101.jpg,1,BigGAN,train
ADM\658_adm_84.jpg,1,ADM,train
Nature\n03690938_4902.JPEG,0,Nature,train
stable_diffusion_v_1_5\237_sdv5_00009.jpg,1,stable_diffusion_v_1_5,train
Nature\n01986214_18190.JPEG,0,Nature,train
BigGAN\106_biggan_00076.jpg,1,BigGAN,train
BigGAN\290_biggan_00043.jpg,1,BigGAN,train
stable_diffusion_v_1_5\953_sdv5_00124.jpg,1,stable_diffusion_v_1_5,train
Nature\n01775062_5415.JPEG,0,Nature,train
Nature\n01820546_3445.JPEG,0,Nature,train
BigGAN\894_biggan_00062.jpg,1,BigGAN,train
stable_diffusion_v_1_5\381_sdv5_00036.jpg,1,stable_diffusion_v_1_5,train
BigGAN\630_biggan_00132.jpg,1,BigGAN,train
stable_diffusion_v_1_5\586_sdv5_00027.jpg,1,stable_diffusion_v_1_5,train
ADM\660_adm_133.jpg,1,ADM,train
Nature\n01843383_3683.JPEG,0,Nature,train
Nature\ILSVRC2012_val_00011403.JPEG,0,Nature,train
stable_diffusion_v_1_5\907_sdv5_00135.jpg,1,stable_diffusion_v_1_5,train
Nature\n01560419_2959.JPEG,0,Nature,train
stable_diffusion_v_1_5\978_sdv5_00056.jpg,1,stable_diffusion_v_1_5,train
BigGAN\766_biggan_00107.jpg,1,BigGAN,train
Nature\n01742172_20133.JPEG,0,Nature,train
BigGAN\073_biggan_00098.jpg,1,BigGAN,train
Nature\n01734418_3648.JPEG,0,Nature,train
Nature\n01614925_305.JPEG,0,Nature,train
Nature\n02006656_1901.JPEG,0,Nature,train
ADM\646_adm_152.jpg,1,ADM,train
stable_diffusion_v_1_5\013_sdv5_00084.jpg,1,stable_diffusion_v_1_5,train
stable_diffusion_v_1_5\007_sdv5_00039.jpg,1,stable_diffusion_v_1_5,train
BigGAN\434_biggan_00110.jpg,1,BigGAN,train
BigGAN\554_biggan_00020.jpg,1,BigGAN,train
ADM\978_adm_116.jpg,1,ADM,train
stable_diffusion_v_1_5\832_sdv5_00020.jpg,1,stable_diffusion_v_1_5,train
ADM\844_adm_36.jpg,1,ADM,train
ADM\926_adm_112.jpg,1,ADM,train
BigGAN\823_biggan_00143.jpg,1,BigGAN,train
Nature\n04004767_11692.JPEG,0,Nature,train
stable_diffusion_v_1_5\133_sdv5_00045.jpg,1,stable_diffusion_v_1_5,train
ADM\330_adm_45.jpg,1,ADM,train
stable_diffusion_v_1_5\140_sdv5_00002.jpg,1,stable_diffusion_v_1_5,train
BigGAN\769_biggan_00039.jpg,1,BigGAN,train
ADM\780_adm_7.jpg,1,ADM,train
Nature\n01774750_11326.JPEG,0,Nature,train
BigGAN\770_biggan_00127.jpg,1,BigGAN,train
Nature\ILSVRC2012_val_00036815.JPEG,0,Nature,train
BigGAN\504_biggan_00118.jpg,1,BigGAN,train
ADM\172_adm_44.jpg,1,ADM,train
stable_diffusion_v_1_5\108_sdv5_00089.jpg,1,stable_diffusion_v_1_5,train
BigGAN\683_biggan_00005.jpg,1,BigGAN,train
Nature\n01944390_3347.JPEG,0,Nature,train
ADM\67_adm_61.jpg,1,ADM,train
BigGAN\589_biggan_00130.jpg,1,BigGAN,train
stable_diffusion_v_1_5\334_sdv5_00108.jpg,1,stable_diffusion_v_1_5,train
Nature\n02096437_5976.JPEG,0,Nature,train
ADM\746_adm_56.jpg,1,ADM,train
Nature\n01667778_2645.JPEG,0,Nature,train
Nature\n01614925_619.JPEG,0,Nature,train
ADM\378_adm_60.jpg,1,ADM,train
BigGAN\435_biggan_00140.jpg,1,BigGAN,train
ADM\245_adm_172.jpg,1,ADM,train
BigGAN\370_biggan_00024.jpg,1,BigGAN,train
BigGAN\758_biggan_00013.jpg,1,BigGAN,train
BigGAN\979_biggan_00043.jpg,1,BigGAN,train
stable_diffusion_v_1_5\051_sdv5_00027.jpg,1,stable_diffusion_v_1_5,train
Nature\ILSVRC2012_val_00000837.JPEG,0,Nature,train
Nature\n01943899_14540.JPEG,0,Nature,train
Nature\n01537544_9830.JPEG,0,Nature,train
stable_diffusion_v_1_5\273_sdv5_00020.jpg,1,stable_diffusion_v_1_5,train
ADM\833_adm_7.jpg,1,ADM,train
ADM\844_adm_7.jpg,1,ADM,train
ADM\279_adm_45.jpg,1,ADM,train
Nature\n02077923_11827.JPEG,0,Nature,train
BigGAN\130_biggan_00143.jpg,1,BigGAN,train
Nature\n01833805_6594.JPEG,0,Nature,train
Nature\n01833805_8308.JPEG,0,Nature,train
BigGAN\631_biggan_00094.jpg,1,BigGAN,train
ADM\921_adm_2.jpg,1,ADM,train
ADM\607_adm_4.jpg,1,ADM,train
Nature\n02006656_1142.JPEG,0,Nature,train
Nature\n01860187_904.JPEG,0,Nature,train
Nature\n02013706_3043.JPEG,0,Nature,train
BigGAN\471_biggan_00020.jpg,1,BigGAN,train
stable_diffusion_v_1_5\259_sdv5_00163.jpg,1,stable_diffusion_v_1_5,train
ADM\604_adm_32.jpg,1,ADM,train
ADM\283_adm_146.jpg,1,ADM,train
Nature\n01531178_21958.JPEG,0,Nature,train
Nature\n01770081_12419.JPEG,0,Nature,train
Nature\n01773797_5381.JPEG,0,Nature,train
ADM\990_adm_6.jpg,1,ADM,train
stable_diffusion_v_1_5\544_sdv5_00044.jpg,1,stable_diffusion_v_1_5,train
BigGAN\837_biggan_00146.jpg,1,BigGAN,train
ADM\792_adm_153.jpg,1,ADM,train
stable_diffusion_v_1_5\856_sdv5_00009.jpg,1,stable_diffusion_v_1_5,train
Nature\n01955084_3091.JPEG,0,Nature,train
stable_diffusion_v_1_5\505_sdv5_00085.jpg,1,stable_diffusion_v_1_5,train
BigGAN\837_biggan_00004.jpg,1,BigGAN,train
Nature\ILSVRC2012_val_00038192.JPEG,0,Nature,train
BigGAN\644_biggan_00020.jpg,1,BigGAN,train
Nature\n02007558_3077.JPEG,0,Nature,train
ADM\534_adm_34.jpg,1,ADM,train
stable_diffusion_v_1_5\730_sdv5_00191.jpg,1,stable_diffusion_v_1_5,train
ADM\448_adm_19.jpg,1,ADM,train
ADM\957_adm_147.jpg,1,ADM,train
ADM\197_adm_153.jpg,1,ADM,train
ADM\803_adm_174.jpg,1,ADM,train
stable_diffusion_v_1_5\532_sdv5_00068.jpg,1,stable_diffusion_v_1_5,train
stable_diffusion_v_1_5\415_sdv5_00153.jpg,1,stable_diffusion_v_1_5,train
ADM\726_adm_15.jpg,1,ADM,train
stable_diffusion_v_1_5\379_sdv5_00016.jpg,1,stable_diffusion_v_1_5,train
Nature\n01537544_10674.JPEG,0,Nature,train
ADM\584_adm_66.jpg,1,ADM,train
ADM\119_adm_5.jpg,1,ADM,train
Nature\n01829413_767.JPEG,0,Nature,train
BigGAN\221_biggan_00030.jpg,1,BigGAN,train
BigGAN\284_biggan_00163.jpg,1,BigGAN,train
Nature\n01883070_9022.JPEG,0,Nature,train
ADM\626_adm_74.jpg,1,ADM,train
BigGAN\042_biggan_00154.jpg,1,BigGAN,train
Nature\n02011460_8826.JPEG,0,Nature,train
ADM\750_adm_153.jpg,1,ADM,train
Nature\n07747607_15161.JPEG,0,Nature,train
Nature\n01943899_19896.JPEG,0,Nature,train
BigGAN\245_biggan_00020.jpg,1,BigGAN,train
BigGAN\376_biggan_00074.jpg,1,BigGAN,train
Nature\n01773549_4198.JPEG,0,Nature,train
Nature\n02007558_7020.JPEG,0,Nature,train
stable_diffusion_v_1_5\728_sdv5_00020.jpg,1,stable_diffusion_v_1_5,train
ADM\328_adm_85.jpg,1,ADM,train
stable_diffusion_v_1_5\776_sdv5_00195.jpg,1,stable_diffusion_v_1_5,train
stable_diffusion_v_1_5\827_sdv5_00011.jpg,1,stable_diffusion_v_1_5,train
BigGAN\258_biggan_00020.jpg,1,BigGAN,train
Nature\ILSVRC2012_val_00026846.JPEG,0,Nature,train
BigGAN\184_biggan_00091.jpg,1,BigGAN,train
ADM\473_adm_163.jpg,1,ADM,train
stable_diffusion_v_1_5\721_sdv5_00131.jpg,1,stable_diffusion_v_1_5,train
Nature\n01742172_125.JPEG,0,Nature,train
ADM\345_adm_99.jpg,1,ADM,train
BigGAN\664_biggan_00074.jpg,1,BigGAN,train
Nature\n04428191_11850.JPEG,0,Nature,train
BigGAN\641_biggan_00066.jpg,1,BigGAN,train
ADM\157_adm_107.jpg,1,ADM,train
BigGAN\162_biggan_00049.jpg,1,BigGAN,train
BigGAN\288_biggan_00148.jpg,1,BigGAN,train
Nature\n01806143_9956.JPEG,0,Nature,train
ADM\473_adm_175.jpg,1,ADM,train
ADM\59_adm_51.jpg,1,ADM,train
ADM\564_adm_92.jpg,1,ADM,train
Nature\n01877812_8678.JPEG,0,Nature,train
stable_diffusion_v_1_5\937_sdv5_00134.jpg,1,stable_diffusion_v_1_5,train
Nature\n02051845_4792.JPEG,0,Nature,train
ADM\63_adm_18.jpg,1,ADM,train
ADM\368_adm_183.jpg,1,ADM,train
Nature\n01833805_3133.JPEG,0,Nature,train
stable_diffusion_v_1_5\388_sdv5_00006.jpg,1,stable_diffusion_v_1_5,train
ADM\893_adm_62.jpg,1,ADM,train
BigGAN\228_biggan_00134.jpg,1,BigGAN,train
Nature\ILSVRC2012_val_00025556.JPEG,0,Nature,train
ADM\313_adm_7.jpg,1,ADM,train
Nature\ILSVRC2012_val_00004183.JPEG,0,Nature,train
ADM\638_adm_34.jpg,1,ADM,train
stable_diffusion_v_1_5\633_sdv5_00033.jpg,1,stable_diffusion_v_1_5,train
stable_diffusion_v_1_5\830_sdv5_00162.jpg,1,stable_diffusion_v_1_5,train
stable_diffusion_v_1_5\099_sdv5_00039.jpg,1,stable_diffusion_v_1_5,train
BigGAN\259_biggan_00035.jpg,1,BigGAN,train
BigGAN\334_biggan_00008.jpg,1,BigGAN,train
stable_diffusion_v_1_5\308_sdv5_00132.jpg,1,stable_diffusion_v_1_5,train
BigGAN\724_biggan_00022.jpg,1,BigGAN,train
BigGAN\879_biggan_00127.jpg,1,BigGAN,train
BigGAN\347_biggan_00127.jpg,1,BigGAN,train
stable_diffusion_v_1_5\877_sdv5_00036.jpg,1,stable_diffusion_v_1_5,train
BigGAN\909_biggan_00096.jpg,1,BigGAN,train
Nature\n01622779_7322.JPEG,0,Nature,train
ADM\393_adm_68.jpg,1,ADM,train
ADM\679_adm_147.jpg,1,ADM,train
Nature\n02011460_1917.JPEG,0,Nature,train
Nature\n02013706_6253.JPEG,0,Nature,train
ADM\625_adm_117.jpg,1,ADM,train
BigGAN\952_biggan_00051.jpg,1,BigGAN,train
ADM\643_adm_75.jpg,1,ADM,train
BigGAN\072_biggan_00122.jpg,1,BigGAN,train
stable_diffusion_v_1_5\646_sdv5_00044.jpg,1,stable_diffusion_v_1_5,train
stable_diffusion_v_1_5\036_sdv5_00059.jpg,1,stable_diffusion_v_1_5,train
Nature\n01924916_4856.JPEG,0,Nature,train
ADM\912_adm_34.jpg,1,ADM,train
ADM\726_adm_7.jpg,1,ADM,train
BigGAN\945_biggan_00163.jpg,1,BigGAN,train
ADM\388_adm_33.jpg,1,ADM,train
ADM\410_adm_142.jpg,1,ADM,train
Nature\ILSVRC2012_val_00027996.JPEG,0,Nature,train
BigGAN\314_biggan_00088.jpg,1,BigGAN,train
Nature\n01833805_7873.JPEG,0,Nature,train
BigGAN\401_biggan_00145.jpg,1,BigGAN,train
BigGAN\409_biggan_00005.jpg,1,BigGAN,train
Nature\n02006656_10312.JPEG,0,Nature,train
stable_diffusion_v_1_5\163_sdv5_00006.jpg,1,stable_diffusion_v_1_5,train
stable_diffusion_v_1_5\690_sdv5_00030.jpg,1,stable_diffusion_v_1_5,train
Nature\n01773549_2925.JPEG,0,Nature,train
stable_diffusion_v_1_5\031_sdv5_00195.jpg,1,stable_diffusion_v_1_5,train
BigGAN\022_biggan_00169.jpg,1,BigGAN,train
Nature\n01735189_21237.JPEG,0,Nature,train
Nature\n01818515_9891.JPEG,0,Nature,train
stable_diffusion_v_1_5\920_sdv5_00188.jpg,1,stable_diffusion_v_1_5,train
stable_diffusion_v_1_5\108_sdv5_00154.jpg,1,stable_diffusion_v_1_5,train
BigGAN\791_biggan_00119.jpg,1,BigGAN,train
Nature\n04141076_44637.JPEG,0,Nature,train
Nature\n01735189_4044.JPEG,0,Nature,train
Nature\n01950731_14730.JPEG,0,Nature,train
ADM\829_adm_98.jpg,1,ADM,train
BigGAN\437_biggan_00103.jpg,1,BigGAN,train
BigGAN\840_biggan_00034.jpg,1,BigGAN,train
stable_diffusion_v_1_5\451_sdv5_00105.jpg,1,stable_diffusion_v_1_5,train
Nature\n01806143_8678.JPEG,0,Nature,train
ADM\140_adm_147.jpg,1,ADM,train
BigGAN\858_biggan_00163.jpg,1,BigGAN,train
ADM\27_adm_86.jpg,1,ADM,train
Nature\n01514859_4873.JPEG,0,Nature,train
BigGAN\932_biggan_00140.jpg,1,BigGAN,train
stable_diffusion_v_1_5\464_sdv5_00007.jpg,1,stable_diffusion_v_1_5,train
Nature\ILSVRC2012_val_00047609.JPEG,0,Nature,train
Nature\n01978287_4209.JPEG,0,Nature,train
stable_diffusion_v_1_5\535_sdv5_00064.jpg,1,stable_diffusion_v_1_5,train
Nature\n01773157_8431.JPEG,0,Nature,train
Nature\n01514668_18317.JPEG,0,Nature,train
Nature\n01833805_7138.JPEG,0,Nature,train
ADM\376_adm_7.jpg,1,ADM,train
stable_diffusion_v_1_5\361_sdv5_00118.jpg,1,stable_diffusion_v_1_5,train
stable_diffusion_v_1_5\027_sdv5_00140.jpg,1,stable_diffusion_v_1_5,train
stable_diffusion_v_1_5\736_sdv5_00178.jpg,1,stable_diffusion_v_1_5,train
Nature\n01828970_158.JPEG,0,Nature,train
BigGAN\110_biggan_00078.jpg,1,BigGAN,train
ADM\802_adm_91.jpg,1,ADM,train
Nature\n01820546_1167.JPEG,0,Nature,train
Nature\n01775062_3264.JPEG,0,Nature,train
BigGAN\640_biggan_00035.jpg,1,BigGAN,train
Nature\n01877812_4715.JPEG,0,Nature,train
Nature\ILSVRC2012_val_00025528.JPEG,0,Nature,train
BigGAN\964_biggan_00141.jpg,1,BigGAN,train
ADM\319_adm_24.jpg,1,ADM,train
ADM\105_adm_34.jpg,1,ADM,train
stable_diffusion_v_1_5\568_sdv5_00077.jpg,1,stable_diffusion_v_1_5,train
stable_diffusion_v_1_5\290_sdv5_00167.jpg,1,stable_diffusion_v_1_5,train
BigGAN\227_biggan_00074.jpg,1,BigGAN,train
BigGAN\579_biggan_00173.jpg,1,BigGAN,train
ADM\211_adm_113.jpg,1,ADM,train
ADM\513_adm_145.jpg,1,ADM,train
BigGAN\007_biggan_00131.jpg,1,BigGAN,train
ADM\867_adm_3.jpg,1,ADM,train
ADM\353_adm_174.jpg,1,ADM,train
BigGAN\947_biggan_00172.jpg,1,BigGAN,train
BigGAN\468_biggan_00001.jpg,1,BigGAN,train
BigGAN\527_biggan_00035.jpg,1,BigGAN,train
Nature\n01776313_3720.JPEG,0,Nature,train
Nature\n02028035_12202.JPEG,0,Nature,train
ADM\500_adm_16.jpg,1,ADM,train
Nature\n01514859_1988.JPEG,0,Nature,train
ADM\32_adm_74.jpg,1,ADM,train
ADM\962_adm_75.jpg,1,ADM,train
Nature\n01776313_21492.JPEG,0,Nature,train
stable_diffusion_v_1_5\699_sdv5_00017.jpg,1,stable_diffusion_v_1_5,train
Nature\n01601694_7550.JPEG,0,Nature,train
ADM\900_adm_91.jpg,1,ADM,train
stable_diffusion_v_1_5\232_sdv5_00195.jpg,1,stable_diffusion_v_1_5,train
stable_diffusion_v_1_5\177_sdv5_00096.jpg,1,stable_diffusion_v_1_5,train
ADM\120_adm_153.jpg,1,ADM,train
stable_diffusion_v_1_5\291_sdv5_00000.jpg,1,stable_diffusion_v_1_5,train
ADM\520_adm_5.jpg,1,ADM,train
Nature\n04026417_3263.JPEG,0,Nature,train
ADM\826_adm_33.jpg,1,ADM,train
Nature\n01776313_8725.JPEG,0,Nature,train
ADM\785_adm_42.jpg,1,ADM,train
Nature\n02002556_1493.JPEG,0,Nature,train
BigGAN\499_biggan_00137.jpg,1,BigGAN,train
stable_diffusion_v_1_5\413_sdv5_00183.jpg,1,stable_diffusion_v_1_5,train
BigGAN\191_biggan_00022.jpg,1,BigGAN,train
Nature\n01950731_12983.JPEG,0,Nature,train
Nature\n01755581_3724.JPEG,0,Nature,train
Nature\n02018795_4249.JPEG,0,Nature,train
stable_diffusion_v_1_5\759_sdv5_00044.jpg,1,stable_diffusion_v_1_5,train
stable_diffusion_v_1_5\824_sdv5_00039.jpg,1,stable_diffusion_v_1_5,train
ADM\441_adm_130.jpg,1,ADM,train
Nature\n01944390_13964.JPEG,0,Nature,train
ADM\514_adm_142.jpg,1,ADM,train
BigGAN\723_biggan_00074.jpg,1,BigGAN,train
stable_diffusion_v_1_5\513_sdv5_00007.jpg,1,stable_diffusion_v_1_5,train
Nature\n02012849_87.JPEG,0,Nature,train
stable_diffusion_v_1_5\717_sdv5_00026.jpg,1,stable_diffusion_v_1_5,train
ADM\991_adm_30.jpg,1,ADM,train
stable_diffusion_v_1_5\708_sdv5_00027.jpg,1,stable_diffusion_v_1_5,train
BigGAN\185_biggan_00143.jpg,1,BigGAN,train
BigGAN\284_biggan_00035.jpg,1,BigGAN,train
Nature\n01514668_3850.JPEG,0,Nature,train
ADM\163_adm_86.jpg,1,ADM,train
Nature\n01775062_605.JPEG,0,Nature,train
Nature\n01930112_14224.JPEG,0,Nature,train
Nature\n01484850_7557.JPEG,0,Nature,train
Nature\n01819313_4905.JPEG,0,Nature,train
stable_diffusion_v_1_5\403_sdv5_00156.jpg,1,stable_diffusion_v_1_5,train
ADM\472_adm_118.jpg,1,ADM,train
BigGAN\569_biggan_00049.jpg,1,BigGAN,train
stable_diffusion_v_1_5\295_sdv5_00103.jpg,1,stable_diffusion_v_1_5,train
stable_diffusion_v_1_5\214_sdv5_00137.jpg,1,stable_diffusion_v_1_5,train
ADM\58_adm_7.jpg,1,ADM,train
stable_diffusion_v_1_5\374_sdv5_00039.jpg,1,stable_diffusion_v_1_5,train
BigGAN\963_biggan_00127.jpg,1,BigGAN,train
stable_diffusion_v_1_5\665_sdv5_00056.jpg,1,stable_diffusion_v_1_5,train
ADM\938_adm_152.jpg,1,ADM,train
ADM\291_adm_36.jpg,1,ADM,train
ADM\947_adm_62.jpg,1,ADM,train
BigGAN\055_biggan_00035.jpg,1,BigGAN,train
ADM\209_adm_113.jpg,1,ADM,train
BigGAN\660_biggan_00160.jpg,1,BigGAN,train
BigGAN\816_biggan_00095.jpg,1,BigGAN,train
BigGAN\838_biggan_00109.jpg,1,BigGAN,train
ADM\637_adm_186.jpg,1,ADM,train
ADM\26_adm_78.jpg,1,ADM,train
BigGAN\678_biggan_00155.jpg,1,BigGAN,train
Nature\ILSVRC2012_val_00047317.JPEG,0,Nature,train
stable_diffusion_v_1_5\050_sdv5_00162.jpg,1,stable_diffusion_v_1_5,train
Nature\n02037110_13647.JPEG,0,Nature,train
Nature\n02123045_6704.JPEG,0,Nature,train
Nature\n01582220_5044.JPEG,0,Nature,train
Nature\n01855672_14614.JPEG,0,Nature,train
Nature\n01687978_8170.JPEG,0,Nature,train
ADM\930_adm_55.jpg,1,ADM,train
ADM\830_adm_106.jpg,1,ADM,train
ADM\304_adm_174.jpg,1,ADM,train
BigGAN\403_biggan_00178.jpg,1,BigGAN,train
BigGAN\798_biggan_00012.jpg,1,BigGAN,train
ADM\800_adm_41.jpg,1,ADM,train
Nature\n02051845_8136.JPEG,0,Nature,train
stable_diffusion_v_1_5\992_sdv5_00172.jpg,1,stable_diffusion_v_1_5,train
Nature\ILSVRC2012_val_00048666.JPEG,0,Nature,train
stable_diffusion_v_1_5\311_sdv5_00007.jpg,1,stable_diffusion_v_1_5,train
BigGAN\027_biggan_00017.jpg,1,BigGAN,train
stable_diffusion_v_1_5\507_sdv5_00104.jpg,1,stable_diffusion_v_1_5,train
ADM\926_adm_42.jpg,1,ADM,train
Nature\n01833805_9417.JPEG,0,Nature,train
Nature\ILSVRC2012_val_00047963.JPEG,0,Nature,train
BigGAN\315_biggan_00111.jpg,1,BigGAN,train
Nature\n01986214_9494.JPEG,0,Nature,train
ADM\510_adm_145.jpg,1,ADM,train
Nature\n02027492_1374.JPEG,0,Nature,train
ADM\151_adm_43.jpg,1,ADM,train
Nature\n02007558_3965.JPEG,0,Nature,train
Nature\ILSVRC2012_val_00001277.JPEG,0,Nature,train
ADM\845_adm_186.jpg,1,ADM,train
ADM\417_adm_134.jpg,1,ADM,train
Nature\n01484850_12143.JPEG,0,Nature,train
BigGAN\984_biggan_00142.jpg,1,BigGAN,train
stable_diffusion_v_1_5\811_sdv5_00077.jpg,1,stable_diffusion_v_1_5,train
BigGAN\954_biggan_00043.jpg,1,BigGAN,train
stable_diffusion_v_1_5\706_sdv5_00024.jpg,1,stable_diffusion_v_1_5,train
stable_diffusion_v_1_5\649_sdv5_00085.jpg,1,stable_diffusion_v_1_5,train
BigGAN\925_biggan_00162.jpg,1,BigGAN,train
Nature\n01774384_1339.JPEG,0,Nature,train
stable_diffusion_v_1_5\525_sdv5_00157.jpg,1,stable_diffusion_v_1_5,train
stable_diffusion_v_1_5\607_sdv5_00036.jpg,1,stable_diffusion_v_1_5,train
ADM\844_adm_83.jpg,1,ADM,train
Nature\ILSVRC2012_val_00001867.JPEG,0,Nature,train
stable_diffusion_v_1_5\822_sdv5_00073.jpg,1,stable_diffusion_v_1_5,train
Nature\n01614925_4662.JPEG,0,Nature,train
stable_diffusion_v_1_5\540_sdv5_00083.jpg,1,stable_diffusion_v_1_5,train
stable_diffusion_v_1_5\316_sdv5_00020.jpg,1,stable_diffusion_v_1_5,train
BigGAN\891_biggan_00005.jpg,1,BigGAN,train
ADM\896_adm_85.jpg,1,ADM,train
stable_diffusion_v_1_5\790_sdv5_00117.jpg,1,stable_diffusion_v_1_5,train
ADM\636_adm_22.jpg,1,ADM,train
stable_diffusion_v_1_5\656_sdv5_00140.jpg,1,stable_diffusion_v_1_5,train
stable_diffusion_v_1_5\173_sdv5_00032.jpg,1,stable_diffusion_v_1_5,train
Nature\n01734418_6521.JPEG,0,Nature,train
Nature\ILSVRC2012_val_00042638.JPEG,0,Nature,train
BigGAN\018_biggan_00140.jpg,1,BigGAN,train
ADM\330_adm_53.jpg,1,ADM,train
BigGAN\384_biggan_00136.jpg,1,BigGAN,train
ADM\145_adm_186.jpg,1,ADM,train
ADM\95_adm_100.jpg,1,ADM,train
BigGAN\619_biggan_00001.jpg,1,BigGAN,train
BigGAN\917_biggan_00013.jpg,1,BigGAN,train
ADM\766_adm_57.jpg,1,ADM,train
stable_diffusion_v_1_5\635_sdv5_00187.jpg,1,stable_diffusion_v_1_5,train
BigGAN\484_biggan_00103.jpg,1,BigGAN,train
BigGAN\344_biggan_00131.jpg,1,BigGAN,train
ADM\288_adm_12.jpg,1,ADM,train
BigGAN\606_biggan_00001.jpg,1,BigGAN,train
Nature\n01950731_7578.JPEG,0,Nature,train
Nature\n01531178_8242.JPEG,0,Nature,train
Nature\n01944390_895.JPEG,0,Nature,train
Nature\n01608432_4459.JPEG,0,Nature,train
ADM\412_adm_43.jpg,1,ADM,train
stable_diffusion_v_1_5\666_sdv5_00055.jpg,1,stable_diffusion_v_1_5,train
BigGAN\686_biggan_00028.jpg,1,BigGAN,train
ADM\210_adm_15.jpg,1,ADM,train
stable_diffusion_v_1_5\068_sdv5_00123.jpg,1,stable_diffusion_v_1_5,train
Nature\n01860187_132.JPEG,0,Nature,train
ADM\793_adm_127.jpg,1,ADM,train
Nature\n01944390_2807.JPEG,0,Nature,train
Nature\n01833805_6544.JPEG,0,Nature,train
stable_diffusion_v_1_5\483_sdv5_00154.jpg,1,stable_diffusion_v_1_5,train
stable_diffusion_v_1_5\061_sdv5_00077.jpg,1,stable_diffusion_v_1_5,train
stable_diffusion_v_1_5\315_sdv5_00127.jpg,1,stable_diffusion_v_1_5,train
BigGAN\717_biggan_00165.jpg,1,BigGAN,train
stable_diffusion_v_1_5\367_sdv5_00075.jpg,1,stable_diffusion_v_1_5,train
ADM\191_adm_153.jpg,1,ADM,train
ADM\495_adm_144.jpg,1,ADM,train
stable_diffusion_v_1_5\766_sdv5_00190.jpg,1,stable_diffusion_v_1_5,train
BigGAN\860_biggan_00077.jpg,1,BigGAN,train
Nature\n01818515_3164.JPEG,0,Nature,train
stable_diffusion_v_1_5\849_sdv5_00148.jpg,1,stable_diffusion_v_1_5,train
ADM\292_adm_49.jpg,1,ADM,train
ADM\968_adm_105.jpg,1,ADM,train
BigGAN\611_biggan_00064.jpg,1,BigGAN,train
BigGAN\878_biggan_00070.jpg,1,BigGAN,train
BigGAN\178_biggan_00005.jpg,1,BigGAN,train
ADM\90_adm_20.jpg,1,ADM,train
stable_diffusion_v_1_5\190_sdv5_00028.jpg,1,stable_diffusion_v_1_5,train
ADM\719_adm_1.jpg,1,ADM,train
ADM\984_adm_34.jpg,1,ADM,train
stable_diffusion_v_1_5\718_sdv5_00061.jpg,1,stable_diffusion_v_1_5,train
Nature\n01770081_20054.JPEG,0,Nature,train
ADM\375_adm_174.jpg,1,ADM,train
BigGAN\338_biggan_00185.jpg,1,BigGAN,train
Nature\n01592084_6266.JPEG,0,Nature,train
stable_diffusion_v_1_5\417_sdv5_00102.jpg,1,stable_diffusion_v_1_5,train
stable_diffusion_v_1_5\652_sdv5_00072.jpg,1,stable_diffusion_v_1_5,train
Nature\n01774750_6901.JPEG,0,Nature,train
stable_diffusion_v_1_5\982_sdv5_00051.jpg,1,stable_diffusion_v_1_5,train
BigGAN\474_biggan_00176.jpg,1,BigGAN,train
stable_diffusion_v_1_5\290_sdv5_00193.jpg,1,stable_diffusion_v_1_5,train
BigGAN\755_biggan_00055.jpg,1,BigGAN,train
stable_diffusion_v_1_5\482_sdv5_00157.jpg,1,stable_diffusion_v_1_5,train
BigGAN\171_biggan_00103.jpg,1,BigGAN,train
ADM\75_adm_6.jpg,1,ADM,train
Nature\n01514668_8607.JPEG,0,Nature,train
Nature\n01698640_5966.JPEG,0,Nature,train
stable_diffusion_v_1_5\704_sdv5_00023.jpg,1,stable_diffusion_v_1_5,train
BigGAN\338_biggan_00190.jpg,1,BigGAN,train
ADM\323_adm_93.jpg,1,ADM,train
ADM\698_adm_163.jpg,1,ADM,train
BigGAN\054_biggan_00182.jpg,1,BigGAN,train
Nature\n01796340_7168.JPEG,0,Nature,train
Nature\n02006656_1136.JPEG,0,Nature,train
ADM\823_adm_50.jpg,1,ADM,train
Nature\n01775062_7960.JPEG,0,Nature,train
BigGAN\543_biggan_00021.jpg,1,BigGAN,train
BigGAN\679_biggan_00180.jpg,1,BigGAN,train
Nature\n01443537_8108.JPEG,0,Nature,train
stable_diffusion_v_1_5\885_sdv5_00039.jpg,1,stable_diffusion_v_1_5,train
ADM\720_adm_11.jpg,1,ADM,train
stable_diffusion_v_1_5\283_sdv5_00093.jpg,1,stable_diffusion_v_1_5,train
stable_diffusion_v_1_5\433_sdv5_00087.jpg,1,stable_diffusion_v_1_5,train
ADM\963_adm_186.jpg,1,ADM,train
BigGAN\382_biggan_00087.jpg,1,BigGAN,train
ADM\260_adm_74.jpg,1,ADM,train
ADM\450_adm_117.jpg,1,ADM,train
ADM\23_adm_75.jpg,1,ADM,train
ADM\393_adm_7.jpg,1,ADM,train
ADM\354_adm_34.jpg,1,ADM,train
Nature\n01608432_2335.JPEG,0,Nature,train
BigGAN\062_biggan_00143.jpg,1,BigGAN,train
BigGAN\375_biggan_00096.jpg,1,BigGAN,train
stable_diffusion_v_1_5\727_sdv5_00050.jpg,1,stable_diffusion_v_1_5,train
ADM\937_adm_189.jpg,1,ADM,train
BigGAN\950_biggan_00131.jpg,1,BigGAN,train
BigGAN\233_biggan_00064.jpg,1,BigGAN,train
Nature\n01773797_724.JPEG,0,Nature,train
BigGAN\556_biggan_00102.jpg,1,BigGAN,train
BigGAN\057_biggan_00127.jpg,1,BigGAN,train
Nature\n01608432_41227.JPEG,0,Nature,train
ADM\354_adm_115.jpg,1,ADM,train
stable_diffusion_v_1_5\065_sdv5_00130.jpg,1,stable_diffusion_v_1_5,train
ADM\796_adm_5.jpg,1,ADM,train
BigGAN\885_biggan_00021.jpg,1,BigGAN,train
stable_diffusion_v_1_5\203_sdv5_00110.jpg,1,stable_diffusion_v_1_5,train
Nature\n01855672_4835.JPEG,0,Nature,train
BigGAN\122_biggan_00059.jpg,1,BigGAN,train
Nature\n01776313_952.JPEG,0,Nature,train
BigGAN\866_biggan_00039.jpg,1,BigGAN,train
Nature\n01828970_5278.JPEG,0,Nature,train
Nature\n02027492_1213.JPEG,0,Nature,train
BigGAN\644_biggan_00000.jpg,1,BigGAN,train
ADM\480_adm_115.jpg,1,ADM,train
Nature\n01820546_6986.JPEG,0,Nature,train
Nature\n01667114_7979.JPEG,0,Nature,train
Nature\n01773549_6740.JPEG,0,Nature,train
ADM\157_adm_183.jpg,1,ADM,train
Nature\n01773157_5542.JPEG,0,Nature,train
Nature\n01560419_6181.JPEG,0,Nature,train
BigGAN\847_biggan_00000.jpg,1,BigGAN,train
ADM\429_adm_128.jpg,1,ADM,train
Nature\n13054560_1470.JPEG,0,Nature,train
ADM\922_adm_92.jpg,1,ADM,train
stable_diffusion_v_1_5\906_sdv5_00115.jpg,1,stable_diffusion_v_1_5,train
stable_diffusion_v_1_5\249_sdv5_00111.jpg,1,stable_diffusion_v_1_5,train
ADM\374_adm_1.jpg,1,ADM,train
BigGAN\640_biggan_00198.jpg,1,BigGAN,train
stable_diffusion_v_1_5\886_sdv5_00087.jpg,1,stable_diffusion_v_1_5,train
ADM\70_adm_36.jpg,1,ADM,train
stable_diffusion_v_1_5\342_sdv5_00165.jpg,1,stable_diffusion_v_1_5,train
ADM\451_adm_34.jpg,1,ADM,train
Nature\n01514668_19416.JPEG,0,Nature,train
ADM\63_adm_50.jpg,1,ADM,train
stable_diffusion_v_1_5\476_sdv5_00001.jpg,1,stable_diffusion_v_1_5,train
Nature\ILSVRC2012_val_00031666.JPEG,0,Nature,train
Nature\n02006656_1660.JPEG,0,Nature,train
BigGAN\986_biggan_00020.jpg,1,BigGAN,train
Nature\n01944390_20253.JPEG,0,Nature,train
BigGAN\741_biggan_00001.jpg,1,BigGAN,train
stable_diffusion_v_1_5\659_sdv5_00070.jpg,1,stable_diffusion_v_1_5,train
ADM\967_adm_85.jpg,1,ADM,train
ADM\67_adm_123.jpg,1,ADM,train
ADM\947_adm_188.jpg,1,ADM,train
BigGAN\919_biggan_00069.jpg,1,BigGAN,train
BigGAN\597_biggan_00054.jpg,1,BigGAN,train
stable_diffusion_v_1_5\822_sdv5_00051.jpg,1,stable_diffusion_v_1_5,train
Nature\n02011460_1553.JPEG,0,Nature,train
BigGAN\471_biggan_00048.jpg,1,BigGAN,train
Nature\n01985128_4136.JPEG,0,Nature,train
Nature\n01828970_10929.JPEG,0,Nature,train
Nature\n01695060_28322.JPEG,0,Nature,train
Nature\n02111889_4767.JPEG,0,Nature,train
Nature\n01608432_8908.JPEG,0,Nature,train
Nature\n01775062_932.JPEG,0,Nature,train
BigGAN\988_biggan_00044.jpg,1,BigGAN,train
Nature\ILSVRC2012_val_00019652.JPEG,0,Nature,train
stable_diffusion_v_1_5\206_sdv5_00064.jpg,1,stable_diffusion_v_1_5,train
stable_diffusion_v_1_5\433_sdv5_00003.jpg,1,stable_diffusion_v_1_5,train
stable_diffusion_v_1_5\562_sdv5_00039.jpg,1,stable_diffusion_v_1_5,train
stable_diffusion_v_1_5\231_sdv5_00110.jpg,1,stable_diffusion_v_1_5,train
Nature\ILSVRC2012_val_00031432.JPEG,0,Nature,train
BigGAN\953_biggan_00023.jpg,1,BigGAN,train
BigGAN\516_biggan_00127.jpg,1,BigGAN,train
stable_diffusion_v_1_5\596_sdv5_00142.jpg,1,stable_diffusion_v_1_5,train
ADM\938_adm_15.jpg,1,ADM,train
BigGAN\175_biggan_00155.jpg,1,BigGAN,train
Nature\n02058221_15156.JPEG,0,Nature,train
stable_diffusion_v_1_5\794_sdv5_00185.jpg,1,stable_diffusion_v_1_5,train
Nature\ILSVRC2012_val_00033434.JPEG,0,Nature,train
Nature\n01667778_22793.JPEG,0,Nature,train
Nature\n01820546_6988.JPEG,0,Nature,train
stable_diffusion_v_1_5\878_sdv5_00061.jpg,1,stable_diffusion_v_1_5,train
ADM\993_adm_34.jpg,1,ADM,train
Nature\ILSVRC2012_val_00032710.JPEG,0,Nature,train
BigGAN\825_biggan_00086.jpg,1,BigGAN,train
Nature\n01537544_10068.JPEG,0,Nature,train
Nature\n01622779_525.JPEG,0,Nature,train
stable_diffusion_v_1_5\807_sdv5_00057.jpg,1,stable_diffusion_v_1_5,train
stable_diffusion_v_1_5\405_sdv5_00003.jpg,1,stable_diffusion_v_1_5,train
ADM\506_adm_45.jpg,1,ADM,train
BigGAN\576_biggan_00039.jpg,1,BigGAN,train
stable_diffusion_v_1_5\917_sdv5_00012.jpg,1,stable_diffusion_v_1_5,train
stable_diffusion_v_1_5\658_sdv5_00052.jpg,1,stable_diffusion_v_1_5,train
Nature\ILSVRC2012_val_00040656.JPEG,0,Nature,train
Nature\n01560419_1494.JPEG,0,Nature,train
ADM\701_adm_172.jpg,1,ADM,train
Nature\ILSVRC2012_val_00008842.JPEG,0,Nature,train
BigGAN\552_biggan_00020.jpg,1,BigGAN,train
Nature\n01698640_2499.JPEG,0,Nature,train
stable_diffusion_v_1_5\697_sdv5_00093.jpg,1,stable_diffusion_v_1_5,train
stable_diffusion_v_1_5\457_sdv5_00101.jpg,1,stable_diffusion_v_1_5,train
BigGAN\328_biggan_00058.jpg,1,BigGAN,train
ADM\273_adm_44.jpg,1,ADM,train
ADM\671_adm_168.jpg,1,ADM,train
Nature\n01775062_6819.JPEG,0,Nature,train
stable_diffusion_v_1_5\272_sdv5_00039.jpg,1,stable_diffusion_v_1_5,train
ADM\739_adm_91.jpg,1,ADM,train
Nature\n02018207_11022.JPEG,0,Nature,train
Nature\n01693334_8515.JPEG,0,Nature,train
stable_diffusion_v_1_5\273_sdv5_00042.jpg,1,stable_diffusion_v_1_5,train
ADM\417_adm_191.jpg,1,ADM,train
ADM\298_adm_35.jpg,1,ADM,train
BigGAN\969_biggan_00087.jpg,1,BigGAN,train
Nature\n01693334_4185.JPEG,0,Nature,train
ADM\816_adm_8.jpg,1,ADM,train
BigGAN\784_biggan_00089.jpg,1,BigGAN,train
ADM\87_adm_155.jpg,1,ADM,train
ADM\458_adm_85.jpg,1,ADM,train
Nature\n01950731_12121.JPEG,0,Nature,train
stable_diffusion_v_1_5\167_sdv5_00028.jpg,1,stable_diffusion_v_1_5,train
Nature\n01950731_11810.JPEG,0,Nature,train
Nature\n01514668_15627.JPEG,0,Nature,train
Nature\n01944390_17109.JPEG,0,Nature,train
ADM\284_adm_117.jpg,1,ADM,train
ADM\39_adm_73.jpg,1,ADM,train
Nature\n01774384_177.JPEG,0,Nature,train
Nature\n01978455_2240.JPEG,0,Nature,train
BigGAN\581_biggan_00149.jpg,1,BigGAN,train
BigGAN\936_biggan_00144.jpg,1,BigGAN,train
BigGAN\956_biggan_00117.jpg,1,BigGAN,train
ADM\375_adm_72.jpg,1,ADM,train
Nature\n01828970_7679.JPEG,0,Nature,train
BigGAN\937_biggan_00067.jpg,1,BigGAN,train
Nature\n01847000_16642.JPEG,0,Nature,train
Nature\n01843383_4516.JPEG,0,Nature,train
stable_diffusion_v_1_5\822_sdv5_00100.jpg,1,stable_diffusion_v_1_5,train
ADM\511_adm_55.jpg,1,ADM,train
stable_diffusion_v_1_5\473_sdv5_00182.jpg,1,stable_diffusion_v_1_5,train
stable_diffusion_v_1_5\180_sdv5_00027.jpg,1,stable_diffusion_v_1_5,train
stable_diffusion_v_1_5\060_sdv5_00052.jpg,1,stable_diffusion_v_1_5,train
ADM\745_adm_34.jpg,1,ADM,train
BigGAN\906_biggan_00093.jpg,1,BigGAN,train
ADM\292_adm_102.jpg,1,ADM,train
Nature\n01950731_14913.JPEG,0,Nature,train
ADM\790_adm_62.jpg,1,ADM,train
ADM\138_adm_174.jpg,1,ADM,train
ADM\801_adm_147.jpg,1,ADM,train
stable_diffusion_v_1_5\541_sdv5_00079.jpg,1,stable_diffusion_v_1_5,train
ADM\402_adm_178.jpg,1,ADM,train
ADM\785_adm_43.jpg,1,ADM,train
stable_diffusion_v_1_5\673_sdv5_00002.jpg,1,stable_diffusion_v_1_5,train
ADM\522_adm_113.jpg,1,ADM,train
BigGAN\230_biggan_00152.jpg,1,BigGAN,train
BigGAN\534_biggan_00153.jpg,1,BigGAN,train
ADM\1_adm_72.jpg,1,ADM,train
ADM\311_adm_146.jpg,1,ADM,train
BigGAN\882_biggan_00119.jpg,1,BigGAN,train
BigGAN\312_biggan_00113.jpg,1,BigGAN,train
stable_diffusion_v_1_5\806_sdv5_00010.jpg,1,stable_diffusion_v_1_5,train
Nature\n01776313_2615.JPEG,0,Nature,train
BigGAN\542_biggan_00122.jpg,1,BigGAN,train
ADM\884_adm_72.jpg,1,ADM,train
Nature\n01860187_9426.JPEG,0,Nature,train
Nature\n01773797_5394.JPEG,0,Nature,train
stable_diffusion_v_1_5\479_sdv5_00193.jpg,1,stable_diffusion_v_1_5,train
Nature\n01608432_14016.JPEG,0,Nature,train
Nature\n01986214_3603.JPEG,0,Nature,train
ADM\164_adm_117.jpg,1,ADM,train
Nature\n01537544_549.JPEG,0,Nature,train
BigGAN\617_biggan_00074.jpg,1,BigGAN,train
Nature\n02077923_10014.JPEG,0,Nature,train
Nature\n01728572_13154.JPEG,0,Nature,train
ADM\609_adm_66.jpg,1,ADM,train
Nature\n02011460_429.JPEG,0,Nature,train
stable_diffusion_v_1_5\568_sdv5_00111.jpg,1,stable_diffusion_v_1_5,train
BigGAN\727_biggan_00179.jpg,1,BigGAN,train
stable_diffusion_v_1_5\655_sdv5_00137.jpg,1,stable_diffusion_v_1_5,train
stable_diffusion_v_1_5\946_sdv5_00101.jpg,1,stable_diffusion_v_1_5,train
BigGAN\188_biggan_00007.jpg,1,BigGAN,train
stable_diffusion_v_1_5\721_sdv5_00135.jpg,1,stable_diffusion_v_1_5,train
ADM\893_adm_59.jpg,1,ADM,train
ADM\982_adm_7.jpg,1,ADM,train
stable_diffusion_v_1_5\430_sdv5_00172.jpg,1,stable_diffusion_v_1_5,train
Nature\n01582220_3659.JPEG,0,Nature,train
stable_diffusion_v_1_5\983_sdv5_00128.jpg,1,stable_diffusion_v_1_5,train
BigGAN\020_biggan_00109.jpg,1,BigGAN,train
stable_diffusion_v_1_5\783_sdv5_00066.jpg,1,stable_diffusion_v_1_5,train
ADM\6_adm_59.jpg,1,ADM,train
Nature\n01914609_8887.JPEG,0,Nature,train
BigGAN\526_biggan_00059.jpg,1,BigGAN,train
Nature\n01775062_8979.JPEG,0,Nature,train
BigGAN\032_biggan_00054.jpg,1,BigGAN,train
ADM\385_adm_85.jpg,1,ADM,train
Nature\n01943899_6935.JPEG,0,Nature,train
Nature\n01742172_704.JPEG,0,Nature,train
ADM\74_adm_17.jpg,1,ADM,train
BigGAN\411_biggan_00012.jpg,1,BigGAN,train
BigGAN\711_biggan_00013.jpg,1,BigGAN,train
ADM\318_adm_149.jpg,1,ADM,train
Nature\n01614925_9303.JPEG,0,Nature,train
stable_diffusion_v_1_5\016_sdv5_00195.jpg,1,stable_diffusion_v_1_5,train
BigGAN\313_biggan_00046.jpg,1,BigGAN,train
ADM\730_adm_73.jpg,1,ADM,train
Nature\n01742172_11656.JPEG,0,Nature,train
Nature\n01773797_1437.JPEG,0,Nature,train
Nature\n01667778_3540.JPEG,0,Nature,train
Nature\ILSVRC2012_val_00041697.JPEG,0,Nature,train
ADM\113_adm_53.jpg,1,ADM,train
BigGAN\987_biggan_00153.jpg,1,BigGAN,train
Nature\n01828970_8791.JPEG,0,Nature,train
Nature\ILSVRC2012_val_00034835.JPEG,0,Nature,train
ADM\413_adm_11.jpg,1,ADM,train
stable_diffusion_v_1_5\748_sdv5_00135.jpg,1,stable_diffusion_v_1_5,train
ADM\68_adm_43.jpg,1,ADM,train
Nature\n01798484_3844.JPEG,0,Nature,train
ADM\919_adm_99.jpg,1,ADM,train
ADM\452_adm_153.jpg,1,ADM,train
Nature\n01847000_13249.JPEG,0,Nature,train
BigGAN\520_biggan_00140.jpg,1,BigGAN,train
ADM\520_adm_99.jpg,1,ADM,train
ADM\469_adm_22.jpg,1,ADM,train
BigGAN\189_biggan_00020.jpg,1,BigGAN,train
ADM\960_adm_135.jpg,1,ADM,train
stable_diffusion_v_1_5\771_sdv5_00081.jpg,1,stable_diffusion_v_1_5,train
BigGAN\859_biggan_00124.jpg,1,BigGAN,train
ADM\129_adm_34.jpg,1,ADM,train
Nature\n02018207_16100.JPEG,0,Nature,train
Nature\n02012849_8761.JPEG,0,Nature,train
stable_diffusion_v_1_5\164_sdv5_00027.jpg,1,stable_diffusion_v_1_5,train
ADM\444_adm_123.jpg,1,ADM,train
Nature\n01819313_985.JPEG,0,Nature,train
stable_diffusion_v_1_5\257_sdv5_00062.jpg,1,stable_diffusion_v_1_5,train
stable_diffusion_v_1_5\227_sdv5_00043.jpg,1,stable_diffusion_v_1_5,train
Nature\n01773797_9262.JPEG,0,Nature,train
Nature\n01592084_6953.JPEG,0,Nature,train
ADM\217_adm_85.jpg,1,ADM,train
ADM\57_adm_180.jpg,1,ADM,train
Nature\n01776313_440.JPEG,0,Nature,train
Nature\n01776313_1374.JPEG,0,Nature,train
Nature\n01622779_6903.JPEG,0,Nature,train
stable_diffusion_v_1_5\900_sdv5_00009.jpg,1,stable_diffusion_v_1_5,train
BigGAN\739_biggan_00097.jpg,1,BigGAN,train
ADM\442_adm_174.jpg,1,ADM,train
Nature\n01774384_2539.JPEG,0,Nature,train
Nature\n01806143_10501.JPEG,0,Nature,train
stable_diffusion_v_1_5\089_sdv5_00020.jpg,1,stable_diffusion_v_1_5,train
Nature\n01537544_171.JPEG,0,Nature,train
BigGAN\684_biggan_00179.jpg,1,BigGAN,train
stable_diffusion_v_1_5\561_sdv5_00111.jpg,1,stable_diffusion_v_1_5,train
stable_diffusion_v_1_5\049_sdv5_00135.jpg,1,stable_diffusion_v_1_5,train
Nature\n01729977_7400.JPEG,0,Nature,train
stable_diffusion_v_1_5\091_sdv5_00098.jpg,1,stable_diffusion_v_1_5,train
BigGAN\002_biggan_00143.jpg,1,BigGAN,train
Nature\n01818515_9492.JPEG,0,Nature,train
stable_diffusion_v_1_5\948_sdv5_00171.jpg,1,stable_diffusion_v_1_5,train
ADM\132_adm_85.jpg,1,ADM,train
Nature\n01775062_1822.JPEG,0,Nature,train
Nature\n01773797_8403.JPEG,0,Nature,train
BigGAN\624_biggan_00056.jpg,1,BigGAN,train
stable_diffusion_v_1_5\628_sdv5_00045.jpg,1,stable_diffusion_v_1_5,train
Nature\ILSVRC2012_val_00020680.JPEG,0,Nature,train
Nature\n01820546_4421.JPEG,0,Nature,train
stable_diffusion_v_1_5\025_sdv5_00114.jpg,1,stable_diffusion_v_1_5,train
ADM\128_adm_7.jpg,1,ADM,train
Nature\n02007558_11378.JPEG,0,Nature,train
BigGAN\047_biggan_00127.jpg,1,BigGAN,train
Nature\n02840245_10313.JPEG,0,Nature,train
stable_diffusion_v_1_5\267_sdv5_00052.jpg,1,stable_diffusion_v_1_5,train
Nature\n01614925_126.JPEG,0,Nature,train
Nature\n01847000_573.JPEG,0,Nature,train
stable_diffusion_v_1_5\585_sdv5_00189.jpg,1,stable_diffusion_v_1_5,train
Nature\n01514668_15695.JPEG,0,Nature,train
Nature\n01776313_19934.JPEG,0,Nature,train
stable_diffusion_v_1_5\697_sdv5_00026.jpg,1,stable_diffusion_v_1_5,train
BigGAN\920_biggan_00074.jpg,1,BigGAN,train
BigGAN\673_biggan_00127.jpg,1,BigGAN,train
ADM\217_adm_168.jpg,1,ADM,train
Nature\n02051845_11207.JPEG,0,Nature,train
stable_diffusion_v_1_5\356_sdv5_00145.jpg,1,stable_diffusion_v_1_5,train
stable_diffusion_v_1_5\233_sdv5_00143.jpg,1,stable_diffusion_v_1_5,train
stable_diffusion_v_1_5\193_sdv5_00135.jpg,1,stable_diffusion_v_1_5,train
Nature\n01829413_7089.JPEG,0,Nature,train
ADM\21_adm_116.jpg,1,ADM,train
BigGAN\251_biggan_00072.jpg,1,BigGAN,train
BigGAN\336_biggan_00131.jpg,1,BigGAN,train
ADM\322_adm_104.jpg,1,ADM,train
ADM\359_adm_174.jpg,1,ADM,train
stable_diffusion_v_1_5\309_sdv5_00056.jpg,1,stable_diffusion_v_1_5,train
stable_diffusion_v_1_5\458_sdv5_00027.jpg,1,stable_diffusion_v_1_5,train
Nature\n01774384_171.JPEG,0,Nature,train
Nature\n01860187_10732.JPEG,0,Nature,train
Nature\ILSVRC2012_val_00008245.JPEG,0,Nature,train
stable_diffusion_v_1_5\999_sdv5_00066.jpg,1,stable_diffusion_v_1_5,train
ADM\913_adm_112.jpg,1,ADM,train
BigGAN\382_biggan_00039.jpg,1,BigGAN,train
stable_diffusion_v_1_5\756_sdv5_00179.jpg,1,stable_diffusion_v_1_5,train
stable_diffusion_v_1_5\442_sdv5_00039.jpg,1,stable_diffusion_v_1_5,train
ADM\560_adm_19.jpg,1,ADM,train
Nature\n01819313_864.JPEG,0,Nature,train
Nature\n01494475_14918.JPEG,0,Nature,train
stable_diffusion_v_1_5\416_sdv5_00122.jpg,1,stable_diffusion_v_1_5,train
Nature\n01770081_175.JPEG,0,Nature,train
stable_diffusion_v_1_5\800_sdv5_00040.jpg,1,stable_diffusion_v_1_5,train
stable_diffusion_v_1_5\261_sdv5_00157.jpg,1,stable_diffusion_v_1_5,train
ADM\116_adm_120.jpg,1,ADM,train
ADM\128_adm_106.jpg,1,ADM,train
Nature\n01644900_1211.JPEG,0,Nature,train
BigGAN\728_biggan_00132.jpg,1,BigGAN,train
Nature\n01560419_1342.JPEG,0,Nature,train
stable_diffusion_v_1_5\971_sdv5_00113.jpg,1,stable_diffusion_v_1_5,train
Nature\n01910747_1435.JPEG,0,Nature,train
Nature\n01860187_6134.JPEG,0,Nature,train
stable_diffusion_v_1_5\130_sdv5_00091.jpg,1,stable_diffusion_v_1_5,train
BigGAN\539_biggan_00014.jpg,1,BigGAN,train
Nature\n02007558_711.JPEG,0,Nature,train
Nature\n02051845_8202.JPEG,0,Nature,train
BigGAN\040_biggan_00196.jpg,1,BigGAN,train
Nature\n01514668_18352.JPEG,0,Nature,train
BigGAN\813_biggan_00007.jpg,1,BigGAN,train
Nature\n01614925_558.JPEG,0,Nature,train
stable_diffusion_v_1_5\414_sdv5_00153.jpg,1,stable_diffusion_v_1_5,train
stable_diffusion_v_1_5\672_sdv5_00003.jpg,1,stable_diffusion_v_1_5,train
Nature\n02116738_1791.JPEG,0,Nature,train
ADM\308_adm_153.jpg,1,ADM,train
stable_diffusion_v_1_5\790_sdv5_00066.jpg,1,stable_diffusion_v_1_5,train
stable_diffusion_v_1_5\152_sdv5_00081.jpg,1,stable_diffusion_v_1_5,train
Nature\n02007558_7420.JPEG,0,Nature,train
stable_diffusion_v_1_5\258_sdv5_00097.jpg,1,stable_diffusion_v_1_5,train
ADM\11_adm_68.jpg,1,ADM,train
BigGAN\211_biggan_00143.jpg,1,BigGAN,train
BigGAN\903_biggan_00078.jpg,1,BigGAN,train
stable_diffusion_v_1_5\262_sdv5_00131.jpg,1,stable_diffusion_v_1_5,train
Nature\n02012849_4694.JPEG,0,Nature,train
Nature\n04330267_17619.JPEG,0,Nature,train
BigGAN\731_biggan_00083.jpg,1,BigGAN,train
BigGAN\218_biggan_00091.jpg,1,BigGAN,train
Nature\n01818515_2101.JPEG,0,Nature,train
BigGAN\624_biggan_00043.jpg,1,BigGAN,train
Nature\n01729977_1500.JPEG,0,Nature,train
Nature\n01806143_4203.JPEG,0,Nature,train
Nature\n01773549_452.JPEG,0,Nature,train
Nature\n02013706_3204.JPEG,0,Nature,train
BigGAN\398_biggan_00024.jpg,1,BigGAN,train
stable_diffusion_v_1_5\850_sdv5_00042.jpg,1,stable_diffusion_v_1_5,train
ADM\637_adm_143.jpg,1,ADM,train
Nature\n02051845_11035.JPEG,0,Nature,train
Nature\n01944390_11006.JPEG,0,Nature,train
BigGAN\700_biggan_00048.jpg,1,BigGAN,train
ADM\344_adm_162.jpg,1,ADM,train
stable_diffusion_v_1_5\053_sdv5_00055.jpg,1,stable_diffusion_v_1_5,train
ADM\108_adm_20.jpg,1,ADM,train
ADM\297_adm_176.jpg,1,ADM,train
BigGAN\226_biggan_00102.jpg,1,BigGAN,train
ADM\838_adm_108.jpg,1,ADM,train
BigGAN\232_biggan_00188.jpg,1,BigGAN,train
stable_diffusion_v_1_5\436_sdv5_00069.jpg,1,stable_diffusion_v_1_5,train
Nature\n01622779_7209.JPEG,0,Nature,train
stable_diffusion_v_1_5\833_sdv5_00122.jpg,1,stable_diffusion_v_1_5,train
stable_diffusion_v_1_5\554_sdv5_00027.jpg,1,stable_diffusion_v_1_5,train
stable_diffusion_v_1_5\765_sdv5_00005.jpg,1,stable_diffusion_v_1_5,train
ADM\477_adm_22.jpg,1,ADM,train
ADM\134_adm_40.jpg,1,ADM,train
stable_diffusion_v_1_5\789_sdv5_00051.jpg,1,stable_diffusion_v_1_5,train
BigGAN\693_biggan_00049.jpg,1,BigGAN,train
Nature\n02007558_4041.JPEG,0,Nature,train
Nature\n01728572_12219.JPEG,0,Nature,train
BigGAN\531_biggan_00046.jpg,1,BigGAN,train
stable_diffusion_v_1_5\313_sdv5_00144.jpg,1,stable_diffusion_v_1_5,train
ADM\72_adm_87.jpg,1,ADM,train
BigGAN\722_biggan_00163.jpg,1,BigGAN,train
BigGAN\471_biggan_00109.jpg,1,BigGAN,train
Nature\n01943899_11982.JPEG,0,Nature,train
BigGAN\436_biggan_00102.jpg,1,BigGAN,train
ADM\635_adm_184.jpg,1,ADM,train
stable_diffusion_v_1_5\958_sdv5_00027.jpg,1,stable_diffusion_v_1_5,train
Nature\ILSVRC2012_val_00008903.JPEG,0,Nature,train
stable_diffusion_v_1_5\515_sdv5_00084.jpg,1,stable_diffusion_v_1_5,train
Nature\n01773549_4265.JPEG,0,Nature,train
stable_diffusion_v_1_5\531_sdv5_00089.jpg,1,stable_diffusion_v_1_5,train
Nature\n01860187_1525.JPEG,0,Nature,train
Nature\n01944390_10701.JPEG,0,Nature,train
Nature\n02484975_7194.JPEG,0,Nature,train
ADM\738_adm_166.jpg,1,ADM,train
BigGAN\521_biggan_00123.jpg,1,BigGAN,train
Nature\n01514859_10846.JPEG,0,Nature,train
stable_diffusion_v_1_5\323_sdv5_00017.jpg,1,stable_diffusion_v_1_5,train
Nature\n01950731_13283.JPEG,0,Nature,train
Nature\n01614925_570.JPEG,0,Nature,train
stable_diffusion_v_1_5\019_sdv5_00074.jpg,1,stable_diffusion_v_1_5,train
BigGAN\526_biggan_00114.jpg,1,BigGAN,train
stable_diffusion_v_1_5\546_sdv5_00142.jpg,1,stable_diffusion_v_1_5,train
Nature\n01531178_5429.JPEG,0,Nature,train
ADM\312_adm_73.jpg,1,ADM,train
Nature\n02037110_10985.JPEG,0,Nature,train
Nature\n01796340_13600.JPEG,0,Nature,train
ADM\319_adm_84.jpg,1,ADM,train
Nature\ILSVRC2012_val_00005535.JPEG,0,Nature,train
Nature\n03777754_11105.JPEG,0,Nature,train
BigGAN\204_biggan_00020.jpg,1,BigGAN,train
BigGAN\314_biggan_00007.jpg,1,BigGAN,train
BigGAN\130_biggan_00127.jpg,1,BigGAN,train
Nature\n01537544_1817.JPEG,0,Nature,train
BigGAN\061_biggan_00044.jpg,1,BigGAN,train
BigGAN\970_biggan_00171.jpg,1,BigGAN,train
ADM\940_adm_15.jpg,1,ADM,train
stable_diffusion_v_1_5\658_sdv5_00085.jpg,1,stable_diffusion_v_1_5,train
stable_diffusion_v_1_5\684_sdv5_00169.jpg,1,stable_diffusion_v_1_5,train
ADM\609_adm_50.jpg,1,ADM,train
stable_diffusion_v_1_5\457_sdv5_00136.jpg,1,stable_diffusion_v_1_5,train
BigGAN\221_biggan_00190.jpg,1,BigGAN,train
Nature\n01614925_6368.JPEG,0,Nature,train
BigGAN\447_biggan_00101.jpg,1,BigGAN,train
stable_diffusion_v_1_5\108_sdv5_00002.jpg,1,stable_diffusion_v_1_5,train
stable_diffusion_v_1_5\213_sdv5_00052.jpg,1,stable_diffusion_v_1_5,train
ADM\586_adm_137.jpg,1,ADM,train
stable_diffusion_v_1_5\818_sdv5_00010.jpg,1,stable_diffusion_v_1_5,train
stable_diffusion_v_1_5\350_sdv5_00030.jpg,1,stable_diffusion_v_1_5,train
ADM\684_adm_122.jpg,1,ADM,train
stable_diffusion_v_1_5\809_sdv5_00033.jpg,1,stable_diffusion_v_1_5,train
BigGAN\178_biggan_00198.jpg,1,BigGAN,train
BigGAN\288_biggan_00180.jpg,1,BigGAN,train
Nature\n01950731_13757.JPEG,0,Nature,train
BigGAN\701_biggan_00143.jpg,1,BigGAN,train
ADM\801_adm_85.jpg,1,ADM,train
BigGAN\934_biggan_00078.jpg,1,BigGAN,train
Nature\n02013706_2203.JPEG,0,Nature,train
Nature\n01829413_1687.JPEG,0,Nature,train
ADM\487_adm_99.jpg,1,ADM,train
BigGAN\463_biggan_00107.jpg,1,BigGAN,train
ADM\98_adm_138.jpg,1,ADM,train
ADM\917_adm_50.jpg,1,ADM,train
ADM\556_adm_13.jpg,1,ADM,train
BigGAN\140_biggan_00020.jpg,1,BigGAN,train
BigGAN\223_biggan_00055.jpg,1,BigGAN,train
Nature\n01985128_583.JPEG,0,Nature,train
Nature\n02099601_4416.JPEG,0,Nature,train
stable_diffusion_v_1_5\014_sdv5_00020.jpg,1,stable_diffusion_v_1_5,train
ADM\227_adm_91.jpg,1,ADM,train
Nature\ILSVRC2012_val_00026579.JPEG,0,Nature,train
ADM\913_adm_124.jpg,1,ADM,train
stable_diffusion_v_1_5\514_sdv5_00179.jpg,1,stable_diffusion_v_1_5,train
stable_diffusion_v_1_5\831_sdv5_00177.jpg,1,stable_diffusion_v_1_5,train
Nature\n01806143_3788.JPEG,0,Nature,train
stable_diffusion_v_1_5\343_sdv5_00100.jpg,1,stable_diffusion_v_1_5,train
BigGAN\980_biggan_00130.jpg,1,BigGAN,train
ADM\633_adm_61.jpg,1,ADM,train
Nature\n01537544_8793.JPEG,0,Nature,train
Nature\ILSVRC2012_val_00041311.JPEG,0,Nature,train
stable_diffusion_v_1_5\897_sdv5_00143.jpg,1,stable_diffusion_v_1_5,train
ADM\189_adm_125.jpg,1,ADM,train
stable_diffusion_v_1_5\909_sdv5_00086.jpg,1,stable_diffusion_v_1_5,train
BigGAN\809_biggan_00037.jpg,1,BigGAN,train
ADM\132_adm_164.jpg,1,ADM,train
BigGAN\481_biggan_00162.jpg,1,BigGAN,train
stable_diffusion_v_1_5\683_sdv5_00053.jpg,1,stable_diffusion_v_1_5,train
ADM\252_adm_189.jpg,1,ADM,train
stable_diffusion_v_1_5\611_sdv5_00003.jpg,1,stable_diffusion_v_1_5,train
BigGAN\932_biggan_00138.jpg,1,BigGAN,train
BigGAN\841_biggan_00020.jpg,1,BigGAN,train
Nature\n01729322_12247.JPEG,0,Nature,train
ADM\783_adm_181.jpg,1,ADM,train
Nature\n02007558_3547.JPEG,0,Nature,train
ADM\112_adm_7.jpg,1,ADM,train
Nature\n01774384_3063.JPEG,0,Nature,train
BigGAN\201_biggan_00154.jpg,1,BigGAN,train
BigGAN\417_biggan_00146.jpg,1,BigGAN,train
BigGAN\152_biggan_00030.jpg,1,BigGAN,train
Nature\n02012849_2157.JPEG,0,Nature,train
BigGAN\830_biggan_00132.jpg,1,BigGAN,train
stable_diffusion_v_1_5\584_sdv5_00161.jpg,1,stable_diffusion_v_1_5,train
ADM\773_adm_85.jpg,1,ADM,train
Nature\n02013706_2916.JPEG,0,Nature,train
BigGAN\550_biggan_00044.jpg,1,BigGAN,train
Nature\n01776313_13030.JPEG,0,Nature,train
BigGAN\092_biggan_00149.jpg,1,BigGAN,train
Nature\n01773797_5595.JPEG,0,Nature,train
stable_diffusion_v_1_5\739_sdv5_00059.jpg,1,stable_diffusion_v_1_5,train
ADM\251_adm_22.jpg,1,ADM,train
stable_diffusion_v_1_5\558_sdv5_00180.jpg,1,stable_diffusion_v_1_5,train
Nature\n01514668_17986.JPEG,0,Nature,train
stable_diffusion_v_1_5\027_sdv5_00181.jpg,1,stable_diffusion_v_1_5,train
Nature\n01514859_11429.JPEG,0,Nature,train
stable_diffusion_v_1_5\596_sdv5_00020.jpg,1,stable_diffusion_v_1_5,train
stable_diffusion_v_1_5\537_sdv5_00024.jpg,1,stable_diffusion_v_1_5,train
stable_diffusion_v_1_5\364_sdv5_00086.jpg,1,stable_diffusion_v_1_5,train
ADM\73_adm_137.jpg,1,ADM,train
ADM\112_adm_111.jpg,1,ADM,train
BigGAN\669_biggan_00039.jpg,1,BigGAN,train
ADM\657_adm_101.jpg,1,ADM,train
stable_diffusion_v_1_5\898_sdv5_00152.jpg,1,stable_diffusion_v_1_5,train
stable_diffusion_v_1_5\563_sdv5_00132.jpg,1,stable_diffusion_v_1_5,train
Nature\ILSVRC2012_val_00037044.JPEG,0,Nature,train
BigGAN\479_biggan_00035.jpg,1,BigGAN,train
Nature\n02051845_8990.JPEG,0,Nature,train
Nature\n01775062_8701.JPEG,0,Nature,train
stable_diffusion_v_1_5\295_sdv5_00020.jpg,1,stable_diffusion_v_1_5,train
Nature\ILSVRC2012_val_00015012.JPEG,0,Nature,train
stable_diffusion_v_1_5\821_sdv5_00114.jpg,1,stable_diffusion_v_1_5,train
Nature\n12267677_2213.JPEG,0,Nature,train
Nature\ILSVRC2012_val_00039974.JPEG,0,Nature,train
ADM\727_adm_87.jpg,1,ADM,train
stable_diffusion_v_1_5\902_sdv5_00077.jpg,1,stable_diffusion_v_1_5,train
BigGAN\609_biggan_00083.jpg,1,BigGAN,train
BigGAN\479_biggan_00020.jpg,1,BigGAN,train
BigGAN\580_biggan_00191.jpg,1,BigGAN,train
BigGAN\371_biggan_00021.jpg,1,BigGAN,train
Nature\n01735189_16829.JPEG,0,Nature,train
BigGAN\003_biggan_00052.jpg,1,BigGAN,train
BigGAN\879_biggan_00000.jpg,1,BigGAN,train
BigGAN\904_biggan_00127.jpg,1,BigGAN,train
stable_diffusion_v_1_5\686_sdv5_00009.jpg,1,stable_diffusion_v_1_5,train
stable_diffusion_v_1_5\193_sdv5_00003.jpg,1,stable_diffusion_v_1_5,train
Nature\n02013706_3317.JPEG,0,Nature,train
stable_diffusion_v_1_5\414_sdv5_00027.jpg,1,stable_diffusion_v_1_5,train
Nature\n02058221_8434.JPEG,0,Nature,train
ADM\749_adm_165.jpg,1,ADM,train
Nature\n01687978_11095.JPEG,0,Nature,train
ADM\717_adm_68.jpg,1,ADM,train
stable_diffusion_v_1_5\581_sdv5_00023.jpg,1,stable_diffusion_v_1_5,train
stable_diffusion_v_1_5\318_sdv5_00177.jpg,1,stable_diffusion_v_1_5,train
Nature\n02037110_5947.JPEG,0,Nature,train
stable_diffusion_v_1_5\934_sdv5_00190.jpg,1,stable_diffusion_v_1_5,train
Nature\n01514859_4710.JPEG,0,Nature,train
ADM\548_adm_24.jpg,1,ADM,train
stable_diffusion_v_1_5\766_sdv5_00020.jpg,1,stable_diffusion_v_1_5,train
stable_diffusion_v_1_5\619_sdv5_00020.jpg,1,stable_diffusion_v_1_5,train
stable_diffusion_v_1_5\889_sdv5_00170.jpg,1,stable_diffusion_v_1_5,train
Nature\n01582220_2520.JPEG,0,Nature,train
BigGAN\945_biggan_00085.jpg,1,BigGAN,train
ADM\925_adm_79.jpg,1,ADM,train
Nature\n01944390_18592.JPEG,0,Nature,train
stable_diffusion_v_1_5\759_sdv5_00091.jpg,1,stable_diffusion_v_1_5,train
Nature\n01828970_1689.JPEG,0,Nature,train
ADM\550_adm_91.jpg,1,ADM,train
stable_diffusion_v_1_5\673_sdv5_00006.jpg,1,stable_diffusion_v_1_5,train
Nature\n01776313_45175.JPEG,0,Nature,train
BigGAN\131_biggan_00186.jpg,1,BigGAN,train
ADM\815_adm_34.jpg,1,ADM,train
ADM\194_adm_162.jpg,1,ADM,train
BigGAN\112_biggan_00032.jpg,1,BigGAN,train
ADM\935_adm_85.jpg,1,ADM,train
ADM\359_adm_20.jpg,1,ADM,train
stable_diffusion_v_1_5\366_sdv5_00159.jpg,1,stable_diffusion_v_1_5,train
ADM\77_adm_134.jpg,1,ADM,train
ADM\216_adm_179.jpg,1,ADM,train
ADM\650_adm_2.jpg,1,ADM,train
ADM\630_adm_7.jpg,1,ADM,train
ADM\594_adm_180.jpg,1,ADM,train
ADM\365_adm_85.jpg,1,ADM,train
Nature\n01924916_824.JPEG,0,Nature,train
ADM\523_adm_21.jpg,1,ADM,train
ADM\420_adm_28.jpg,1,ADM,train
Nature\ILSVRC2012_val_00014794.JPEG,0,Nature,train
stable_diffusion_v_1_5\947_sdv5_00020.jpg,1,stable_diffusion_v_1_5,train
BigGAN\394_biggan_00052.jpg,1,BigGAN,train
stable_diffusion_v_1_5\412_sdv5_00027.jpg,1,stable_diffusion_v_1_5,train
ADM\539_adm_155.jpg,1,ADM,train
Nature\n01770081_2286.JPEG,0,Nature,train
ADM\564_adm_32.jpg,1,ADM,train
Nature\n01440764_2939.JPEG,0,Nature,train
ADM\302_adm_83.jpg,1,ADM,train
ADM\472_adm_9.jpg,1,ADM,train
stable_diffusion_v_1_5\290_sdv5_00100.jpg,1,stable_diffusion_v_1_5,train
Nature\ILSVRC2012_val_00014472.JPEG,0,Nature,train
stable_diffusion_v_1_5\816_sdv5_00134.jpg,1,stable_diffusion_v_1_5,train
BigGAN\748_biggan_00020.jpg,1,BigGAN,train
Nature\n01614925_3030.JPEG,0,Nature,train
Nature\n03662601_6996.JPEG,0,Nature,train
stable_diffusion_v_1_5\783_sdv5_00084.jpg,1,stable_diffusion_v_1_5,train
Nature\n02028035_12955.JPEG,0,Nature,train
Nature\n02109961_3676.JPEG,0,Nature,train
stable_diffusion_v_1_5\270_sdv5_00135.jpg,1,stable_diffusion_v_1_5,train
ADM\548_adm_15.jpg,1,ADM,train
Nature\n01914609_3402.JPEG,0,Nature,train
ADM\899_adm_188.jpg,1,ADM,train
Nature\n03874599_7697.JPEG,0,Nature,train
Nature\n01828970_4783.JPEG,0,Nature,train
Nature\n01773549_5193.JPEG,0,Nature,train
Nature\n01914609_13909.JPEG,0,Nature,train
Nature\n02028035_4188.JPEG,0,Nature,train
Nature\n01773797_5918.JPEG,0,Nature,train
stable_diffusion_v_1_5\419_sdv5_00078.jpg,1,stable_diffusion_v_1_5,train
Nature\n01592084_5342.JPEG,0,Nature,train
stable_diffusion_v_1_5\537_sdv5_00124.jpg,1,stable_diffusion_v_1_5,train
BigGAN\821_biggan_00039.jpg,1,BigGAN,train
stable_diffusion_v_1_5\808_sdv5_00033.jpg,1,stable_diffusion_v_1_5,train
ADM\942_adm_7.jpg,1,ADM,train
stable_diffusion_v_1_5\123_sdv5_00018.jpg,1,stable_diffusion_v_1_5,train
ADM\618_adm_162.jpg,1,ADM,train
ADM\193_adm_138.jpg,1,ADM,train
Nature\n02006656_3725.JPEG,0,Nature,train
Nature\n02206856_5559.JPEG,0,Nature,train
Nature\ILSVRC2012_val_00033604.JPEG,0,Nature,train
stable_diffusion_v_1_5\543_sdv5_00100.jpg,1,stable_diffusion_v_1_5,train
BigGAN\354_biggan_00020.jpg,1,BigGAN,train
stable_diffusion_v_1_5\278_sdv5_00088.jpg,1,stable_diffusion_v_1_5,train
ADM\618_adm_83.jpg,1,ADM,train
Nature\ILSVRC2012_val_00002944.JPEG,0,Nature,train
BigGAN\884_biggan_00087.jpg,1,BigGAN,train
stable_diffusion_v_1_5\970_sdv5_00169.jpg,1,stable_diffusion_v_1_5,train
stable_diffusion_v_1_5\503_sdv5_00016.jpg,1,stable_diffusion_v_1_5,train
ADM\11_adm_34.jpg,1,ADM,train
Nature\n01986214_13082.JPEG,0,Nature,train
Nature\n01773797_5462.JPEG,0,Nature,train
Nature\n01622779_1860.JPEG,0,Nature,train
Nature\n01582220_11301.JPEG,0,Nature,train
stable_diffusion_v_1_5\472_sdv5_00091.jpg,1,stable_diffusion_v_1_5,train
Nature\n01693334_5865.JPEG,0,Nature,train
BigGAN\151_biggan_00120.jpg,1,BigGAN,train
Nature\n01944390_11540.JPEG,0,Nature,train
stable_diffusion_v_1_5\046_sdv5_00139.jpg,1,stable_diffusion_v_1_5,train
BigGAN\761_biggan_00098.jpg,1,BigGAN,train
stable_diffusion_v_1_5\406_sdv5_00035.jpg,1,stable_diffusion_v_1_5,train
stable_diffusion_v_1_5\755_sdv5_00003.jpg,1,stable_diffusion_v_1_5,train
ADM\612_adm_21.jpg,1,ADM,train
stable_diffusion_v_1_5\835_sdv5_00105.jpg,1,stable_diffusion_v_1_5,train
BigGAN\734_biggan_00143.jpg,1,BigGAN,train
ADM\69_adm_7.jpg,1,ADM,train
ADM\122_adm_144.jpg,1,ADM,train
ADM\761_adm_172.jpg,1,ADM,train
ADM\378_adm_133.jpg,1,ADM,train
ADM\562_adm_168.jpg,1,ADM,train
Nature\n01820546_6628.JPEG,0,Nature,train
Nature\n02012849_409.JPEG,0,Nature,train
ADM\79_adm_29.jpg,1,ADM,train
Nature\n01531178_2336.JPEG,0,Nature,train
BigGAN\360_biggan_00082.jpg,1,BigGAN,train
Nature\n01914609_7717.JPEG,0,Nature,train
stable_diffusion_v_1_5\025_sdv5_00154.jpg,1,stable_diffusion_v_1_5,train
BigGAN\605_biggan_00035.jpg,1,BigGAN,train
Nature\n01622779_2072.JPEG,0,Nature,train
Nature\n01924916_6956.JPEG,0,Nature,train
Nature\n01734418_5545.JPEG,0,Nature,train
stable_diffusion_v_1_5\350_sdv5_00182.jpg,1,stable_diffusion_v_1_5,train
Nature\ILSVRC2012_val_00012410.JPEG,0,Nature,train
BigGAN\583_biggan_00143.jpg,1,BigGAN,train
BigGAN\574_biggan_00066.jpg,1,BigGAN,train
Nature\n01740131_10151.JPEG,0,Nature,train
ADM\4_adm_72.jpg,1,ADM,train
BigGAN\762_biggan_00167.jpg,1,BigGAN,train
Nature\n01943899_31113.JPEG,0,Nature,train
BigGAN\264_biggan_00114.jpg,1,BigGAN,train
ADM\597_adm_153.jpg,1,ADM,train
Nature\n01774750_11975.JPEG,0,Nature,train
Nature\ILSVRC2012_val_00042665.JPEG,0,Nature,train
ADM\146_adm_4.jpg,1,ADM,train
stable_diffusion_v_1_5\474_sdv5_00027.jpg,1,stable_diffusion_v_1_5,train
BigGAN\406_biggan_00035.jpg,1,BigGAN,train
stable_diffusion_v_1_5\905_sdv5_00184.jpg,1,stable_diffusion_v_1_5,train
stable_diffusion_v_1_5\423_sdv5_00021.jpg,1,stable_diffusion_v_1_5,train
Nature\n02027492_850.JPEG,0,Nature,train
ADM\526_adm_157.jpg,1,ADM,train
ADM\756_adm_39.jpg,1,ADM,train
BigGAN\668_biggan_00058.jpg,1,BigGAN,train
stable_diffusion_v_1_5\377_sdv5_00003.jpg,1,stable_diffusion_v_1_5,train
Nature\n01843383_2556.JPEG,0,Nature,train
Nature\n02869837_1351.JPEG,0,Nature,train
ADM\481_adm_59.jpg,1,ADM,train
ADM\315_adm_50.jpg,1,ADM,train
ADM\647_adm_135.jpg,1,ADM,train
stable_diffusion_v_1_5\317_sdv5_00077.jpg,1,stable_diffusion_v_1_5,train
stable_diffusion_v_1_5\059_sdv5_00088.jpg,1,stable_diffusion_v_1_5,train
Nature\n02007558_5192.JPEG,0,Nature,train
Nature\ILSVRC2012_val_00011646.JPEG,0,Nature,train
Nature\ILSVRC2012_val_00028656.JPEG,0,Nature,train
ADM\375_adm_42.jpg,1,ADM,train
BigGAN\197_biggan_00095.jpg,1,BigGAN,train
stable_diffusion_v_1_5\792_sdv5_00126.jpg,1,stable_diffusion_v_1_5,train
ADM\125_adm_155.jpg,1,ADM,train
stable_diffusion_v_1_5\808_sdv5_00020.jpg,1,stable_diffusion_v_1_5,train
ADM\448_adm_153.jpg,1,ADM,train
stable_diffusion_v_1_5\647_sdv5_00072.jpg,1,stable_diffusion_v_1_5,train
stable_diffusion_v_1_5\406_sdv5_00177.jpg,1,stable_diffusion_v_1_5,train
stable_diffusion_v_1_5\890_sdv5_00141.jpg,1,stable_diffusion_v_1_5,train
Nature\n01484850_27730.JPEG,0,Nature,train
BigGAN\580_biggan_00121.jpg,1,BigGAN,train
BigGAN\758_biggan_00091.jpg,1,BigGAN,train
Nature\ILSVRC2012_val_00015120.JPEG,0,Nature,train
Nature\n02058221_9956.JPEG,0,Nature,train
BigGAN\808_biggan_00166.jpg,1,BigGAN,train
ADM\700_adm_146.jpg,1,ADM,train
Nature\n01622779_4090.JPEG,0,Nature,train
stable_diffusion_v_1_5\741_sdv5_00073.jpg,1,stable_diffusion_v_1_5,train
stable_diffusion_v_1_5\136_sdv5_00102.jpg,1,stable_diffusion_v_1_5,train
BigGAN\836_biggan_00137.jpg,1,BigGAN,train
Nature\n01560419_1476.JPEG,0,Nature,train
Nature\n01687978_325.JPEG,0,Nature,train
BigGAN\020_biggan_00016.jpg,1,BigGAN,train
Nature\ILSVRC2012_val_00021602.JPEG,0,Nature,train
BigGAN\485_biggan_00042.jpg,1,BigGAN,train
ADM\555_adm_3.jpg,1,ADM,train
BigGAN\948_biggan_00063.jpg,1,BigGAN,train
stable_diffusion_v_1_5\900_sdv5_00020.jpg,1,stable_diffusion_v_1_5,train
ADM\38_adm_84.jpg,1,ADM,train
BigGAN\745_biggan_00196.jpg,1,BigGAN,train
BigGAN\627_biggan_00155.jpg,1,BigGAN,train
ADM\781_adm_185.jpg,1,ADM,train
stable_diffusion_v_1_5\960_sdv5_00044.jpg,1,stable_diffusion_v_1_5,train
Nature\n01773549_3957.JPEG,0,Nature,train
Nature\ILSVRC2012_val_00024958.JPEG,0,Nature,train
Nature\n02012849_6901.JPEG,0,Nature,train
BigGAN\011_biggan_00074.jpg,1,BigGAN,train
Nature\n01774384_13098.JPEG,0,Nature,train
Nature\n02110806_3500.JPEG,0,Nature,train
Nature\n01847000_9544.JPEG,0,Nature,train
stable_diffusion_v_1_5\763_sdv5_00178.jpg,1,stable_diffusion_v_1_5,train
ADM\33_adm_116.jpg,1,ADM,train
ADM\503_adm_123.jpg,1,ADM,train
ADM\563_adm_132.jpg,1,ADM,train
stable_diffusion_v_1_5\481_sdv5_00107.jpg,1,stable_diffusion_v_1_5,train
stable_diffusion_v_1_5\937_sdv5_00035.jpg,1,stable_diffusion_v_1_5,train
ADM\930_adm_164.jpg,1,ADM,train
ADM\60_adm_5.jpg,1,ADM,train
ADM\102_adm_12.jpg,1,ADM,train
ADM\45_adm_57.jpg,1,ADM,train
BigGAN\710_biggan_00093.jpg,1,BigGAN,train
Nature\ILSVRC2012_val_00016850.JPEG,0,Nature,train
Nature\n01833805_4819.JPEG,0,Nature,train
ADM\964_adm_172.jpg,1,ADM,train
ADM\205_adm_186.jpg,1,ADM,train
ADM\769_adm_157.jpg,1,ADM,train
ADM\789_adm_30.jpg,1,ADM,train
ADM\512_adm_22.jpg,1,ADM,train
stable_diffusion_v_1_5\301_sdv5_00074.jpg,1,stable_diffusion_v_1_5,train
Nature\ILSVRC2012_val_00033225.JPEG,0,Nature,train
BigGAN\441_biggan_00078.jpg,1,BigGAN,train
Nature\ILSVRC2012_val_00000040.JPEG,0,Nature,train
Nature\n01608432_4751.JPEG,0,Nature,train
ADM\273_adm_164.jpg,1,ADM,train
Nature\n01614925_2463.JPEG,0,Nature,train
BigGAN\669_biggan_00117.jpg,1,BigGAN,train
Nature\n01847000_9821.JPEG,0,Nature,train
ADM\339_adm_106.jpg,1,ADM,train
BigGAN\088_biggan_00126.jpg,1,BigGAN,train
ADM\741_adm_21.jpg,1,ADM,train
Nature\n01796340_2456.JPEG,0,Nature,train
stable_diffusion_v_1_5\166_sdv5_00009.jpg,1,stable_diffusion_v_1_5,train
ADM\279_adm_183.jpg,1,ADM,train
BigGAN\694_biggan_00173.jpg,1,BigGAN,train
Nature\n02027492_905.JPEG,0,Nature,train
ADM\628_adm_85.jpg,1,ADM,train
Nature\n01774384_13395.JPEG,0,Nature,train
BigGAN\600_biggan_00032.jpg,1,BigGAN,train
ADM\920_adm_71.jpg,1,ADM,train
ADM\261_adm_147.jpg,1,ADM,train
ADM\343_adm_178.jpg,1,ADM,train
Nature\n01986214_21708.JPEG,0,Nature,train
Nature\ILSVRC2012_val_00021594.JPEG,0,Nature,train
stable_diffusion_v_1_5\281_sdv5_00046.jpg,1,stable_diffusion_v_1_5,train
ADM\639_adm_117.jpg,1,ADM,train
stable_diffusion_v_1_5\097_sdv5_00117.jpg,1,stable_diffusion_v_1_5,train
BigGAN\496_biggan_00108.jpg,1,BigGAN,train
ADM\373_adm_91.jpg,1,ADM,train
ADM\853_adm_153.jpg,1,ADM,train
Nature\n02058221_14038.JPEG,0,Nature,train
Nature\n01775062_5239.JPEG,0,Nature,train
ADM\596_adm_153.jpg,1,ADM,train
Nature\n01773797_5949.JPEG,0,Nature,train
stable_diffusion_v_1_5\633_sdv5_00185.jpg,1,stable_diffusion_v_1_5,train
ADM\294_adm_180.jpg,1,ADM,train
Nature\ILSVRC2012_val_00002566.JPEG,0,Nature,train
stable_diffusion_v_1_5\450_sdv5_00091.jpg,1,stable_diffusion_v_1_5,train
ADM\332_adm_166.jpg,1,ADM,train
Nature\ILSVRC2012_val_00042837.JPEG,0,Nature,train
ADM\887_adm_143.jpg,1,ADM,train
BigGAN\249_biggan_00077.jpg,1,BigGAN,train
stable_diffusion_v_1_5\700_sdv5_00023.jpg,1,stable_diffusion_v_1_5,train
ADM\777_adm_117.jpg,1,ADM,train
ADM\182_adm_109.jpg,1,ADM,train
BigGAN\221_biggan_00075.jpg,1,BigGAN,train
ADM\85_adm_159.jpg,1,ADM,train
Nature\n02018795_1494.JPEG,0,Nature,train
stable_diffusion_v_1_5\851_sdv5_00003.jpg,1,stable_diffusion_v_1_5,train
BigGAN\547_biggan_00069.jpg,1,BigGAN,train
stable_diffusion_v_1_5\407_sdv5_00183.jpg,1,stable_diffusion_v_1_5,train
ADM\823_adm_12.jpg,1,ADM,train
stable_diffusion_v_1_5\153_sdv5_00137.jpg,1,stable_diffusion_v_1_5,train
stable_diffusion_v_1_5\108_sdv5_00103.jpg,1,stable_diffusion_v_1_5,train
Nature\n01531178_7777.JPEG,0,Nature,train
BigGAN\971_biggan_00094.jpg,1,BigGAN,train
Nature\n01829413_2526.JPEG,0,Nature,train
BigGAN\201_biggan_00118.jpg,1,BigGAN,train
BigGAN\426_biggan_00154.jpg,1,BigGAN,train
Nature\n01833805_379.JPEG,0,Nature,train
Nature\ILSVRC2012_val_00034617.JPEG,0,Nature,train
ADM\502_adm_144.jpg,1,ADM,train
BigGAN\382_biggan_00129.jpg,1,BigGAN,train
stable_diffusion_v_1_5\057_sdv5_00028.jpg,1,stable_diffusion_v_1_5,train
BigGAN\186_biggan_00108.jpg,1,BigGAN,train
Nature\n01693334_11709.JPEG,0,Nature,train
Nature\n03376595_12960.JPEG,0,Nature,train
stable_diffusion_v_1_5\947_sdv5_00144.jpg,1,stable_diffusion_v_1_5,train
Nature\n01847000_12529.JPEG,0,Nature,train
BigGAN\014_biggan_00056.jpg,1,BigGAN,train
stable_diffusion_v_1_5\145_sdv5_00181.jpg,1,stable_diffusion_v_1_5,train
Nature\ILSVRC2012_val_00001879.JPEG,0,Nature,train
stable_diffusion_v_1_5\802_sdv5_00106.jpg,1,stable_diffusion_v_1_5,train
ADM\385_adm_15.jpg,1,ADM,train
Nature\n02012849_7386.JPEG,0,Nature,train
ADM\257_adm_123.jpg,1,ADM,train
Nature\n01614925_6248.JPEG,0,Nature,train
Nature\n01756291_12781.JPEG,0,Nature,train
Nature\n01824575_495.JPEG,0,Nature,train
Nature\n01775062_83.JPEG,0,Nature,train
BigGAN\257_biggan_00020.jpg,1,BigGAN,train
ADM\17_adm_29.jpg,1,ADM,train
BigGAN\222_biggan_00156.jpg,1,BigGAN,train
Nature\n01985128_19742.JPEG,0,Nature,train
Nature\n01734418_498.JPEG,0,Nature,train
Nature\n02027492_5102.JPEG,0,Nature,train
stable_diffusion_v_1_5\963_sdv5_00115.jpg,1,stable_diffusion_v_1_5,train
Nature\n02018207_1517.JPEG,0,Nature,train
Nature\n01728572_5499.JPEG,0,Nature,train
stable_diffusion_v_1_5\142_sdv5_00062.jpg,1,stable_diffusion_v_1_5,train
Nature\n01592084_6340.JPEG,0,Nature,train
Nature\n02007558_6362.JPEG,0,Nature,train
BigGAN\270_biggan_00058.jpg,1,BigGAN,train
stable_diffusion_v_1_5\752_sdv5_00089.jpg,1,stable_diffusion_v_1_5,train
stable_diffusion_v_1_5\931_sdv5_00157.jpg,1,stable_diffusion_v_1_5,train
Nature\n01828970_2063.JPEG,0,Nature,train
stable_diffusion_v_1_5\695_sdv5_00113.jpg,1,stable_diffusion_v_1_5,train
Nature\n02834397_352.JPEG,0,Nature,train
BigGAN\762_biggan_00109.jpg,1,BigGAN,train
ADM\92_adm_9.jpg,1,ADM,train
Nature\n01592084_3252.JPEG,0,Nature,train
ADM\82_adm_174.jpg,1,ADM,train
stable_diffusion_v_1_5\958_sdv5_00088.jpg,1,stable_diffusion_v_1_5,train
stable_diffusion_v_1_5\671_sdv5_00003.jpg,1,stable_diffusion_v_1_5,train
BigGAN\368_biggan_00145.jpg,1,BigGAN,train
Nature\n01944390_19021.JPEG,0,Nature,train
BigGAN\625_biggan_00063.jpg,1,BigGAN,train
BigGAN\986_biggan_00070.jpg,1,BigGAN,train
Nature\n01560419_6885.JPEG,0,Nature,train
ADM\384_adm_24.jpg,1,ADM,train
stable_diffusion_v_1_5\181_sdv5_00186.jpg,1,stable_diffusion_v_1_5,train
ADM\777_adm_109.jpg,1,ADM,train
Nature\ILSVRC2012_val_00021085.JPEG,0,Nature,train
ADM\949_adm_14.jpg,1,ADM,train
ADM\525_adm_135.jpg,1,ADM,train
BigGAN\119_biggan_00086.jpg,1,BigGAN,train
stable_diffusion_v_1_5\461_sdv5_00009.jpg,1,stable_diffusion_v_1_5,train
BigGAN\630_biggan_00010.jpg,1,BigGAN,train
ADM\273_adm_87.jpg,1,ADM,train
stable_diffusion_v_1_5\844_sdv5_00135.jpg,1,stable_diffusion_v_1_5,train
Nature\ILSVRC2012_val_00012246.JPEG,0,Nature,train
Nature\n01820546_6681.JPEG,0,Nature,train
stable_diffusion_v_1_5\769_sdv5_00048.jpg,1,stable_diffusion_v_1_5,train
ADM\579_adm_77.jpg,1,ADM,train
Nature\n02013706_1950.JPEG,0,Nature,train
Nature\n01914609_4501.JPEG,0,Nature,train
BigGAN\324_biggan_00156.jpg,1,BigGAN,train
BigGAN\737_biggan_00183.jpg,1,BigGAN,train
BigGAN\247_biggan_00056.jpg,1,BigGAN,train
Nature\ILSVRC2012_val_00000351.JPEG,0,Nature,train
Nature\n02028035_3211.JPEG,0,Nature,train
ADM\611_adm_135.jpg,1,ADM,train
stable_diffusion_v_1_5\079_sdv5_00122.jpg,1,stable_diffusion_v_1_5,train
ADM\53_adm_182.jpg,1,ADM,train
Nature\n01622779_6240.JPEG,0,Nature,train
ADM\712_adm_7.jpg,1,ADM,train
ADM\257_adm_34.jpg,1,ADM,train
ADM\935_adm_139.jpg,1,ADM,train
ADM\178_adm_122.jpg,1,ADM,train
ADM\309_adm_163.jpg,1,ADM,train
BigGAN\687_biggan_00074.jpg,1,BigGAN,train
ADM\348_adm_142.jpg,1,ADM,train
stable_diffusion_v_1_5\725_sdv5_00170.jpg,1,stable_diffusion_v_1_5,train
stable_diffusion_v_1_5\085_sdv5_00043.jpg,1,stable_diffusion_v_1_5,train
BigGAN\509_biggan_00032.jpg,1,BigGAN,train
Nature\n01443537_13785.JPEG,0,Nature,train
stable_diffusion_v_1_5\304_sdv5_00143.jpg,1,stable_diffusion_v_1_5,train
ADM\25_adm_51.jpg,1,ADM,train
stable_diffusion_v_1_5\783_sdv5_00010.jpg,1,stable_diffusion_v_1_5,train
BigGAN\668_biggan_00126.jpg,1,BigGAN,train
Nature\ILSVRC2012_val_00040962.JPEG,0,Nature,train
stable_diffusion_v_1_5\409_sdv5_00027.jpg,1,stable_diffusion_v_1_5,train
stable_diffusion_v_1_5\578_sdv5_00153.jpg,1,stable_diffusion_v_1_5,train
BigGAN\107_biggan_00016.jpg,1,BigGAN,train
Nature\n01742172_19222.JPEG,0,Nature,train
ADM\697_adm_175.jpg,1,ADM,train
ADM\564_adm_34.jpg,1,ADM,train
ADM\314_adm_29.jpg,1,ADM,train
Nature\n01742172_8662.JPEG,0,Nature,train
stable_diffusion_v_1_5\054_sdv5_00002.jpg,1,stable_diffusion_v_1_5,train
ADM\582_adm_43.jpg,1,ADM,train
Nature\ILSVRC2012_val_00029724.JPEG,0,Nature,train
Nature\n02361337_534.JPEG,0,Nature,train
stable_diffusion_v_1_5\264_sdv5_00179.jpg,1,stable_diffusion_v_1_5,train
BigGAN\990_biggan_00121.jpg,1,BigGAN,train
BigGAN\956_biggan_00115.jpg,1,BigGAN,train
ADM\631_adm_12.jpg,1,ADM,train
Nature\n01833805_8070.JPEG,0,Nature,train
BigGAN\141_biggan_00061.jpg,1,BigGAN,train
Nature\n01950731_27010.JPEG,0,Nature,train
Nature\ILSVRC2012_val_00016126.JPEG,0,Nature,train
Nature\n01806143_7550.JPEG,0,Nature,train
BigGAN\854_biggan_00138.jpg,1,BigGAN,train
Nature\n01943899_20519.JPEG,0,Nature,train
BigGAN\416_biggan_00006.jpg,1,BigGAN,train
stable_diffusion_v_1_5\341_sdv5_00104.jpg,1,stable_diffusion_v_1_5,train
ADM\954_adm_131.jpg,1,ADM,train
stable_diffusion_v_1_5\386_sdv5_00165.jpg,1,stable_diffusion_v_1_5,train
ADM\516_adm_106.jpg,1,ADM,train
stable_diffusion_v_1_5\375_sdv5_00141.jpg,1,stable_diffusion_v_1_5,train
Nature\n01968897_14422.JPEG,0,Nature,train
stable_diffusion_v_1_5\498_sdv5_00132.jpg,1,stable_diffusion_v_1_5,train
BigGAN\109_biggan_00177.jpg,1,BigGAN,train
BigGAN\056_biggan_00020.jpg,1,BigGAN,train
ADM\663_adm_93.jpg,1,ADM,train
BigGAN\579_biggan_00121.jpg,1,BigGAN,train
Nature\n01592084_6054.JPEG,0,Nature,train
Nature\n01773549_3363.JPEG,0,Nature,train
BigGAN\351_biggan_00066.jpg,1,BigGAN,train
ADM\578_adm_44.jpg,1,ADM,train
BigGAN\563_biggan_00130.jpg,1,BigGAN,train
BigGAN\503_biggan_00183.jpg,1,BigGAN,train
stable_diffusion_v_1_5\191_sdv5_00075.jpg,1,stable_diffusion_v_1_5,train
stable_diffusion_v_1_5\426_sdv5_00103.jpg,1,stable_diffusion_v_1_5,train
ADM\480_adm_21.jpg,1,ADM,train
ADM\324_adm_91.jpg,1,ADM,train
BigGAN\544_biggan_00074.jpg,1,BigGAN,train
BigGAN\238_biggan_00173.jpg,1,BigGAN,train
ADM\640_adm_105.jpg,1,ADM,train
BigGAN\998_biggan_00082.jpg,1,BigGAN,train
Nature\n01914609_13641.JPEG,0,Nature,train
Nature\n02013706_896.JPEG,0,Nature,train
BigGAN\011_biggan_00188.jpg,1,BigGAN,train
ADM\498_adm_7.jpg,1,ADM,train
BigGAN\299_biggan_00074.jpg,1,BigGAN,train
ADM\600_adm_135.jpg,1,ADM,train
BigGAN\894_biggan_00074.jpg,1,BigGAN,train
stable_diffusion_v_1_5\437_sdv5_00109.jpg,1,stable_diffusion_v_1_5,train
BigGAN\690_biggan_00093.jpg,1,BigGAN,train
stable_diffusion_v_1_5\581_sdv5_00003.jpg,1,stable_diffusion_v_1_5,train
Nature\n01677366_16706.JPEG,0,Nature,train
stable_diffusion_v_1_5\099_sdv5_00044.jpg,1,stable_diffusion_v_1_5,train
stable_diffusion_v_1_5\805_sdv5_00018.jpg,1,stable_diffusion_v_1_5,train
Nature\n01820546_5098.JPEG,0,Nature,train
ADM\630_adm_85.jpg,1,ADM,train
Nature\n02169497_5743.JPEG,0,Nature,train
BigGAN\811_biggan_00127.jpg,1,BigGAN,train
Nature\n01770393_9708.JPEG,0,Nature,train
ADM\402_adm_45.jpg,1,ADM,train
Nature\n02011460_4624.JPEG,0,Nature,train
ADM\894_adm_174.jpg,1,ADM,train
Nature\n02007558_6124.JPEG,0,Nature,train
Nature\ILSVRC2012_val_00027079.JPEG,0,Nature,train
BigGAN\287_biggan_00096.jpg,1,BigGAN,train
stable_diffusion_v_1_5\230_sdv5_00100.jpg,1,stable_diffusion_v_1_5,train
ADM\562_adm_13.jpg,1,ADM,train
BigGAN\435_biggan_00023.jpg,1,BigGAN,train
Nature\n01829413_3159.JPEG,0,Nature,train
BigGAN\312_biggan_00127.jpg,1,BigGAN,train
BigGAN\892_biggan_00094.jpg,1,BigGAN,train
ADM\463_adm_83.jpg,1,ADM,train
Nature\n04136333_14479.JPEG,0,Nature,train
stable_diffusion_v_1_5\408_sdv5_00195.jpg,1,stable_diffusion_v_1_5,train
stable_diffusion_v_1_5\486_sdv5_00009.jpg,1,stable_diffusion_v_1_5,train
Nature\n01770081_12739.JPEG,0,Nature,train
Nature\ILSVRC2012_val_00014545.JPEG,0,Nature,train
BigGAN\417_biggan_00104.jpg,1,BigGAN,train
ADM\187_adm_7.jpg,1,ADM,train
stable_diffusion_v_1_5\397_sdv5_00100.jpg,1,stable_diffusion_v_1_5,train
ADM\874_adm_91.jpg,1,ADM,train
stable_diffusion_v_1_5\429_sdv5_00132.jpg,1,stable_diffusion_v_1_5,train
stable_diffusion_v_1_5\564_sdv5_00027.jpg,1,stable_diffusion_v_1_5,train
ADM\720_adm_4.jpg,1,ADM,train
ADM\702_adm_34.jpg,1,ADM,train
ADM\814_adm_49.jpg,1,ADM,train
Nature\n02002556_22765.JPEG,0,Nature,train
ADM\350_adm_100.jpg,1,ADM,train
stable_diffusion_v_1_5\278_sdv5_00027.jpg,1,stable_diffusion_v_1_5,train
Nature\n02012849_1969.JPEG,0,Nature,train
Nature\n01818515_8539.JPEG,0,Nature,train
Nature\n01847000_7362.JPEG,0,Nature,train
Nature\n01582220_5162.JPEG,0,Nature,train
ADM\920_adm_13.jpg,1,ADM,train
BigGAN\243_biggan_00108.jpg,1,BigGAN,train
ADM\704_adm_43.jpg,1,ADM,train
stable_diffusion_v_1_5\939_sdv5_00006.jpg,1,stable_diffusion_v_1_5,train
ADM\863_adm_10.jpg,1,ADM,train
ADM\917_adm_39.jpg,1,ADM,train
Nature\n02028035_11281.JPEG,0,Nature,train
BigGAN\303_biggan_00052.jpg,1,BigGAN,train
stable_diffusion_v_1_5\471_sdv5_00111.jpg,1,stable_diffusion_v_1_5,train
stable_diffusion_v_1_5\017_sdv5_00118.jpg,1,stable_diffusion_v_1_5,train
BigGAN\930_biggan_00159.jpg,1,BigGAN,train
BigGAN\423_biggan_00169.jpg,1,BigGAN,train
stable_diffusion_v_1_5\466_sdv5_00135.jpg,1,stable_diffusion_v_1_5,train
stable_diffusion_v_1_5\530_sdv5_00061.jpg,1,stable_diffusion_v_1_5,train
ADM\338_adm_109.jpg,1,ADM,train
stable_diffusion_v_1_5\675_sdv5_00020.jpg,1,stable_diffusion_v_1_5,train
Nature\n02018207_9889.JPEG,0,Nature,train
Nature\n01773157_9534.JPEG,0,Nature,train
BigGAN\298_biggan_00138.jpg,1,BigGAN,train
ADM\995_adm_85.jpg,1,ADM,train
Nature\n02006656_8781.JPEG,0,Nature,train
stable_diffusion_v_1_5\877_sdv5_00096.jpg,1,stable_diffusion_v_1_5,train
Nature\n01531178_21208.JPEG,0,Nature,train
stable_diffusion_v_1_5\382_sdv5_00034.jpg,1,stable_diffusion_v_1_5,train
Nature\n01773797_302.JPEG,0,Nature,train
ADM\445_adm_17.jpg,1,ADM,train
stable_diffusion_v_1_5\254_sdv5_00039.jpg,1,stable_diffusion_v_1_5,train
Nature\n07745940_7668.JPEG,0,Nature,train
stable_diffusion_v_1_5\804_sdv5_00070.jpg,1,stable_diffusion_v_1_5,train
Nature\n01773797_5693.JPEG,0,Nature,train
BigGAN\364_biggan_00005.jpg,1,BigGAN,train
Nature\ILSVRC2012_val_00003828.JPEG,0,Nature,train
BigGAN\914_biggan_00017.jpg,1,BigGAN,train
stable_diffusion_v_1_5\872_sdv5_00182.jpg,1,stable_diffusion_v_1_5,train
Nature\n01685808_1322.JPEG,0,Nature,train
Nature\n02013706_7734.JPEG,0,Nature,train
ADM\628_adm_7.jpg,1,ADM,train
stable_diffusion_v_1_5\058_sdv5_00181.jpg,1,stable_diffusion_v_1_5,train
ADM\512_adm_41.jpg,1,ADM,train
ADM\797_adm_85.jpg,1,ADM,train
Nature\n01855672_14226.JPEG,0,Nature,train
Nature\n01514668_16697.JPEG,0,Nature,train
stable_diffusion_v_1_5\357_sdv5_00072.jpg,1,stable_diffusion_v_1_5,train
ADM\268_adm_177.jpg,1,ADM,train
Nature\n01775062_4949.JPEG,0,Nature,train
stable_diffusion_v_1_5\152_sdv5_00097.jpg,1,stable_diffusion_v_1_5,train
BigGAN\534_biggan_00109.jpg,1,BigGAN,train
ADM\128_adm_85.jpg,1,ADM,train
BigGAN\256_biggan_00074.jpg,1,BigGAN,train
stable_diffusion_v_1_5\714_sdv5_00114.jpg,1,stable_diffusion_v_1_5,train
stable_diffusion_v_1_5\649_sdv5_00172.jpg,1,stable_diffusion_v_1_5,train
BigGAN\054_biggan_00021.jpg,1,BigGAN,train
BigGAN\503_biggan_00185.jpg,1,BigGAN,train
ADM\904_adm_91.jpg,1,ADM,train
BigGAN\464_biggan_00117.jpg,1,BigGAN,train
Nature\n02730930_8367.JPEG,0,Nature,train
ADM\298_adm_60.jpg,1,ADM,train
stable_diffusion_v_1_5\054_sdv5_00016.jpg,1,stable_diffusion_v_1_5,train
ADM\956_adm_60.jpg,1,ADM,train
Nature\n02013706_4420.JPEG,0,Nature,train
Nature\n01742172_11347.JPEG,0,Nature,train
BigGAN\239_biggan_00104.jpg,1,BigGAN,train
Nature\n01829413_3647.JPEG,0,Nature,train
stable_diffusion_v_1_5\222_sdv5_00171.jpg,1,stable_diffusion_v_1_5,train
Nature\n01614925_17298.JPEG,0,Nature,train
ADM\6_adm_148.jpg,1,ADM,train
BigGAN\170_biggan_00054.jpg,1,BigGAN,train
BigGAN\632_biggan_00039.jpg,1,BigGAN,train
BigGAN\700_biggan_00088.jpg,1,BigGAN,train
ADM\362_adm_168.jpg,1,ADM,train
Nature\n02006656_11391.JPEG,0,Nature,train
stable_diffusion_v_1_5\752_sdv5_00058.jpg,1,stable_diffusion_v_1_5,train
BigGAN\816_biggan_00064.jpg,1,BigGAN,train
Nature\n01968897_23775.JPEG,0,Nature,train
ADM\959_adm_95.jpg,1,ADM,train
BigGAN\668_biggan_00170.jpg,1,BigGAN,train
Nature\n01756291_15187.JPEG,0,Nature,train
BigGAN\030_biggan_00178.jpg,1,BigGAN,train
ADM\94_adm_123.jpg,1,ADM,train
stable_diffusion_v_1_5\658_sdv5_00032.jpg,1,stable_diffusion_v_1_5,train
Nature\n01774384_3412.JPEG,0,Nature,train
ADM\736_adm_155.jpg,1,ADM,train
Nature\n02486410_7039.JPEG,0,Nature,train
stable_diffusion_v_1_5\244_sdv5_00037.jpg,1,stable_diffusion_v_1_5,train
BigGAN\006_biggan_00097.jpg,1,BigGAN,train
Nature\n02027492_5976.JPEG,0,Nature,train
BigGAN\698_biggan_00153.jpg,1,BigGAN,train
Nature\n02051845_1614.JPEG,0,Nature,train
ADM\251_adm_30.jpg,1,ADM,train
stable_diffusion_v_1_5\008_sdv5_00031.jpg,1,stable_diffusion_v_1_5,train
stable_diffusion_v_1_5\295_sdv5_00153.jpg,1,stable_diffusion_v_1_5,train
stable_diffusion_v_1_5\870_sdv5_00033.jpg,1,stable_diffusion_v_1_5,train
BigGAN\475_biggan_00142.jpg,1,BigGAN,train
ADM\356_adm_125.jpg,1,ADM,train
Nature\n01910747_16182.JPEG,0,Nature,train
BigGAN\805_biggan_00063.jpg,1,BigGAN,train
Nature\ILSVRC2012_val_00005224.JPEG,0,Nature,train
Nature\n01985128_6827.JPEG,0,Nature,train
Nature\n01877812_1101.JPEG,0,Nature,train
ADM\639_adm_144.jpg,1,ADM,train
Nature\n01855672_4333.JPEG,0,Nature,train
stable_diffusion_v_1_5\498_sdv5_00087.jpg,1,stable_diffusion_v_1_5,train
BigGAN\629_biggan_00066.jpg,1,BigGAN,train
BigGAN\164_biggan_00121.jpg,1,BigGAN,train
BigGAN\973_biggan_00134.jpg,1,BigGAN,train
stable_diffusion_v_1_5\879_sdv5_00100.jpg,1,stable_diffusion_v_1_5,train
ADM\646_adm_85.jpg,1,ADM,train
Nature\n01728572_11910.JPEG,0,Nature,train
Nature\n01729977_4113.JPEG,0,Nature,train
stable_diffusion_v_1_5\897_sdv5_00153.jpg,1,stable_diffusion_v_1_5,train
stable_diffusion_v_1_5\079_sdv5_00130.jpg,1,stable_diffusion_v_1_5,train
ADM\545_adm_107.jpg,1,ADM,train
ADM\607_adm_106.jpg,1,ADM,train
BigGAN\330_biggan_00128.jpg,1,BigGAN,train
ADM\430_adm_118.jpg,1,ADM,train
ADM\291_adm_174.jpg,1,ADM,train
Nature\n01687978_7011.JPEG,0,Nature,train
Nature\n02013706_5818.JPEG,0,Nature,train
BigGAN\131_biggan_00013.jpg,1,BigGAN,train
stable_diffusion_v_1_5\507_sdv5_00195.jpg,1,stable_diffusion_v_1_5,train
BigGAN\217_biggan_00043.jpg,1,BigGAN,train
Nature\n01820546_4184.JPEG,0,Nature,train
Nature\n02109525_12978.JPEG,0,Nature,train
stable_diffusion_v_1_5\435_sdv5_00087.jpg,1,stable_diffusion_v_1_5,train
Nature\n01798484_6385.JPEG,0,Nature,train
ADM\379_adm_128.jpg,1,ADM,train
ADM\690_adm_154.jpg,1,ADM,train
Nature\n02012849_6231.JPEG,0,Nature,train
Nature\n01608432_1031.JPEG,0,Nature,train
stable_diffusion_v_1_5\577_sdv5_00109.jpg,1,stable_diffusion_v_1_5,train
Nature\n01797886_3823.JPEG,0,Nature,train
BigGAN\103_biggan_00109.jpg,1,BigGAN,train
Nature\n01944390_1279.JPEG,0,Nature,train
ADM\317_adm_134.jpg,1,ADM,train
BigGAN\826_biggan_00165.jpg,1,BigGAN,train
BigGAN\392_biggan_00143.jpg,1,BigGAN,train
BigGAN\598_biggan_00084.jpg,1,BigGAN,train
BigGAN\864_biggan_00166.jpg,1,BigGAN,train
BigGAN\879_biggan_00183.jpg,1,BigGAN,train
stable_diffusion_v_1_5\256_sdv5_00022.jpg,1,stable_diffusion_v_1_5,train
stable_diffusion_v_1_5\489_sdv5_00091.jpg,1,stable_diffusion_v_1_5,train
stable_diffusion_v_1_5\032_sdv5_00068.jpg,1,stable_diffusion_v_1_5,train
stable_diffusion_v_1_5\301_sdv5_00114.jpg,1,stable_diffusion_v_1_5,train
ADM\622_adm_3.jpg,1,ADM,train
Nature\n01773797_130.JPEG,0,Nature,train
Nature\n01514668_18423.JPEG,0,Nature,train
Nature\n01877812_9780.JPEG,0,Nature,train
stable_diffusion_v_1_5\917_sdv5_00039.jpg,1,stable_diffusion_v_1_5,train
stable_diffusion_v_1_5\805_sdv5_00173.jpg,1,stable_diffusion_v_1_5,train
stable_diffusion_v_1_5\393_sdv5_00119.jpg,1,stable_diffusion_v_1_5,train
BigGAN\137_biggan_00148.jpg,1,BigGAN,train
BigGAN\499_biggan_00111.jpg,1,BigGAN,train
BigGAN\292_biggan_00039.jpg,1,BigGAN,train
BigGAN\408_biggan_00051.jpg,1,BigGAN,train
stable_diffusion_v_1_5\641_sdv5_00020.jpg,1,stable_diffusion_v_1_5,train
stable_diffusion_v_1_5\372_sdv5_00024.jpg,1,stable_diffusion_v_1_5,train
BigGAN\038_biggan_00166.jpg,1,BigGAN,train
BigGAN\885_biggan_00039.jpg,1,BigGAN,train
stable_diffusion_v_1_5\581_sdv5_00027.jpg,1,stable_diffusion_v_1_5,train
Nature\n01828970_9756.JPEG,0,Nature,train
stable_diffusion_v_1_5\091_sdv5_00177.jpg,1,stable_diffusion_v_1_5,train
Nature\n01950731_11642.JPEG,0,Nature,train
Nature\ILSVRC2012_val_00032580.JPEG,0,Nature,train
stable_diffusion_v_1_5\928_sdv5_00083.jpg,1,stable_diffusion_v_1_5,train
Nature\n01614925_3547.JPEG,0,Nature,train
stable_diffusion_v_1_5\721_sdv5_00146.jpg,1,stable_diffusion_v_1_5,train
BigGAN\796_biggan_00091.jpg,1,BigGAN,train
ADM\987_adm_172.jpg,1,ADM,train
Nature\ILSVRC2012_val_00014317.JPEG,0,Nature,train
BigGAN\796_biggan_00101.jpg,1,BigGAN,train
Nature\n01729977_2361.JPEG,0,Nature,train
stable_diffusion_v_1_5\888_sdv5_00078.jpg,1,stable_diffusion_v_1_5,train
Nature\ILSVRC2012_val_00000739.JPEG,0,Nature,train
BigGAN\842_biggan_00143.jpg,1,BigGAN,train
ADM\280_adm_188.jpg,1,ADM,train
Nature\n01531178_7811.JPEG,0,Nature,train
ADM\47_adm_121.jpg,1,ADM,train
stable_diffusion_v_1_5\535_sdv5_00183.jpg,1,stable_diffusion_v_1_5,train
Nature\n01774384_12112.JPEG,0,Nature,train
Nature\n01770393_7745.JPEG,0,Nature,train
ADM\48_adm_59.jpg,1,ADM,train
BigGAN\261_biggan_00031.jpg,1,BigGAN,train
ADM\767_adm_16.jpg,1,ADM,train
Nature\n02093256_561.JPEG,0,Nature,train
ADM\379_adm_76.jpg,1,ADM,train
BigGAN\259_biggan_00104.jpg,1,BigGAN,train
BigGAN\602_biggan_00105.jpg,1,BigGAN,train
BigGAN\218_biggan_00136.jpg,1,BigGAN,train
stable_diffusion_v_1_5\426_sdv5_00141.jpg,1,stable_diffusion_v_1_5,train
BigGAN\203_biggan_00191.jpg,1,BigGAN,train
Nature\n01955084_12760.JPEG,0,Nature,train
stable_diffusion_v_1_5\347_sdv5_00034.jpg,1,stable_diffusion_v_1_5,train
stable_diffusion_v_1_5\395_sdv5_00056.jpg,1,stable_diffusion_v_1_5,train
ADM\304_adm_146.jpg,1,ADM,train
BigGAN\639_biggan_00165.jpg,1,BigGAN,train
stable_diffusion_v_1_5\351_sdv5_00020.jpg,1,stable_diffusion_v_1_5,train
Nature\n01773157_940.JPEG,0,Nature,train
ADM\3_adm_188.jpg,1,ADM,train
BigGAN\545_biggan_00033.jpg,1,BigGAN,train
Nature\n01560419_4684.JPEG,0,Nature,train
Nature\n01592084_6291.JPEG,0,Nature,train
BigGAN\067_biggan_00096.jpg,1,BigGAN,train
Nature\n01944390_18379.JPEG,0,Nature,train
Nature\n01829413_2952.JPEG,0,Nature,train
BigGAN\629_biggan_00132.jpg,1,BigGAN,train
ADM\377_adm_142.jpg,1,ADM,train
ADM\620_adm_35.jpg,1,ADM,train
Nature\n01560419_5045.JPEG,0,Nature,train
BigGAN\539_biggan_00188.jpg,1,BigGAN,train
Nature\n01644900_5958.JPEG,0,Nature,train
BigGAN\947_biggan_00122.jpg,1,BigGAN,train
Nature\n02006656_5606.JPEG,0,Nature,train
BigGAN\051_biggan_00005.jpg,1,BigGAN,train
Nature\n01877812_645.JPEG,0,Nature,train
stable_diffusion_v_1_5\685_sdv5_00100.jpg,1,stable_diffusion_v_1_5,train
BigGAN\220_biggan_00134.jpg,1,BigGAN,train
Nature\n02006656_5088.JPEG,0,Nature,train
BigGAN\633_biggan_00120.jpg,1,BigGAN,train
ADM\566_adm_19.jpg,1,ADM,train
Nature\n03032252_63428.JPEG,0,Nature,train
Nature\n02028035_983.JPEG,0,Nature,train
stable_diffusion_v_1_5\539_sdv5_00157.jpg,1,stable_diffusion_v_1_5,train
ADM\831_adm_136.jpg,1,ADM,train
Nature\ILSVRC2012_val_00032845.JPEG,0,Nature,train
Nature\ILSVRC2012_val_00005901.JPEG,0,Nature,train
stable_diffusion_v_1_5\943_sdv5_00020.jpg,1,stable_diffusion_v_1_5,train
BigGAN\074_biggan_00014.jpg,1,BigGAN,train
Nature\n01742172_19035.JPEG,0,Nature,train
ADM\120_adm_24.jpg,1,ADM,train
ADM\471_adm_23.jpg,1,ADM,train
stable_diffusion_v_1_5\645_sdv5_00009.jpg,1,stable_diffusion_v_1_5,train
ADM\523_adm_30.jpg,1,ADM,train
Nature\n01818515_2784.JPEG,0,Nature,train
BigGAN\400_biggan_00063.jpg,1,BigGAN,train
ADM\99_adm_34.jpg,1,ADM,train
Nature\ILSVRC2012_val_00011196.JPEG,0,Nature,train
ADM\969_adm_165.jpg,1,ADM,train
BigGAN\093_biggan_00127.jpg,1,BigGAN,train
ADM\125_adm_122.jpg,1,ADM,train
BigGAN\681_biggan_00119.jpg,1,BigGAN,train
BigGAN\691_biggan_00076.jpg,1,BigGAN,train
BigGAN\518_biggan_00129.jpg,1,BigGAN,train
ADM\58_adm_178.jpg,1,ADM,train
Nature\n01773797_834.JPEG,0,Nature,train
ADM\87_adm_188.jpg,1,ADM,train
ADM\415_adm_7.jpg,1,ADM,train
ADM\665_adm_126.jpg,1,ADM,train
Nature\ILSVRC2012_val_00046069.JPEG,0,Nature,train
ADM\642_adm_75.jpg,1,ADM,train
Nature\ILSVRC2012_val_00013340.JPEG,0,Nature,train
Nature\n01944390_11408.JPEG,0,Nature,train
BigGAN\637_biggan_00105.jpg,1,BigGAN,train
ADM\241_adm_191.jpg,1,ADM,train
ADM\761_adm_22.jpg,1,ADM,train
Nature\n02279972_9326.JPEG,0,Nature,train
BigGAN\829_biggan_00044.jpg,1,BigGAN,train
stable_diffusion_v_1_5\778_sdv5_00009.jpg,1,stable_diffusion_v_1_5,train
Nature\n01773797_214.JPEG,0,Nature,train
BigGAN\729_biggan_00113.jpg,1,BigGAN,train
stable_diffusion_v_1_5\104_sdv5_00181.jpg,1,stable_diffusion_v_1_5,train
Nature\n01514668_1314.JPEG,0,Nature,train
BigGAN\441_biggan_00089.jpg,1,BigGAN,train
ADM\861_adm_144.jpg,1,ADM,train
Nature\n01829413_5835.JPEG,0,Nature,train
stable_diffusion_v_1_5\408_sdv5_00094.jpg,1,stable_diffusion_v_1_5,train
stable_diffusion_v_1_5\120_sdv5_00020.jpg,1,stable_diffusion_v_1_5,train
Nature\n01774750_3019.JPEG,0,Nature,train
BigGAN\668_biggan_00143.jpg,1,BigGAN,train
Nature\ILSVRC2012_val_00022313.JPEG,0,Nature,train
ADM\329_adm_90.jpg,1,ADM,train
BigGAN\292_biggan_00063.jpg,1,BigGAN,train
ADM\183_adm_7.jpg,1,ADM,train
stable_diffusion_v_1_5\517_sdv5_00173.jpg,1,stable_diffusion_v_1_5,train
Nature\n02268443_35568.JPEG,0,Nature,train
Nature\n01614925_5501.JPEG,0,Nature,train
ADM\524_adm_144.jpg,1,ADM,train
ADM\113_adm_91.jpg,1,ADM,train
ADM\451_adm_153.jpg,1,ADM,train
stable_diffusion_v_1_5\717_sdv5_00021.jpg,1,stable_diffusion_v_1_5,train
BigGAN\194_biggan_00005.jpg,1,BigGAN,train
stable_diffusion_v_1_5\214_sdv5_00140.jpg,1,stable_diffusion_v_1_5,train
BigGAN\809_biggan_00074.jpg,1,BigGAN,train
ADM\815_adm_91.jpg,1,ADM,train
stable_diffusion_v_1_5\050_sdv5_00063.jpg,1,stable_diffusion_v_1_5,train
Nature\n01664065_7062.JPEG,0,Nature,train
stable_diffusion_v_1_5\754_sdv5_00182.jpg,1,stable_diffusion_v_1_5,train
Nature\ILSVRC2012_val_00039026.JPEG,0,Nature,train
Nature\n01877812_7544.JPEG,0,Nature,train
ADM\729_adm_180.jpg,1,ADM,train
Nature\n02012849_6424.JPEG,0,Nature,train
ADM\258_adm_34.jpg,1,ADM,train
stable_diffusion_v_1_5\063_sdv5_00040.jpg,1,stable_diffusion_v_1_5,train
ADM\757_adm_88.jpg,1,ADM,train
ADM\112_adm_152.jpg,1,ADM,train
Nature\n01582220_9649.JPEG,0,Nature,train
stable_diffusion_v_1_5\480_sdv5_00169.jpg,1,stable_diffusion_v_1_5,train
BigGAN\594_biggan_00074.jpg,1,BigGAN,train
BigGAN\837_biggan_00172.jpg,1,BigGAN,train
ADM\357_adm_108.jpg,1,ADM,train
ADM\301_adm_188.jpg,1,ADM,train
Nature\n01729322_4216.JPEG,0,Nature,train
Nature\n01693334_8783.JPEG,0,Nature,train
ADM\937_adm_153.jpg,1,ADM,train
Nature\n01828970_9703.JPEG,0,Nature,train
Nature\n01755581_8063.JPEG,0,Nature,train
BigGAN\003_biggan_00035.jpg,1,BigGAN,train
stable_diffusion_v_1_5\967_sdv5_00140.jpg,1,stable_diffusion_v_1_5,train
Nature\n01773797_1098.JPEG,0,Nature,train
BigGAN\071_biggan_00046.jpg,1,BigGAN,train
BigGAN\495_biggan_00093.jpg,1,BigGAN,train
ADM\671_adm_22.jpg,1,ADM,train
Nature\ILSVRC2012_val_00009344.JPEG,0,Nature,train
BigGAN\799_biggan_00000.jpg,1,BigGAN,train
stable_diffusion_v_1_5\396_sdv5_00040.jpg,1,stable_diffusion_v_1_5,train
Nature\n01806143_13817.JPEG,0,Nature,train
BigGAN\718_biggan_00145.jpg,1,BigGAN,train
BigGAN\214_biggan_00081.jpg,1,BigGAN,train
Nature\n01514668_6950.JPEG,0,Nature,train
Nature\n01484850_2030.JPEG,0,Nature,train
ADM\708_adm_82.jpg,1,ADM,train
ADM\325_adm_156.jpg,1,ADM,train
stable_diffusion_v_1_5\319_sdv5_00096.jpg,1,stable_diffusion_v_1_5,train
ADM\726_adm_17.jpg,1,ADM,train
ADM\658_adm_146.jpg,1,ADM,train
Nature\n02028035_9755.JPEG,0,Nature,train
BigGAN\135_biggan_00074.jpg,1,BigGAN,train
Nature\n02012849_7443.JPEG,0,Nature,train
Nature\n02011460_3925.JPEG,0,Nature,train
Nature\n01773797_6089.JPEG,0,Nature,train
Nature\n01773797_3002.JPEG,0,Nature,train
BigGAN\364_biggan_00156.jpg,1,BigGAN,train
Nature\n02006656_9520.JPEG,0,Nature,train
ADM\428_adm_33.jpg,1,ADM,train
Nature\n01944390_11631.JPEG,0,Nature,train
ADM\375_adm_2.jpg,1,ADM,train
BigGAN\252_biggan_00013.jpg,1,BigGAN,train
ADM\457_adm_122.jpg,1,ADM,train
ADM\218_adm_185.jpg,1,ADM,train
Nature\ILSVRC2012_val_00025803.JPEG,0,Nature,train
ADM\204_adm_153.jpg,1,ADM,train
ADM\739_adm_85.jpg,1,ADM,train
BigGAN\749_biggan_00078.jpg,1,BigGAN,train
ADM\912_adm_82.jpg,1,ADM,train
stable_diffusion_v_1_5\118_sdv5_00195.jpg,1,stable_diffusion_v_1_5,train
stable_diffusion_v_1_5\332_sdv5_00083.jpg,1,stable_diffusion_v_1_5,train
Nature\n01514859_9320.JPEG,0,Nature,train
Nature\n01847000_9489.JPEG,0,Nature,train
stable_diffusion_v_1_5\279_sdv5_00156.jpg,1,stable_diffusion_v_1_5,train
stable_diffusion_v_1_5\291_sdv5_00027.jpg,1,stable_diffusion_v_1_5,train
Nature\ILSVRC2012_val_00043484.JPEG,0,Nature,train
Nature\ILSVRC2012_val_00049450.JPEG,0,Nature,train
BigGAN\428_biggan_00034.jpg,1,BigGAN,train
stable_diffusion_v_1_5\956_sdv5_00157.jpg,1,stable_diffusion_v_1_5,train
stable_diffusion_v_1_5\114_sdv5_00020.jpg,1,stable_diffusion_v_1_5,train
Nature\n01560419_9125.JPEG,0,Nature,train
stable_diffusion_v_1_5\918_sdv5_00058.jpg,1,stable_diffusion_v_1_5,train
BigGAN\061_biggan_00040.jpg,1,BigGAN,train
BigGAN\038_biggan_00006.jpg,1,BigGAN,train
Nature\n01820546_1915.JPEG,0,Nature,train
stable_diffusion_v_1_5\634_sdv5_00034.jpg,1,stable_diffusion_v_1_5,train
BigGAN\271_biggan_00157.jpg,1,BigGAN,train
BigGAN\282_biggan_00001.jpg,1,BigGAN,train
ADM\952_adm_86.jpg,1,ADM,train
BigGAN\925_biggan_00170.jpg,1,BigGAN,train
BigGAN\681_biggan_00124.jpg,1,BigGAN,train
stable_diffusion_v_1_5\262_sdv5_00148.jpg,1,stable_diffusion_v_1_5,train
stable_diffusion_v_1_5\152_sdv5_00009.jpg,1,stable_diffusion_v_1_5,train
Nature\n01614925_2044.JPEG,0,Nature,train
ADM\72_adm_152.jpg,1,ADM,train
Nature\n01693334_24248.JPEG,0,Nature,train
stable_diffusion_v_1_5\142_sdv5_00190.jpg,1,stable_diffusion_v_1_5,train
ADM\774_adm_53.jpg,1,ADM,train
ADM\679_adm_177.jpg,1,ADM,train
stable_diffusion_v_1_5\319_sdv5_00004.jpg,1,stable_diffusion_v_1_5,train
ADM\829_adm_153.jpg,1,ADM,train
stable_diffusion_v_1_5\286_sdv5_00140.jpg,1,stable_diffusion_v_1_5,train
ADM\319_adm_106.jpg,1,ADM,train
stable_diffusion_v_1_5\123_sdv5_00139.jpg,1,stable_diffusion_v_1_5,train
Nature\n02483708_2126.JPEG,0,Nature,train
ADM\409_adm_147.jpg,1,ADM,train
Nature\n01608432_1114.JPEG,0,Nature,train
stable_diffusion_v_1_5\797_sdv5_00130.jpg,1,stable_diffusion_v_1_5,train
ADM\182_adm_153.jpg,1,ADM,train
Nature\n01820546_3858.JPEG,0,Nature,train
Nature\n01537544_2994.JPEG,0,Nature,train
stable_diffusion_v_1_5\721_sdv5_00052.jpg,1,stable_diffusion_v_1_5,train
Nature\n01978455_9331.JPEG,0,Nature,train
BigGAN\935_biggan_00039.jpg,1,BigGAN,train
stable_diffusion_v_1_5\132_sdv5_00178.jpg,1,stable_diffusion_v_1_5,train
stable_diffusion_v_1_5\077_sdv5_00078.jpg,1,stable_diffusion_v_1_5,train
Nature\n01944390_12319.JPEG,0,Nature,train
ADM\523_adm_143.jpg,1,ADM,train
BigGAN\582_biggan_00167.jpg,1,BigGAN,train
BigGAN\540_biggan_00020.jpg,1,BigGAN,train
ADM\162_adm_104.jpg,1,ADM,train
BigGAN\921_biggan_00051.jpg,1,BigGAN,train
stable_diffusion_v_1_5\969_sdv5_00124.jpg,1,stable_diffusion_v_1_5,train
Nature\n01592084_6933.JPEG,0,Nature,train
stable_diffusion_v_1_5\377_sdv5_00061.jpg,1,stable_diffusion_v_1_5,train
ADM\745_adm_166.jpg,1,ADM,train
stable_diffusion_v_1_5\410_sdv5_00076.jpg,1,stable_diffusion_v_1_5,train
stable_diffusion_v_1_5\606_sdv5_00050.jpg,1,stable_diffusion_v_1_5,train
BigGAN\121_biggan_00185.jpg,1,BigGAN,train
Nature\n02342885_8321.JPEG,0,Nature,train
BigGAN\178_biggan_00011.jpg,1,BigGAN,train
Nature\ILSVRC2012_val_00030039.JPEG,0,Nature,train
Nature\n01855672_15310.JPEG,0,Nature,train
ADM\546_adm_139.jpg,1,ADM,train
BigGAN\816_biggan_00115.jpg,1,BigGAN,train
Nature\ILSVRC2012_val_00038356.JPEG,0,Nature,train
BigGAN\613_biggan_00166.jpg,1,BigGAN,train
stable_diffusion_v_1_5\364_sdv5_00062.jpg,1,stable_diffusion_v_1_5,train
BigGAN\300_biggan_00190.jpg,1,BigGAN,train
ADM\132_adm_189.jpg,1,ADM,train
Nature\n01531178_15381.JPEG,0,Nature,train
Nature\n01955084_6754.JPEG,0,Nature,train
Nature\n01910747_1936.JPEG,0,Nature,train
Nature\n01514859_487.JPEG,0,Nature,train
stable_diffusion_v_1_5\327_sdv5_00182.jpg,1,stable_diffusion_v_1_5,train
BigGAN\413_biggan_00110.jpg,1,BigGAN,train
BigGAN\755_biggan_00039.jpg,1,BigGAN,train
stable_diffusion_v_1_5\341_sdv5_00014.jpg,1,stable_diffusion_v_1_5,train
Nature\n01986214_10469.JPEG,0,Nature,train
Nature\n01560419_6258.JPEG,0,Nature,train
Nature\n02011460_7293.JPEG,0,Nature,train
BigGAN\734_biggan_00129.jpg,1,BigGAN,train
BigGAN\425_biggan_00002.jpg,1,BigGAN,train
stable_diffusion_v_1_5\968_sdv5_00027.jpg,1,stable_diffusion_v_1_5,train
Nature\ILSVRC2012_val_00020294.JPEG,0,Nature,train
stable_diffusion_v_1_5\058_sdv5_00159.jpg,1,stable_diffusion_v_1_5,train
Nature\n01514668_22588.JPEG,0,Nature,train
Nature\n02013706_814.JPEG,0,Nature,train
ADM\450_adm_120.jpg,1,ADM,train
BigGAN\714_biggan_00039.jpg,1,BigGAN,train
Nature\ILSVRC2012_val_00027478.JPEG,0,Nature,train
BigGAN\462_biggan_00057.jpg,1,BigGAN,train
stable_diffusion_v_1_5\340_sdv5_00057.jpg,1,stable_diffusion_v_1_5,train
BigGAN\936_biggan_00095.jpg,1,BigGAN,train
stable_diffusion_v_1_5\945_sdv5_00033.jpg,1,stable_diffusion_v_1_5,train
BigGAN\222_biggan_00153.jpg,1,BigGAN,train
ADM\740_adm_153.jpg,1,ADM,train
BigGAN\241_biggan_00127.jpg,1,BigGAN,train
stable_diffusion_v_1_5\688_sdv5_00042.jpg,1,stable_diffusion_v_1_5,train
stable_diffusion_v_1_5\874_sdv5_00178.jpg,1,stable_diffusion_v_1_5,train
stable_diffusion_v_1_5\979_sdv5_00009.jpg,1,stable_diffusion_v_1_5,train
BigGAN\132_biggan_00091.jpg,1,BigGAN,train
stable_diffusion_v_1_5\536_sdv5_00110.jpg,1,stable_diffusion_v_1_5,train
ADM\103_adm_187.jpg,1,ADM,train
stable_diffusion_v_1_5\338_sdv5_00003.jpg,1,stable_diffusion_v_1_5,train
ADM\614_adm_34.jpg,1,ADM,train
Nature\n02793495_19067.JPEG,0,Nature,train
Nature\n01614925_9638.JPEG,0,Nature,train
BigGAN\929_biggan_00143.jpg,1,BigGAN,train
Nature\n01819313_5702.JPEG,0,Nature,train
Nature\n01806143_2129.JPEG,0,Nature,train
Nature\n01614925_6353.JPEG,0,Nature,train
BigGAN\115_biggan_00145.jpg,1,BigGAN,train
ADM\584_adm_10.jpg,1,ADM,train
ADM\237_adm_91.jpg,1,ADM,train
ADM\429_adm_153.jpg,1,ADM,train
BigGAN\360_biggan_00180.jpg,1,BigGAN,train
ADM\27_adm_153.jpg,1,ADM,train
Nature\n01773797_1904.JPEG,0,Nature,train
Nature\ILSVRC2012_val_00012684.JPEG,0,Nature,train
stable_diffusion_v_1_5\111_sdv5_00178.jpg,1,stable_diffusion_v_1_5,train
ADM\545_adm_91.jpg,1,ADM,train
BigGAN\741_biggan_00039.jpg,1,BigGAN,train
Nature\n01950731_12564.JPEG,0,Nature,train
ADM\524_adm_91.jpg,1,ADM,train
BigGAN\207_biggan_00169.jpg,1,BigGAN,train
BigGAN\982_biggan_00050.jpg,1,BigGAN,train
ADM\613_adm_188.jpg,1,ADM,train
ADM\18_adm_153.jpg,1,ADM,train
stable_diffusion_v_1_5\522_sdv5_00089.jpg,1,stable_diffusion_v_1_5,train
Nature\n01514668_19607.JPEG,0,Nature,train
ADM\538_adm_56.jpg,1,ADM,train
Nature\n01820546_2285.JPEG,0,Nature,train
Nature\ILSVRC2012_val_00007390.JPEG,0,Nature,train
Nature\n01695060_2312.JPEG,0,Nature,train
stable_diffusion_v_1_5\052_sdv5_00073.jpg,1,stable_diffusion_v_1_5,train
stable_diffusion_v_1_5\355_sdv5_00096.jpg,1,stable_diffusion_v_1_5,train
BigGAN\566_biggan_00189.jpg,1,BigGAN,train
stable_diffusion_v_1_5\442_sdv5_00198.jpg,1,stable_diffusion_v_1_5,train
stable_diffusion_v_1_5\607_sdv5_00191.jpg,1,stable_diffusion_v_1_5,train
Nature\n01955084_11968.JPEG,0,Nature,train
ADM\598_adm_182.jpg,1,ADM,train
BigGAN\474_biggan_00000.jpg,1,BigGAN,train
stable_diffusion_v_1_5\341_sdv5_00081.jpg,1,stable_diffusion_v_1_5,train
BigGAN\908_biggan_00021.jpg,1,BigGAN,train
BigGAN\808_biggan_00177.jpg,1,BigGAN,train
BigGAN\510_biggan_00103.jpg,1,BigGAN,train
stable_diffusion_v_1_5\307_sdv5_00044.jpg,1,stable_diffusion_v_1_5,train
ADM\335_adm_44.jpg,1,ADM,train
Nature\ILSVRC2012_val_00041465.JPEG,0,Nature,train
stable_diffusion_v_1_5\123_sdv5_00024.jpg,1,stable_diffusion_v_1_5,train
stable_diffusion_v_1_5\882_sdv5_00045.jpg,1,stable_diffusion_v_1_5,train
Nature\ILSVRC2012_val_00031443.JPEG,0,Nature,train
stable_diffusion_v_1_5\456_sdv5_00007.jpg,1,stable_diffusion_v_1_5,train
BigGAN\129_biggan_00002.jpg,1,BigGAN,train
Nature\n02051845_9057.JPEG,0,Nature,train
BigGAN\075_biggan_00184.jpg,1,BigGAN,train
Nature\n01531178_16716.JPEG,0,Nature,train
Nature\n01537544_9556.JPEG,0,Nature,train
BigGAN\176_biggan_00081.jpg,1,BigGAN,train
Nature\n01776313_27588.JPEG,0,Nature,train
ADM\641_adm_85.jpg,1,ADM,train
BigGAN\741_biggan_00150.jpg,1,BigGAN,train
ADM\868_adm_34.jpg,1,ADM,train
ADM\695_adm_71.jpg,1,ADM,train
BigGAN\957_biggan_00022.jpg,1,BigGAN,train
ADM\360_adm_155.jpg,1,ADM,train
stable_diffusion_v_1_5\708_sdv5_00039.jpg,1,stable_diffusion_v_1_5,train
Nature\n02037110_2844.JPEG,0,Nature,train
BigGAN\651_biggan_00167.jpg,1,BigGAN,train
stable_diffusion_v_1_5\085_sdv5_00121.jpg,1,stable_diffusion_v_1_5,train
BigGAN\083_biggan_00122.jpg,1,BigGAN,train
stable_diffusion_v_1_5\352_sdv5_00127.jpg,1,stable_diffusion_v_1_5,train
Nature\n01608432_2041.JPEG,0,Nature,train
BigGAN\624_biggan_00049.jpg,1,BigGAN,train
ADM\653_adm_106.jpg,1,ADM,train
Nature\n01950731_5149.JPEG,0,Nature,train
BigGAN\255_biggan_00067.jpg,1,BigGAN,train
ADM\515_adm_152.jpg,1,ADM,train
Nature\n01806143_308.JPEG,0,Nature,train
stable_diffusion_v_1_5\388_sdv5_00189.jpg,1,stable_diffusion_v_1_5,train
ADM\110_adm_100.jpg,1,ADM,train
stable_diffusion_v_1_5\869_sdv5_00150.jpg,1,stable_diffusion_v_1_5,train
Nature\n01818515_4548.JPEG,0,Nature,train
Nature\ILSVRC2012_val_00029243.JPEG,0,Nature,train
stable_diffusion_v_1_5\526_sdv5_00008.jpg,1,stable_diffusion_v_1_5,train
ADM\678_adm_91.jpg,1,ADM,train
ADM\43_adm_53.jpg,1,ADM,train
ADM\923_adm_174.jpg,1,ADM,train
BigGAN\603_biggan_00163.jpg,1,BigGAN,train
ADM\367_adm_98.jpg,1,ADM,train
BigGAN\626_biggan_00179.jpg,1,BigGAN,train
stable_diffusion_v_1_5\219_sdv5_00103.jpg,1,stable_diffusion_v_1_5,train
BigGAN\160_biggan_00022.jpg,1,BigGAN,train
BigGAN\886_biggan_00127.jpg,1,BigGAN,train
Nature\n01601694_11759.JPEG,0,Nature,train
BigGAN\061_biggan_00082.jpg,1,BigGAN,train
Nature\n01773797_2760.JPEG,0,Nature,train
Nature\n02112350_3558.JPEG,0,Nature,train
stable_diffusion_v_1_5\246_sdv5_00195.jpg,1,stable_diffusion_v_1_5,train
Nature\n01735189_1924.JPEG,0,Nature,train
ADM\752_adm_79.jpg,1,ADM,train
stable_diffusion_v_1_5\959_sdv5_00108.jpg,1,stable_diffusion_v_1_5,train
stable_diffusion_v_1_5\851_sdv5_00135.jpg,1,stable_diffusion_v_1_5,train
ADM\447_adm_56.jpg,1,ADM,train
ADM\861_adm_7.jpg,1,ADM,train
stable_diffusion_v_1_5\044_sdv5_00027.jpg,1,stable_diffusion_v_1_5,train
Nature\n01860187_3214.JPEG,0,Nature,train
Nature\n01622779_1847.JPEG,0,Nature,train
Nature\ILSVRC2012_val_00005865.JPEG,0,Nature,train
Nature\n04141076_35094.JPEG,0,Nature,train
stable_diffusion_v_1_5\922_sdv5_00155.jpg,1,stable_diffusion_v_1_5,train
BigGAN\192_biggan_00089.jpg,1,BigGAN,train
BigGAN\857_biggan_00134.jpg,1,BigGAN,train
ADM\95_adm_59.jpg,1,ADM,train
stable_diffusion_v_1_5\917_sdv5_00067.jpg,1,stable_diffusion_v_1_5,train
stable_diffusion_v_1_5\898_sdv5_00100.jpg,1,stable_diffusion_v_1_5,train
stable_diffusion_v_1_5\192_sdv5_00014.jpg,1,stable_diffusion_v_1_5,train
Nature\n01773797_4087.JPEG,0,Nature,train
Nature\n01622779_2259.JPEG,0,Nature,train
Nature\n01755581_11031.JPEG,0,Nature,train
BigGAN\052_biggan_00076.jpg,1,BigGAN,train
Nature\n01855672_11779.JPEG,0,Nature,train
BigGAN\265_biggan_00074.jpg,1,BigGAN,train
stable_diffusion_v_1_5\801_sdv5_00195.jpg,1,stable_diffusion_v_1_5,train
BigGAN\341_biggan_00105.jpg,1,BigGAN,train
BigGAN\157_biggan_00091.jpg,1,BigGAN,train
Nature\n01687978_13761.JPEG,0,Nature,train
ADM\122_adm_7.jpg,1,ADM,train
Nature\ILSVRC2012_val_00004345.JPEG,0,Nature,train
stable_diffusion_v_1_5\615_sdv5_00172.jpg,1,stable_diffusion_v_1_5,train
Nature\n01775062_3182.JPEG,0,Nature,train
stable_diffusion_v_1_5\663_sdv5_00171.jpg,1,stable_diffusion_v_1_5,train
BigGAN\979_biggan_00036.jpg,1,BigGAN,train
ADM\128_adm_109.jpg,1,ADM,train
stable_diffusion_v_1_5\062_sdv5_00076.jpg,1,stable_diffusion_v_1_5,train
Nature\n01843383_3365.JPEG,0,Nature,train
BigGAN\093_biggan_00037.jpg,1,BigGAN,train
stable_diffusion_v_1_5\860_sdv5_00040.jpg,1,stable_diffusion_v_1_5,train
stable_diffusion_v_1_5\718_sdv5_00028.jpg,1,stable_diffusion_v_1_5,train
BigGAN\927_biggan_00155.jpg,1,BigGAN,train
ADM\937_adm_49.jpg,1,ADM,train
Nature\n01833805_6713.JPEG,0,Nature,train
stable_diffusion_v_1_5\437_sdv5_00012.jpg,1,stable_diffusion_v_1_5,train
ADM\777_adm_153.jpg,1,ADM,train
stable_diffusion_v_1_5\293_sdv5_00110.jpg,1,stable_diffusion_v_1_5,train
BigGAN\725_biggan_00180.jpg,1,BigGAN,train
ADM\100_adm_127.jpg,1,ADM,train
stable_diffusion_v_1_5\095_sdv5_00077.jpg,1,stable_diffusion_v_1_5,train
BigGAN\107_biggan_00020.jpg,1,BigGAN,train
BigGAN\278_biggan_00167.jpg,1,BigGAN,train
Nature\n01756291_13003.JPEG,0,Nature,train
ADM\988_adm_10.jpg,1,ADM,train
ADM\564_adm_80.jpg,1,ADM,train
stable_diffusion_v_1_5\152_sdv5_00037.jpg,1,stable_diffusion_v_1_5,train
stable_diffusion_v_1_5\154_sdv5_00105.jpg,1,stable_diffusion_v_1_5,train
Nature\n02058221_13924.JPEG,0,Nature,train
BigGAN\444_biggan_00032.jpg,1,BigGAN,train
ADM\930_adm_174.jpg,1,ADM,train
stable_diffusion_v_1_5\829_sdv5_00107.jpg,1,stable_diffusion_v_1_5,train
ADM\886_adm_186.jpg,1,ADM,train
BigGAN\792_biggan_00184.jpg,1,BigGAN,train
ADM\515_adm_127.jpg,1,ADM,train
Nature\n01484850_2203.JPEG,0,Nature,train
ADM\21_adm_100.jpg,1,ADM,train
Nature\n01582220_4912.JPEG,0,Nature,train
BigGAN\295_biggan_00040.jpg,1,BigGAN,train
stable_diffusion_v_1_5\612_sdv5_00188.jpg,1,stable_diffusion_v_1_5,train
BigGAN\211_biggan_00114.jpg,1,BigGAN,train
Nature\n01664065_1232.JPEG,0,Nature,train
Nature\n01824575_2679.JPEG,0,Nature,train
BigGAN\282_biggan_00035.jpg,1,BigGAN,train
BigGAN\754_biggan_00115.jpg,1,BigGAN,train
Nature\n02018207_265.JPEG,0,Nature,train
Nature\n03000134_4093.JPEG,0,Nature,train
Nature\n01537544_7960.JPEG,0,Nature,train
ADM\986_adm_18.jpg,1,ADM,train
BigGAN\140_biggan_00190.jpg,1,BigGAN,train
Nature\n02011460_1622.JPEG,0,Nature,train
Nature\n02007558_3011.JPEG,0,Nature,train
ADM\888_adm_78.jpg,1,ADM,train
stable_diffusion_v_1_5\669_sdv5_00039.jpg,1,stable_diffusion_v_1_5,train
ADM\848_adm_60.jpg,1,ADM,train
Nature\n01773549_4504.JPEG,0,Nature,train
stable_diffusion_v_1_5\526_sdv5_00182.jpg,1,stable_diffusion_v_1_5,train
BigGAN\365_biggan_00060.jpg,1,BigGAN,train
stable_diffusion_v_1_5\354_sdv5_00058.jpg,1,stable_diffusion_v_1_5,train
Nature\ILSVRC2012_val_00000470.JPEG,0,Nature,train
Nature\n01819313_4677.JPEG,0,Nature,train
BigGAN\612_biggan_00093.jpg,1,BigGAN,train
stable_diffusion_v_1_5\651_sdv5_00139.jpg,1,stable_diffusion_v_1_5,train
stable_diffusion_v_1_5\110_sdv5_00143.jpg,1,stable_diffusion_v_1_5,train
ADM\931_adm_62.jpg,1,ADM,train
BigGAN\690_biggan_00175.jpg,1,BigGAN,train
stable_diffusion_v_1_5\697_sdv5_00191.jpg,1,stable_diffusion_v_1_5,train
ADM\999_adm_190.jpg,1,ADM,train
stable_diffusion_v_1_5\757_sdv5_00060.jpg,1,stable_diffusion_v_1_5,train
stable_diffusion_v_1_5\090_sdv5_00064.jpg,1,stable_diffusion_v_1_5,train
BigGAN\312_biggan_00149.jpg,1,BigGAN,train
stable_diffusion_v_1_5\102_sdv5_00005.jpg,1,stable_diffusion_v_1_5,train
BigGAN\165_biggan_00142.jpg,1,BigGAN,train
Nature\n01774384_14041.JPEG,0,Nature,train
ADM\380_adm_191.jpg,1,ADM,train
BigGAN\341_biggan_00127.jpg,1,BigGAN,train
Nature\n01828970_1988.JPEG,0,Nature,train
Nature\ILSVRC2012_val_00038324.JPEG,0,Nature,train
Nature\n01592084_4955.JPEG,0,Nature,train
Nature\n01775062_945.JPEG,0,Nature,train
stable_diffusion_v_1_5\477_sdv5_00003.jpg,1,stable_diffusion_v_1_5,train
stable_diffusion_v_1_5\407_sdv5_00007.jpg,1,stable_diffusion_v_1_5,train
BigGAN\353_biggan_00167.jpg,1,BigGAN,train
Nature\n01820546_5877.JPEG,0,Nature,train
ADM\311_adm_41.jpg,1,ADM,train
Nature\n02165456_11692.JPEG,0,Nature,train
ADM\228_adm_189.jpg,1,ADM,train
BigGAN\342_biggan_00189.jpg,1,BigGAN,train
ADM\385_adm_176.jpg,1,ADM,train
BigGAN\412_biggan_00075.jpg,1,BigGAN,train
stable_diffusion_v_1_5\066_sdv5_00017.jpg,1,stable_diffusion_v_1_5,train
BigGAN\242_biggan_00074.jpg,1,BigGAN,train
stable_diffusion_v_1_5\740_sdv5_00073.jpg,1,stable_diffusion_v_1_5,train
BigGAN\106_biggan_00177.jpg,1,BigGAN,train
stable_diffusion_v_1_5\586_sdv5_00001.jpg,1,stable_diffusion_v_1_5,train
ADM\681_adm_138.jpg,1,ADM,train
stable_diffusion_v_1_5\770_sdv5_00075.jpg,1,stable_diffusion_v_1_5,train
ADM\882_adm_163.jpg,1,ADM,train
stable_diffusion_v_1_5\586_sdv5_00083.jpg,1,stable_diffusion_v_1_5,train
Nature\ILSVRC2012_val_00022901.JPEG,0,Nature,train
stable_diffusion_v_1_5\036_sdv5_00003.jpg,1,stable_diffusion_v_1_5,train
Nature\n02013706_5417.JPEG,0,Nature,train
Nature\n01843383_9173.JPEG,0,Nature,train
stable_diffusion_v_1_5\234_sdv5_00048.jpg,1,stable_diffusion_v_1_5,train
ADM\960_adm_141.jpg,1,ADM,train
Nature\n01770393_3431.JPEG,0,Nature,train
stable_diffusion_v_1_5\887_sdv5_00034.jpg,1,stable_diffusion_v_1_5,train
BigGAN\542_biggan_00008.jpg,1,BigGAN,train
stable_diffusion_v_1_5\760_sdv5_00189.jpg,1,stable_diffusion_v_1_5,train
ADM\70_adm_59.jpg,1,ADM,train
stable_diffusion_v_1_5\244_sdv5_00081.jpg,1,stable_diffusion_v_1_5,train
ADM\505_adm_147.jpg,1,ADM,train
BigGAN\811_biggan_00059.jpg,1,BigGAN,train
BigGAN\416_biggan_00146.jpg,1,BigGAN,train
Nature\n01514668_14452.JPEG,0,Nature,train
Nature\n01773797_6674.JPEG,0,Nature,train
Nature\ILSVRC2012_val_00036344.JPEG,0,Nature,train
Nature\ILSVRC2012_val_00028491.JPEG,0,Nature,train
ADM\894_adm_187.jpg,1,ADM,train
ADM\629_adm_75.jpg,1,ADM,train
BigGAN\258_biggan_00109.jpg,1,BigGAN,train
BigGAN\878_biggan_00102.jpg,1,BigGAN,train
stable_diffusion_v_1_5\367_sdv5_00160.jpg,1,stable_diffusion_v_1_5,train
BigGAN\724_biggan_00189.jpg,1,BigGAN,train
Nature\n01773797_3923.JPEG,0,Nature,train
ADM\860_adm_85.jpg,1,ADM,train
Nature\n01592084_3853.JPEG,0,Nature,train
BigGAN\222_biggan_00035.jpg,1,BigGAN,train
Nature\n01532829_4090.JPEG,0,Nature,train
stable_diffusion_v_1_5\817_sdv5_00122.jpg,1,stable_diffusion_v_1_5,train
BigGAN\867_biggan_00052.jpg,1,BigGAN,train
Nature\ILSVRC2012_val_00010035.JPEG,0,Nature,train
ADM\947_adm_25.jpg,1,ADM,train
Nature\n01734418_15195.JPEG,0,Nature,train
ADM\260_adm_174.jpg,1,ADM,train
Nature\n01514668_4485.JPEG,0,Nature,train
ADM\395_adm_189.jpg,1,ADM,train
Nature\ILSVRC2012_val_00011414.JPEG,0,Nature,train
BigGAN\231_biggan_00190.jpg,1,BigGAN,train
BigGAN\038_biggan_00081.jpg,1,BigGAN,train
ADM\537_adm_110.jpg,1,ADM,train
ADM\637_adm_91.jpg,1,ADM,train
BigGAN\040_biggan_00039.jpg,1,BigGAN,train
BigGAN\304_biggan_00146.jpg,1,BigGAN,train
stable_diffusion_v_1_5\738_sdv5_00143.jpg,1,stable_diffusion_v_1_5,train
ADM\614_adm_153.jpg,1,ADM,train
Nature\n01833805_4499.JPEG,0,Nature,train
Nature\n01531178_504.JPEG,0,Nature,train
BigGAN\077_biggan_00083.jpg,1,BigGAN,train
Nature\n01560419_2491.JPEG,0,Nature,train
Nature\n01630670_5187.JPEG,0,Nature,train
Nature\n01943899_31390.JPEG,0,Nature,train
Nature\n02058221_6223.JPEG,0,Nature,train
Nature\n02397096_6462.JPEG,0,Nature,train
Nature\ILSVRC2012_val_00003320.JPEG,0,Nature,train
BigGAN\285_biggan_00175.jpg,1,BigGAN,train
stable_diffusion_v_1_5\945_sdv5_00130.jpg,1,stable_diffusion_v_1_5,train
ADM\276_adm_164.jpg,1,ADM,train
ADM\236_adm_82.jpg,1,ADM,train
Nature\n01514859_10188.JPEG,0,Nature,train
ADM\37_adm_56.jpg,1,ADM,train
stable_diffusion_v_1_5\641_sdv5_00131.jpg,1,stable_diffusion_v_1_5,train
BigGAN\005_biggan_00086.jpg,1,BigGAN,train
Nature\n02206856_6844.JPEG,0,Nature,train
BigGAN\300_biggan_00048.jpg,1,BigGAN,train
Nature\n01729977_2786.JPEG,0,Nature,train
ADM\412_adm_82.jpg,1,ADM,train
Nature\n02012849_12360.JPEG,0,Nature,train
ADM\841_adm_5.jpg,1,ADM,train
ADM\131_adm_11.jpg,1,ADM,train
ADM\790_adm_126.jpg,1,ADM,train
stable_diffusion_v_1_5\603_sdv5_00173.jpg,1,stable_diffusion_v_1_5,train
stable_diffusion_v_1_5\260_sdv5_00156.jpg,1,stable_diffusion_v_1_5,train
stable_diffusion_v_1_5\692_sdv5_00108.jpg,1,stable_diffusion_v_1_5,train
BigGAN\449_biggan_00143.jpg,1,BigGAN,train
ADM\132_adm_43.jpg,1,ADM,train
ADM\872_adm_74.jpg,1,ADM,train
Nature\n01443537_9836.JPEG,0,Nature,train
ADM\341_adm_161.jpg,1,ADM,train
Nature\n01514668_17540.JPEG,0,Nature,train
BigGAN\333_biggan_00074.jpg,1,BigGAN,train
BigGAN\795_biggan_00072.jpg,1,BigGAN,train
stable_diffusion_v_1_5\462_sdv5_00056.jpg,1,stable_diffusion_v_1_5,train
ADM\620_adm_34.jpg,1,ADM,train
Nature\ILSVRC2012_val_00043794.JPEG,0,Nature,train
stable_diffusion_v_1_5\634_sdv5_00000.jpg,1,stable_diffusion_v_1_5,train
BigGAN\928_biggan_00034.jpg,1,BigGAN,train
BigGAN\309_biggan_00021.jpg,1,BigGAN,train
stable_diffusion_v_1_5\445_sdv5_00049.jpg,1,stable_diffusion_v_1_5,train
Nature\n01531178_2100.JPEG,0,Nature,train
stable_diffusion_v_1_5\924_sdv5_00026.jpg,1,stable_diffusion_v_1_5,train
ADM\659_adm_31.jpg,1,ADM,train
ADM\758_adm_34.jpg,1,ADM,train
Nature\n04081281_57987.JPEG,0,Nature,train
Nature\n02007558_4120.JPEG,0,Nature,train
Nature\n01773797_3712.JPEG,0,Nature,train
Nature\n01742172_20406.JPEG,0,Nature,train
BigGAN\213_biggan_00057.jpg,1,BigGAN,train
Nature\n01774750_10750.JPEG,0,Nature,train
stable_diffusion_v_1_5\150_sdv5_00160.jpg,1,stable_diffusion_v_1_5,train
Nature\n03930313_11836.JPEG,0,Nature,train
ADM\56_adm_63.jpg,1,ADM,train
Nature\ILSVRC2012_val_00000735.JPEG,0,Nature,train
BigGAN\389_biggan_00030.jpg,1,BigGAN,train
ADM\380_adm_7.jpg,1,ADM,train
BigGAN\316_biggan_00022.jpg,1,BigGAN,train
Nature\n01775062_465.JPEG,0,Nature,train
BigGAN\006_biggan_00039.jpg,1,BigGAN,train
Nature\n01847000_4776.JPEG,0,Nature,train
Nature\n01514859_700.JPEG,0,Nature,train
BigGAN\061_biggan_00117.jpg,1,BigGAN,train
Nature\n01985128_26546.JPEG,0,Nature,train
stable_diffusion_v_1_5\491_sdv5_00179.jpg,1,stable_diffusion_v_1_5,train
Nature\n01820546_6469.JPEG,0,Nature,train
Nature\n01950731_13713.JPEG,0,Nature,train
stable_diffusion_v_1_5\003_sdv5_00084.jpg,1,stable_diffusion_v_1_5,train
stable_diffusion_v_1_5\488_sdv5_00096.jpg,1,stable_diffusion_v_1_5,train
stable_diffusion_v_1_5\096_sdv5_00066.jpg,1,stable_diffusion_v_1_5,train
Nature\n01828970_8837.JPEG,0,Nature,train
ADM\194_adm_91.jpg,1,ADM,train
BigGAN\321_biggan_00181.jpg,1,BigGAN,train
stable_diffusion_v_1_5\737_sdv5_00150.jpg,1,stable_diffusion_v_1_5,train
stable_diffusion_v_1_5\155_sdv5_00030.jpg,1,stable_diffusion_v_1_5,train
Nature\n01855672_2356.JPEG,0,Nature,train
ADM\356_adm_93.jpg,1,ADM,train
stable_diffusion_v_1_5\299_sdv5_00000.jpg,1,stable_diffusion_v_1_5,train
BigGAN\762_biggan_00008.jpg,1,BigGAN,train
stable_diffusion_v_1_5\097_sdv5_00039.jpg,1,stable_diffusion_v_1_5,train
stable_diffusion_v_1_5\359_sdv5_00121.jpg,1,stable_diffusion_v_1_5,train
Nature\n02012849_13382.JPEG,0,Nature,train
Nature\n01614925_11396.JPEG,0,Nature,train
stable_diffusion_v_1_5\158_sdv5_00045.jpg,1,stable_diffusion_v_1_5,train
Nature\n02006656_474.JPEG,0,Nature,train
ADM\29_adm_2.jpg,1,ADM,train
BigGAN\301_biggan_00039.jpg,1,BigGAN,train
BigGAN\599_biggan_00101.jpg,1,BigGAN,train
Nature\n01924916_8972.JPEG,0,Nature,train
Nature\n02012849_8101.JPEG,0,Nature,train
BigGAN\311_biggan_00039.jpg,1,BigGAN,train
stable_diffusion_v_1_5\025_sdv5_00064.jpg,1,stable_diffusion_v_1_5,train
ADM\858_adm_153.jpg,1,ADM,train
stable_diffusion_v_1_5\794_sdv5_00031.jpg,1,stable_diffusion_v_1_5,train
stable_diffusion_v_1_5\912_sdv5_00064.jpg,1,stable_diffusion_v_1_5,train
BigGAN\467_biggan_00060.jpg,1,BigGAN,train
BigGAN\987_biggan_00020.jpg,1,BigGAN,train
Nature\n01622779_4898.JPEG,0,Nature,train
BigGAN\764_biggan_00066.jpg,1,BigGAN,train
Nature\n01685808_5932.JPEG,0,Nature,train
ADM\108_adm_153.jpg,1,ADM,train
BigGAN\182_biggan_00127.jpg,1,BigGAN,train
BigGAN\723_biggan_00002.jpg,1,BigGAN,train
stable_diffusion_v_1_5\642_sdv5_00057.jpg,1,stable_diffusion_v_1_5,train
BigGAN\935_biggan_00170.jpg,1,BigGAN,train
Nature\n01531178_17669.JPEG,0,Nature,train
Nature\n01770081_17333.JPEG,0,Nature,train
Nature\n01820546_2616.JPEG,0,Nature,train
ADM\118_adm_137.jpg,1,ADM,train
BigGAN\364_biggan_00120.jpg,1,BigGAN,train
BigGAN\145_biggan_00127.jpg,1,BigGAN,train
ADM\247_adm_153.jpg,1,ADM,train
BigGAN\205_biggan_00043.jpg,1,BigGAN,train
Nature\n01774384_15358.JPEG,0,Nature,train
stable_diffusion_v_1_5\645_sdv5_00122.jpg,1,stable_diffusion_v_1_5,train
Nature\n01632458_5230.JPEG,0,Nature,train
Nature\n01592084_2847.JPEG,0,Nature,train
Nature\n01582220_10652.JPEG,0,Nature,train
stable_diffusion_v_1_5\626_sdv5_00085.jpg,1,stable_diffusion_v_1_5,train
Nature\n01537544_3412.JPEG,0,Nature,train
Nature\ILSVRC2012_val_00036879.JPEG,0,Nature,train
stable_diffusion_v_1_5\901_sdv5_00086.jpg,1,stable_diffusion_v_1_5,train
stable_diffusion_v_1_5\296_sdv5_00189.jpg,1,stable_diffusion_v_1_5,train
Nature\n01818515_11040.JPEG,0,Nature,train
Nature\n01687978_3219.JPEG,0,Nature,train
stable_diffusion_v_1_5\887_sdv5_00144.jpg,1,stable_diffusion_v_1_5,train
ADM\286_adm_85.jpg,1,ADM,train
ADM\72_adm_174.jpg,1,ADM,train
BigGAN\807_biggan_00023.jpg,1,BigGAN,train
Nature\n01514668_21375.JPEG,0,Nature,train
Nature\n01930112_14248.JPEG,0,Nature,train
stable_diffusion_v_1_5\098_sdv5_00150.jpg,1,stable_diffusion_v_1_5,train
ADM\488_adm_109.jpg,1,ADM,train
Nature\n01756291_360.JPEG,0,Nature,train
Nature\n01770081_14463.JPEG,0,Nature,train
stable_diffusion_v_1_5\647_sdv5_00085.jpg,1,stable_diffusion_v_1_5,train
Nature\n02011460_5899.JPEG,0,Nature,train
ADM\33_adm_53.jpg,1,ADM,train
Nature\n01622779_3499.JPEG,0,Nature,train
ADM\357_adm_171.jpg,1,ADM,train
stable_diffusion_v_1_5\296_sdv5_00009.jpg,1,stable_diffusion_v_1_5,train
Nature\n01592084_5666.JPEG,0,Nature,train
ADM\70_adm_176.jpg,1,ADM,train
ADM\773_adm_21.jpg,1,ADM,train
Nature\n02480855_20966.JPEG,0,Nature,train
stable_diffusion_v_1_5\921_sdv5_00036.jpg,1,stable_diffusion_v_1_5,train
stable_diffusion_v_1_5\720_sdv5_00159.jpg,1,stable_diffusion_v_1_5,train
BigGAN\968_biggan_00141.jpg,1,BigGAN,train
stable_diffusion_v_1_5\818_sdv5_00100.jpg,1,stable_diffusion_v_1_5,train
stable_diffusion_v_1_5\849_sdv5_00009.jpg,1,stable_diffusion_v_1_5,train
BigGAN\201_biggan_00127.jpg,1,BigGAN,train
ADM\319_adm_155.jpg,1,ADM,train
stable_diffusion_v_1_5\742_sdv5_00159.jpg,1,stable_diffusion_v_1_5,train
stable_diffusion_v_1_5\640_sdv5_00155.jpg,1,stable_diffusion_v_1_5,train
Nature\n01776313_20671.JPEG,0,Nature,train
ADM\127_adm_90.jpg,1,ADM,train
BigGAN\031_biggan_00049.jpg,1,BigGAN,train
Nature\n01749939_4184.JPEG,0,Nature,train
Nature\n01795545_6296.JPEG,0,Nature,train
Nature\n01582220_4420.JPEG,0,Nature,train
BigGAN\697_biggan_00143.jpg,1,BigGAN,train
BigGAN\550_biggan_00002.jpg,1,BigGAN,train
Nature\n01770081_7563.JPEG,0,Nature,train
ADM\586_adm_174.jpg,1,ADM,train
Nature\n01806143_12230.JPEG,0,Nature,train
BigGAN\505_biggan_00173.jpg,1,BigGAN,train
Nature\ILSVRC2012_val_00045837.JPEG,0,Nature,train
BigGAN\491_biggan_00004.jpg,1,BigGAN,train
ADM\218_adm_91.jpg,1,ADM,train
BigGAN\612_biggan_00155.jpg,1,BigGAN,train
Nature\n01776313_31392.JPEG,0,Nature,train
BigGAN\108_biggan_00074.jpg,1,BigGAN,train
BigGAN\430_biggan_00148.jpg,1,BigGAN,train
stable_diffusion_v_1_5\836_sdv5_00195.jpg,1,stable_diffusion_v_1_5,train
stable_diffusion_v_1_5\553_sdv5_00196.jpg,1,stable_diffusion_v_1_5,train
stable_diffusion_v_1_5\894_sdv5_00020.jpg,1,stable_diffusion_v_1_5,train
stable_diffusion_v_1_5\025_sdv5_00075.jpg,1,stable_diffusion_v_1_5,train
BigGAN\437_biggan_00050.jpg,1,BigGAN,train
stable_diffusion_v_1_5\772_sdv5_00008.jpg,1,stable_diffusion_v_1_5,train
Nature\n01773157_5912.JPEG,0,Nature,train
Nature\ILSVRC2012_val_00000696.JPEG,0,Nature,train
stable_diffusion_v_1_5\401_sdv5_00035.jpg,1,stable_diffusion_v_1_5,train
BigGAN\189_biggan_00034.jpg,1,BigGAN,train
stable_diffusion_v_1_5\155_sdv5_00139.jpg,1,stable_diffusion_v_1_5,train
ADM\49_adm_5.jpg,1,ADM,train
ADM\919_adm_136.jpg,1,ADM,train
Nature\n01775062_5111.JPEG,0,Nature,train
BigGAN\883_biggan_00172.jpg,1,BigGAN,train
ADM\658_adm_143.jpg,1,ADM,train
ADM\998_adm_115.jpg,1,ADM,train
BigGAN\409_biggan_00000.jpg,1,BigGAN,train
BigGAN\818_biggan_00143.jpg,1,BigGAN,train
Nature\n01514859_2490.JPEG,0,Nature,train
BigGAN\361_biggan_00113.jpg,1,BigGAN,train
ADM\916_adm_34.jpg,1,ADM,train
ADM\94_adm_24.jpg,1,ADM,train
Nature\n02007558_9378.JPEG,0,Nature,train
ADM\203_adm_153.jpg,1,ADM,train
Nature\ILSVRC2012_val_00046632.JPEG,0,Nature,train
BigGAN\154_biggan_00150.jpg,1,BigGAN,train
Nature\n04116512_23409.JPEG,0,Nature,train
BigGAN\919_biggan_00044.jpg,1,BigGAN,train
Nature\ILSVRC2012_val_00043646.JPEG,0,Nature,train
BigGAN\953_biggan_00121.jpg,1,BigGAN,train
Nature\n01924916_8959.JPEG,0,Nature,train
Nature\n01855672_4642.JPEG,0,Nature,train
Nature\n01773797_5484.JPEG,0,Nature,train
BigGAN\764_biggan_00175.jpg,1,BigGAN,train
BigGAN\859_biggan_00176.jpg,1,BigGAN,train
ADM\230_adm_73.jpg,1,ADM,train
Nature\n01440764_7792.JPEG,0,Nature,train
ADM\348_adm_7.jpg,1,ADM,train
BigGAN\835_biggan_00131.jpg,1,BigGAN,train
ADM\39_adm_143.jpg,1,ADM,train
stable_diffusion_v_1_5\798_sdv5_00028.jpg,1,stable_diffusion_v_1_5,train
ADM\720_adm_178.jpg,1,ADM,train
ADM\946_adm_175.jpg,1,ADM,train
Nature\n01677366_13754.JPEG,0,Nature,train
BigGAN\280_biggan_00035.jpg,1,BigGAN,train
Nature\n01824575_4464.JPEG,0,Nature,train
Nature\n01820546_677.JPEG,0,Nature,train
Nature\n01820546_4810.JPEG,0,Nature,train
BigGAN\683_biggan_00176.jpg,1,BigGAN,train
ADM\487_adm_7.jpg,1,ADM,train
stable_diffusion_v_1_5\945_sdv5_00185.jpg,1,stable_diffusion_v_1_5,train
Nature\n03379051_5382.JPEG,0,Nature,train
stable_diffusion_v_1_5\780_sdv5_00127.jpg,1,stable_diffusion_v_1_5,train
Nature\n01514668_15083.JPEG,0,Nature,train
stable_diffusion_v_1_5\461_sdv5_00001.jpg,1,stable_diffusion_v_1_5,train
stable_diffusion_v_1_5\586_sdv5_00100.jpg,1,stable_diffusion_v_1_5,train
BigGAN\230_biggan_00183.jpg,1,BigGAN,train
Nature\ILSVRC2012_val_00036702.JPEG,0,Nature,train
ADM\420_adm_17.jpg,1,ADM,train
ADM\449_adm_17.jpg,1,ADM,train
ADM\806_adm_130.jpg,1,ADM,train
ADM\788_adm_61.jpg,1,ADM,train
Nature\n01776313_43422.JPEG,0,Nature,train
BigGAN\136_biggan_00143.jpg,1,BigGAN,train
stable_diffusion_v_1_5\880_sdv5_00171.jpg,1,stable_diffusion_v_1_5,train
ADM\451_adm_15.jpg,1,ADM,train
ADM\915_adm_91.jpg,1,ADM,train
BigGAN\502_biggan_00186.jpg,1,BigGAN,train
BigGAN\138_biggan_00143.jpg,1,BigGAN,train
ADM\140_adm_178.jpg,1,ADM,train
Nature\n02011460_6099.JPEG,0,Nature,train
ADM\311_adm_12.jpg,1,ADM,train
stable_diffusion_v_1_5\735_sdv5_00027.jpg,1,stable_diffusion_v_1_5,train
ADM\245_adm_161.jpg,1,ADM,train
stable_diffusion_v_1_5\628_sdv5_00027.jpg,1,stable_diffusion_v_1_5,train
BigGAN\122_biggan_00039.jpg,1,BigGAN,train
BigGAN\570_biggan_00094.jpg,1,BigGAN,train
Nature\n01820546_6444.JPEG,0,Nature,train
BigGAN\609_biggan_00026.jpg,1,BigGAN,train
ADM\177_adm_72.jpg,1,ADM,train
BigGAN\679_biggan_00007.jpg,1,BigGAN,train
stable_diffusion_v_1_5\713_sdv5_00039.jpg,1,stable_diffusion_v_1_5,train
BigGAN\843_biggan_00167.jpg,1,BigGAN,train
Nature\n01608432_1337.JPEG,0,Nature,train
Nature\n01770393_10760.JPEG,0,Nature,train
stable_diffusion_v_1_5\004_sdv5_00140.jpg,1,stable_diffusion_v_1_5,train
BigGAN\361_biggan_00191.jpg,1,BigGAN,train
BigGAN\406_biggan_00136.jpg,1,BigGAN,train
BigGAN\543_biggan_00161.jpg,1,BigGAN,train
stable_diffusion_v_1_5\703_sdv5_00107.jpg,1,stable_diffusion_v_1_5,train
BigGAN\173_biggan_00145.jpg,1,BigGAN,train
Nature\n01806143_7120.JPEG,0,Nature,train
BigGAN\698_biggan_00134.jpg,1,BigGAN,train
Nature\n01829413_725.JPEG,0,Nature,train
ADM\969_adm_32.jpg,1,ADM,train
ADM\538_adm_11.jpg,1,ADM,train
stable_diffusion_v_1_5\099_sdv5_00023.jpg,1,stable_diffusion_v_1_5,train
Nature\n02051845_2422.JPEG,0,Nature,train
stable_diffusion_v_1_5\460_sdv5_00010.jpg,1,stable_diffusion_v_1_5,train
BigGAN\418_biggan_00078.jpg,1,BigGAN,train
Nature\n01774750_4145.JPEG,0,Nature,train
Nature\n02077923_1123.JPEG,0,Nature,train
stable_diffusion_v_1_5\190_sdv5_00157.jpg,1,stable_diffusion_v_1_5,train
ADM\515_adm_85.jpg,1,ADM,train
stable_diffusion_v_1_5\755_sdv5_00109.jpg,1,stable_diffusion_v_1_5,train
stable_diffusion_v_1_5\195_sdv5_00105.jpg,1,stable_diffusion_v_1_5,train
ADM\387_adm_41.jpg,1,ADM,train
Nature\n01582220_6015.JPEG,0,Nature,train
BigGAN\061_biggan_00074.jpg,1,BigGAN,train
BigGAN\284_biggan_00101.jpg,1,BigGAN,train
BigGAN\444_biggan_00018.jpg,1,BigGAN,train
Nature\n01796340_5953.JPEG,0,Nature,train
BigGAN\459_biggan_00134.jpg,1,BigGAN,train
Nature\n01820546_3084.JPEG,0,Nature,train
BigGAN\622_biggan_00171.jpg,1,BigGAN,train
ADM\602_adm_13.jpg,1,ADM,train
stable_diffusion_v_1_5\386_sdv5_00139.jpg,1,stable_diffusion_v_1_5,train
BigGAN\352_biggan_00037.jpg,1,BigGAN,train
Nature\n01950731_9595.JPEG,0,Nature,train
Nature\n02006656_2146.JPEG,0,Nature,train
ADM\732_adm_72.jpg,1,ADM,train
ADM\481_adm_43.jpg,1,ADM,train
Nature\ILSVRC2012_val_00005800.JPEG,0,Nature,train
ADM\589_adm_95.jpg,1,ADM,train
stable_diffusion_v_1_5\794_sdv5_00091.jpg,1,stable_diffusion_v_1_5,train
ADM\724_adm_16.jpg,1,ADM,train
ADM\662_adm_161.jpg,1,ADM,train
ADM\269_adm_40.jpg,1,ADM,train
ADM\366_adm_99.jpg,1,ADM,train
BigGAN\597_biggan_00040.jpg,1,BigGAN,train
Nature\n01582220_120.JPEG,0,Nature,train
stable_diffusion_v_1_5\518_sdv5_00149.jpg,1,stable_diffusion_v_1_5,train
Nature\n01582220_6039.JPEG,0,Nature,train
Nature\n01773157_7517.JPEG,0,Nature,train
stable_diffusion_v_1_5\193_sdv5_00173.jpg,1,stable_diffusion_v_1_5,train
Nature\n01693334_11166.JPEG,0,Nature,train
Nature\n01667778_6580.JPEG,0,Nature,train
Nature\n02101006_8561.JPEG,0,Nature,train
BigGAN\730_biggan_00053.jpg,1,BigGAN,train
Nature\n01531178_2157.JPEG,0,Nature,train
stable_diffusion_v_1_5\047_sdv5_00010.jpg,1,stable_diffusion_v_1_5,train
stable_diffusion_v_1_5\862_sdv5_00132.jpg,1,stable_diffusion_v_1_5,train
Nature\n01986214_12662.JPEG,0,Nature,train
Nature\n01819313_3409.JPEG,0,Nature,train
stable_diffusion_v_1_5\081_sdv5_00089.jpg,1,stable_diffusion_v_1_5,train
BigGAN\454_biggan_00127.jpg,1,BigGAN,train
ADM\107_adm_90.jpg,1,ADM,train
BigGAN\482_biggan_00062.jpg,1,BigGAN,train
Nature\n01608432_11234.JPEG,0,Nature,train
BigGAN\170_biggan_00068.jpg,1,BigGAN,train
Nature\n01950731_13094.JPEG,0,Nature,train
stable_diffusion_v_1_5\207_sdv5_00039.jpg,1,stable_diffusion_v_1_5,train
ADM\37_adm_148.jpg,1,ADM,train
Nature\n01770393_21197.JPEG,0,Nature,train
stable_diffusion_v_1_5\962_sdv5_00130.jpg,1,stable_diffusion_v_1_5,train
Nature\n01774750_10135.JPEG,0,Nature,train
Nature\n01914609_9411.JPEG,0,Nature,train
stable_diffusion_v_1_5\617_sdv5_00062.jpg,1,stable_diffusion_v_1_5,train
BigGAN\371_biggan_00137.jpg,1,BigGAN,train
BigGAN\444_biggan_00119.jpg,1,BigGAN,train
BigGAN\697_biggan_00122.jpg,1,BigGAN,train
BigGAN\895_biggan_00074.jpg,1,BigGAN,train
ADM\630_adm_113.jpg,1,ADM,train
Nature\ILSVRC2012_val_00026271.JPEG,0,Nature,train
Nature\n01531178_13528.JPEG,0,Nature,train
ADM\235_adm_72.jpg,1,ADM,train
stable_diffusion_v_1_5\557_sdv5_00020.jpg,1,stable_diffusion_v_1_5,train
ADM\119_adm_9.jpg,1,ADM,train
BigGAN\678_biggan_00189.jpg,1,BigGAN,train
Nature\ILSVRC2012_val_00006144.JPEG,0,Nature,train
ADM\71_adm_41.jpg,1,ADM,train
stable_diffusion_v_1_5\120_sdv5_00059.jpg,1,stable_diffusion_v_1_5,train
BigGAN\617_biggan_00020.jpg,1,BigGAN,train
stable_diffusion_v_1_5\908_sdv5_00084.jpg,1,stable_diffusion_v_1_5,train
ADM\753_adm_91.jpg,1,ADM,train
ADM\943_adm_1.jpg,1,ADM,train
BigGAN\499_biggan_00122.jpg,1,BigGAN,train
BigGAN\298_biggan_00139.jpg,1,BigGAN,train
Nature\ILSVRC2012_val_00011894.JPEG,0,Nature,train
ADM\790_adm_5.jpg,1,ADM,train
stable_diffusion_v_1_5\895_sdv5_00051.jpg,1,stable_diffusion_v_1_5,train
Nature\n01514859_3903.JPEG,0,Nature,train
ADM\663_adm_111.jpg,1,ADM,train
ADM\756_adm_99.jpg,1,ADM,train
ADM\545_adm_62.jpg,1,ADM,train
BigGAN\863_biggan_00117.jpg,1,BigGAN,train
Nature\n01742172_10337.JPEG,0,Nature,train
ADM\574_adm_174.jpg,1,ADM,train
BigGAN\944_biggan_00113.jpg,1,BigGAN,train
stable_diffusion_v_1_5\994_sdv5_00079.jpg,1,stable_diffusion_v_1_5,train
Nature\n04344873_19422.JPEG,0,Nature,train
Nature\n01770081_16510.JPEG,0,Nature,train
ADM\536_adm_7.jpg,1,ADM,train
ADM\737_adm_122.jpg,1,ADM,train
Nature\ILSVRC2012_val_00038493.JPEG,0,Nature,train
Nature\n01622779_4754.JPEG,0,Nature,train
Nature\n01614925_5529.JPEG,0,Nature,train
Nature\n01773157_9768.JPEG,0,Nature,train
stable_diffusion_v_1_5\563_sdv5_00189.jpg,1,stable_diffusion_v_1_5,train
Nature\n01847000_6579.JPEG,0,Nature,train
ADM\369_adm_77.jpg,1,ADM,train
stable_diffusion_v_1_5\905_sdv5_00106.jpg,1,stable_diffusion_v_1_5,train
stable_diffusion_v_1_5\093_sdv5_00104.jpg,1,stable_diffusion_v_1_5,train
ADM\552_adm_66.jpg,1,ADM,train
stable_diffusion_v_1_5\862_sdv5_00057.jpg,1,stable_diffusion_v_1_5,train
ADM\777_adm_98.jpg,1,ADM,train
ADM\356_adm_51.jpg,1,ADM,train
ADM\177_adm_50.jpg,1,ADM,train
BigGAN\926_biggan_00175.jpg,1,BigGAN,train
BigGAN\336_biggan_00072.jpg,1,BigGAN,train
BigGAN\318_biggan_00191.jpg,1,BigGAN,train
ADM\240_adm_189.jpg,1,ADM,train
stable_diffusion_v_1_5\759_sdv5_00034.jpg,1,stable_diffusion_v_1_5,train
BigGAN\528_biggan_00048.jpg,1,BigGAN,train
Nature\n01924916_8280.JPEG,0,Nature,train
stable_diffusion_v_1_5\211_sdv5_00100.jpg,1,stable_diffusion_v_1_5,train
Nature\n01755581_7008.JPEG,0,Nature,train
ADM\742_adm_101.jpg,1,ADM,train
stable_diffusion_v_1_5\358_sdv5_00066.jpg,1,stable_diffusion_v_1_5,train
Nature\n01592084_489.JPEG,0,Nature,train
stable_diffusion_v_1_5\011_sdv5_00130.jpg,1,stable_diffusion_v_1_5,train
ADM\698_adm_91.jpg,1,ADM,train
ADM\172_adm_12.jpg,1,ADM,train
Nature\ILSVRC2012_val_00026924.JPEG,0,Nature,train
Nature\n01924916_7631.JPEG,0,Nature,train
BigGAN\766_biggan_00049.jpg,1,BigGAN,train
stable_diffusion_v_1_5\072_sdv5_00011.jpg,1,stable_diffusion_v_1_5,train
ADM\881_adm_145.jpg,1,ADM,train
BigGAN\249_biggan_00109.jpg,1,BigGAN,train
ADM\382_adm_168.jpg,1,ADM,train
ADM\17_adm_34.jpg,1,ADM,train
ADM\899_adm_91.jpg,1,ADM,train
Nature\n01773797_546.JPEG,0,Nature,train
ADM\171_adm_153.jpg,1,ADM,train
Nature\n01950731_12456.JPEG,0,Nature,train
BigGAN\803_biggan_00048.jpg,1,BigGAN,train
ADM\966_adm_174.jpg,1,ADM,train
stable_diffusion_v_1_5\642_sdv5_00081.jpg,1,stable_diffusion_v_1_5,train
Nature\n01614925_61.JPEG,0,Nature,train
ADM\398_adm_50.jpg,1,ADM,train
stable_diffusion_v_1_5\409_sdv5_00003.jpg,1,stable_diffusion_v_1_5,train
Nature\n02007558_9151.JPEG,0,Nature,train
ADM\536_adm_120.jpg,1,ADM,train
stable_diffusion_v_1_5\626_sdv5_00020.jpg,1,stable_diffusion_v_1_5,train
ADM\5_adm_18.jpg,1,ADM,train
ADM\823_adm_63.jpg,1,ADM,train
stable_diffusion_v_1_5\232_sdv5_00076.jpg,1,stable_diffusion_v_1_5,train
BigGAN\834_biggan_00074.jpg,1,BigGAN,train
Nature\n01847000_2586.JPEG,0,Nature,train
BigGAN\009_biggan_00093.jpg,1,BigGAN,train
Nature\n01537544_5580.JPEG,0,Nature,train
stable_diffusion_v_1_5\901_sdv5_00097.jpg,1,stable_diffusion_v_1_5,train
Nature\n01776313_28906.JPEG,0,Nature,train
BigGAN\237_biggan_00107.jpg,1,BigGAN,train
stable_diffusion_v_1_5\977_sdv5_00057.jpg,1,stable_diffusion_v_1_5,train
Nature\n02104365_2939.JPEG,0,Nature,train
Nature\n01531178_3231.JPEG,0,Nature,train
BigGAN\917_biggan_00181.jpg,1,BigGAN,train
BigGAN\749_biggan_00002.jpg,1,BigGAN,train
stable_diffusion_v_1_5\564_sdv5_00110.jpg,1,stable_diffusion_v_1_5,train
stable_diffusion_v_1_5\584_sdv5_00043.jpg,1,stable_diffusion_v_1_5,train
BigGAN\325_biggan_00062.jpg,1,BigGAN,train
ADM\881_adm_133.jpg,1,ADM,train
BigGAN\516_biggan_00048.jpg,1,BigGAN,train
Nature\n01669191_1294.JPEG,0,Nature,train
Nature\n01622779_4293.JPEG,0,Nature,train
stable_diffusion_v_1_5\740_sdv5_00143.jpg,1,stable_diffusion_v_1_5,train
ADM\5_adm_104.jpg,1,ADM,train
Nature\n02006656_4062.JPEG,0,Nature,train
Nature\n01514668_21678.JPEG,0,Nature,train
Nature\n01773157_9474.JPEG,0,Nature,train
BigGAN\243_biggan_00172.jpg,1,BigGAN,train
BigGAN\316_biggan_00051.jpg,1,BigGAN,train
ADM\571_adm_144.jpg,1,ADM,train
Nature\n02011460_748.JPEG,0,Nature,train
stable_diffusion_v_1_5\973_sdv5_00170.jpg,1,stable_diffusion_v_1_5,train
Nature\n01687978_4390.JPEG,0,Nature,train
stable_diffusion_v_1_5\030_sdv5_00030.jpg,1,stable_diffusion_v_1_5,train
BigGAN\904_biggan_00166.jpg,1,BigGAN,train
stable_diffusion_v_1_5\102_sdv5_00102.jpg,1,stable_diffusion_v_1_5,train
ADM\916_adm_153.jpg,1,ADM,train
Nature\n01944390_19325.JPEG,0,Nature,train
ADM\772_adm_183.jpg,1,ADM,train
Nature\n01742172_4678.JPEG,0,Nature,train
ADM\612_adm_34.jpg,1,ADM,train
ADM\766_adm_36.jpg,1,ADM,train
stable_diffusion_v_1_5\138_sdv5_00148.jpg,1,stable_diffusion_v_1_5,train
BigGAN\109_biggan_00095.jpg,1,BigGAN,train
ADM\652_adm_124.jpg,1,ADM,train
stable_diffusion_v_1_5\903_sdv5_00027.jpg,1,stable_diffusion_v_1_5,train
Nature\n02013706_607.JPEG,0,Nature,train
BigGAN\842_biggan_00022.jpg,1,BigGAN,train
Nature\n01828970_6105.JPEG,0,Nature,train
stable_diffusion_v_1_5\838_sdv5_00139.jpg,1,stable_diffusion_v_1_5,train
Nature\n01582220_698.JPEG,0,Nature,train
Nature\n01847000_11319.JPEG,0,Nature,train
stable_diffusion_v_1_5\207_sdv5_00177.jpg,1,stable_diffusion_v_1_5,train
BigGAN\788_biggan_00122.jpg,1,BigGAN,train
Nature\n01773549_1799.JPEG,0,Nature,train
ADM\51_adm_51.jpg,1,ADM,train
stable_diffusion_v_1_5\441_sdv5_00011.jpg,1,stable_diffusion_v_1_5,train
BigGAN\503_biggan_00016.jpg,1,BigGAN,train
ADM\4_adm_31.jpg,1,ADM,train
BigGAN\862_biggan_00098.jpg,1,BigGAN,train
stable_diffusion_v_1_5\832_sdv5_00179.jpg,1,stable_diffusion_v_1_5,train
Nature\ILSVRC2012_val_00048726.JPEG,0,Nature,train
Nature\n01819313_5155.JPEG,0,Nature,train
ADM\724_adm_85.jpg,1,ADM,train
Nature\n04505470_4665.JPEG,0,Nature,train
ADM\302_adm_4.jpg,1,ADM,train
ADM\996_adm_10.jpg,1,ADM,train
BigGAN\341_biggan_00068.jpg,1,BigGAN,train
Nature\ILSVRC2012_val_00041924.JPEG,0,Nature,train
Nature\n01943899_15569.JPEG,0,Nature,train
Nature\n01592084_6209.JPEG,0,Nature,train
ADM\118_adm_159.jpg,1,ADM,train
Nature\n01806143_3442.JPEG,0,Nature,train
BigGAN\299_biggan_00102.jpg,1,BigGAN,train
BigGAN\667_biggan_00157.jpg,1,BigGAN,train
BigGAN\286_biggan_00105.jpg,1,BigGAN,train
Nature\ILSVRC2012_val_00027498.JPEG,0,Nature,train
BigGAN\474_biggan_00138.jpg,1,BigGAN,train
ADM\695_adm_91.jpg,1,ADM,train
BigGAN\854_biggan_00143.jpg,1,BigGAN,train
BigGAN\004_biggan_00068.jpg,1,BigGAN,train
ADM\43_adm_28.jpg,1,ADM,train
ADM\245_adm_50.jpg,1,ADM,train
Nature\n01742172_8616.JPEG,0,Nature,train
Nature\n01773797_5978.JPEG,0,Nature,train
Nature\n01950731_9482.JPEG,0,Nature,train
BigGAN\539_biggan_00127.jpg,1,BigGAN,train
BigGAN\173_biggan_00086.jpg,1,BigGAN,train
Nature\n01795545_5677.JPEG,0,Nature,train
stable_diffusion_v_1_5\391_sdv5_00039.jpg,1,stable_diffusion_v_1_5,train
Nature\n01819313_4159.JPEG,0,Nature,train
Nature\n04254680_5033.JPEG,0,Nature,train
BigGAN\763_biggan_00148.jpg,1,BigGAN,train
Nature\n01776313_22594.JPEG,0,Nature,train
Nature\n01498041_12830.JPEG,0,Nature,train
Nature\n01847000_16277.JPEG,0,Nature,train
BigGAN\579_biggan_00005.jpg,1,BigGAN,train
ADM\84_adm_128.jpg,1,ADM,train
stable_diffusion_v_1_5\316_sdv5_00064.jpg,1,stable_diffusion_v_1_5,train
BigGAN\405_biggan_00178.jpg,1,BigGAN,train
Nature\n01775062_8022.JPEG,0,Nature,train
Nature\n01498041_1228.JPEG,0,Nature,train
stable_diffusion_v_1_5\035_sdv5_00050.jpg,1,stable_diffusion_v_1_5,train
stable_diffusion_v_1_5\989_sdv5_00060.jpg,1,stable_diffusion_v_1_5,train
Nature\n01693334_8604.JPEG,0,Nature,train
BigGAN\073_biggan_00141.jpg,1,BigGAN,train
ADM\377_adm_146.jpg,1,ADM,train
BigGAN\507_biggan_00160.jpg,1,BigGAN,train
Nature\ILSVRC2012_val_00013610.JPEG,0,Nature,train
BigGAN\148_biggan_00035.jpg,1,BigGAN,train
ADM\536_adm_45.jpg,1,ADM,train
Nature\n01847000_4674.JPEG,0,Nature,train
BigGAN\947_biggan_00035.jpg,1,BigGAN,train
stable_diffusion_v_1_5\427_sdv5_00083.jpg,1,stable_diffusion_v_1_5,train
BigGAN\971_biggan_00014.jpg,1,BigGAN,train
BigGAN\815_biggan_00074.jpg,1,BigGAN,train
Nature\n02058221_12352.JPEG,0,Nature,train
ADM\703_adm_116.jpg,1,ADM,train
Nature\ILSVRC2012_val_00023907.JPEG,0,Nature,train
Nature\n01622779_3981.JPEG,0,Nature,train
BigGAN\614_biggan_00083.jpg,1,BigGAN,train
Nature\n01819313_5388.JPEG,0,Nature,train
stable_diffusion_v_1_5\773_sdv5_00067.jpg,1,stable_diffusion_v_1_5,train
Nature\n01986214_10498.JPEG,0,Nature,train
Nature\n01776313_601.JPEG,0,Nature,train
Nature\n01776313_81666.JPEG,0,Nature,train
Nature\n02037110_8713.JPEG,0,Nature,train
Nature\n01824575_1982.JPEG,0,Nature,train
Nature\n01614925_9471.JPEG,0,Nature,train
BigGAN\724_biggan_00121.jpg,1,BigGAN,train
stable_diffusion_v_1_5\947_sdv5_00058.jpg,1,stable_diffusion_v_1_5,train
stable_diffusion_v_1_5\202_sdv5_00043.jpg,1,stable_diffusion_v_1_5,train
ADM\405_adm_5.jpg,1,ADM,train
stable_diffusion_v_1_5\384_sdv5_00183.jpg,1,stable_diffusion_v_1_5,train
BigGAN\773_biggan_00048.jpg,1,BigGAN,train
ADM\316_adm_142.jpg,1,ADM,train
Nature\n01774384_6786.JPEG,0,Nature,train
Nature\n01819313_6931.JPEG,0,Nature,train
ADM\802_adm_163.jpg,1,ADM,train
ADM\496_adm_85.jpg,1,ADM,train
Nature\ILSVRC2012_val_00005282.JPEG,0,Nature,train
stable_diffusion_v_1_5\771_sdv5_00079.jpg,1,stable_diffusion_v_1_5,train
BigGAN\006_biggan_00035.jpg,1,BigGAN,train
stable_diffusion_v_1_5\693_sdv5_00173.jpg,1,stable_diffusion_v_1_5,train
stable_diffusion_v_1_5\213_sdv5_00166.jpg,1,stable_diffusion_v_1_5,train
Nature\n01756291_7710.JPEG,0,Nature,train
BigGAN\886_biggan_00117.jpg,1,BigGAN,train
Nature\n02028035_6656.JPEG,0,Nature,train
ADM\902_adm_157.jpg,1,ADM,train
ADM\520_adm_11.jpg,1,ADM,train
Nature\n01829413_4842.JPEG,0,Nature,train
stable_diffusion_v_1_5\984_sdv5_00105.jpg,1,stable_diffusion_v_1_5,train
BigGAN\657_biggan_00070.jpg,1,BigGAN,train
BigGAN\691_biggan_00074.jpg,1,BigGAN,train
stable_diffusion_v_1_5\164_sdv5_00016.jpg,1,stable_diffusion_v_1_5,train
stable_diffusion_v_1_5\972_sdv5_00095.jpg,1,stable_diffusion_v_1_5,train
BigGAN\361_biggan_00159.jpg,1,BigGAN,train
stable_diffusion_v_1_5\995_sdv5_00097.jpg,1,stable_diffusion_v_1_5,train
Nature\ILSVRC2012_val_00024525.JPEG,0,Nature,train
ADM\655_adm_153.jpg,1,ADM,train
ADM\465_adm_34.jpg,1,ADM,train
Nature\n01739381_4665.JPEG,0,Nature,train
Nature\n01773549_2834.JPEG,0,Nature,train
Nature\n01735189_17071.JPEG,0,Nature,train
Nature\n02058221_5846.JPEG,0,Nature,train
stable_diffusion_v_1_5\038_sdv5_00180.jpg,1,stable_diffusion_v_1_5,train
ADM\333_adm_105.jpg,1,ADM,train
BigGAN\302_biggan_00039.jpg,1,BigGAN,train
BigGAN\989_biggan_00106.jpg,1,BigGAN,train
ADM\35_adm_91.jpg,1,ADM,train
stable_diffusion_v_1_5\274_sdv5_00009.jpg,1,stable_diffusion_v_1_5,train
Nature\n01592084_6364.JPEG,0,Nature,train
stable_diffusion_v_1_5\742_sdv5_00027.jpg,1,stable_diffusion_v_1_5,train
ADM\21_adm_32.jpg,1,ADM,train
stable_diffusion_v_1_5\803_sdv5_00154.jpg,1,stable_diffusion_v_1_5,train
ADM\171_adm_7.jpg,1,ADM,train
ADM\914_adm_86.jpg,1,ADM,train
stable_diffusion_v_1_5\541_sdv5_00136.jpg,1,stable_diffusion_v_1_5,train
ADM\738_adm_181.jpg,1,ADM,train
BigGAN\417_biggan_00143.jpg,1,BigGAN,train
ADM\61_adm_91.jpg,1,ADM,train
BigGAN\152_biggan_00091.jpg,1,BigGAN,train
ADM\974_adm_153.jpg,1,ADM,train
Nature\n01944390_7655.JPEG,0,Nature,train
stable_diffusion_v_1_5\731_sdv5_00053.jpg,1,stable_diffusion_v_1_5,train
BigGAN\921_biggan_00031.jpg,1,BigGAN,train
Nature\n01914609_7212.JPEG,0,Nature,train
stable_diffusion_v_1_5\593_sdv5_00030.jpg,1,stable_diffusion_v_1_5,train
ADM\431_adm_35.jpg,1,ADM,train
ADM\104_adm_28.jpg,1,ADM,train
ADM\391_adm_149.jpg,1,ADM,train
ADM\266_adm_10.jpg,1,ADM,train
BigGAN\379_biggan_00108.jpg,1,BigGAN,train
Nature\n01774384_3591.JPEG,0,Nature,train
ADM\339_adm_177.jpg,1,ADM,train
stable_diffusion_v_1_5\962_sdv5_00148.jpg,1,stable_diffusion_v_1_5,train
Nature\ILSVRC2012_val_00030049.JPEG,0,Nature,train
Nature\n01819313_473.JPEG,0,Nature,train
ADM\440_adm_17.jpg,1,ADM,train
BigGAN\097_biggan_00127.jpg,1,BigGAN,train
Nature\n01592084_5408.JPEG,0,Nature,train
BigGAN\673_biggan_00024.jpg,1,BigGAN,train
Nature\n01742172_10903.JPEG,0,Nature,train
Nature\ILSVRC2012_val_00000466.JPEG,0,Nature,train
BigGAN\623_biggan_00054.jpg,1,BigGAN,train
ADM\604_adm_85.jpg,1,ADM,train
Nature\n01614925_2765.JPEG,0,Nature,train
stable_diffusion_v_1_5\551_sdv5_00187.jpg,1,stable_diffusion_v_1_5,train
stable_diffusion_v_1_5\306_sdv5_00098.jpg,1,stable_diffusion_v_1_5,train
BigGAN\470_biggan_00186.jpg,1,BigGAN,train
stable_diffusion_v_1_5\632_sdv5_00004.jpg,1,stable_diffusion_v_1_5,train
Nature\n01829413_750.JPEG,0,Nature,train
stable_diffusion_v_1_5\070_sdv5_00070.jpg,1,stable_diffusion_v_1_5,train
BigGAN\740_biggan_00051.jpg,1,BigGAN,train
ADM\4_adm_174.jpg,1,ADM,train
Nature\n01855672_14214.JPEG,0,Nature,train
BigGAN\296_biggan_00179.jpg,1,BigGAN,train
ADM\914_adm_76.jpg,1,ADM,train
Nature\n01693334_24044.JPEG,0,Nature,train
ADM\941_adm_109.jpg,1,ADM,train
Nature\n01560419_7997.JPEG,0,Nature,train
stable_diffusion_v_1_5\322_sdv5_00020.jpg,1,stable_diffusion_v_1_5,train
BigGAN\727_biggan_00131.jpg,1,BigGAN,train
ADM\122_adm_34.jpg,1,ADM,train
ADM\738_adm_152.jpg,1,ADM,train
BigGAN\020_biggan_00139.jpg,1,BigGAN,train
BigGAN\074_biggan_00074.jpg,1,BigGAN,train
ADM\476_adm_56.jpg,1,ADM,train
ADM\659_adm_149.jpg,1,ADM,train
Nature\n01818515_7709.JPEG,0,Nature,train
ADM\2_adm_174.jpg,1,ADM,train
BigGAN\235_biggan_00007.jpg,1,BigGAN,train
Nature\n02006656_621.JPEG,0,Nature,train
Nature\n01773157_10352.JPEG,0,Nature,train
BigGAN\791_biggan_00136.jpg,1,BigGAN,train
Nature\n01833805_772.JPEG,0,Nature,train
ADM\60_adm_33.jpg,1,ADM,train
Nature\n01592084_3867.JPEG,0,Nature,train
Nature\n01775062_372.JPEG,0,Nature,train
Nature\ILSVRC2012_val_00001732.JPEG,0,Nature,train
Nature\ILSVRC2012_val_00039915.JPEG,0,Nature,train
BigGAN\839_biggan_00040.jpg,1,BigGAN,train
stable_diffusion_v_1_5\953_sdv5_00076.jpg,1,stable_diffusion_v_1_5,train
ADM\543_adm_95.jpg,1,ADM,train
BigGAN\489_biggan_00191.jpg,1,BigGAN,train
ADM\371_adm_85.jpg,1,ADM,train
stable_diffusion_v_1_5\324_sdv5_00100.jpg,1,stable_diffusion_v_1_5,train
Nature\n01847000_15033.JPEG,0,Nature,train
ADM\831_adm_173.jpg,1,ADM,train
Nature\n02708093_3472.JPEG,0,Nature,train
Nature\ILSVRC2012_val_00026707.JPEG,0,Nature,train
Nature\n01776313_93484.JPEG,0,Nature,train
ADM\109_adm_174.jpg,1,ADM,train
ADM\230_adm_138.jpg,1,ADM,train
BigGAN\276_biggan_00126.jpg,1,BigGAN,train
Nature\ILSVRC2012_val_00040025.JPEG,0,Nature,train
Nature\n01667778_2327.JPEG,0,Nature,train
Nature\n01860187_327.JPEG,0,Nature,train
stable_diffusion_v_1_5\245_sdv5_00110.jpg,1,stable_diffusion_v_1_5,train
stable_diffusion_v_1_5\745_sdv5_00011.jpg,1,stable_diffusion_v_1_5,train
Nature\ILSVRC2012_val_00039426.JPEG,0,Nature,train
Nature\n01944390_19770.JPEG,0,Nature,train
BigGAN\468_biggan_00129.jpg,1,BigGAN,train
BigGAN\684_biggan_00007.jpg,1,BigGAN,train
ADM\449_adm_108.jpg,1,ADM,train
stable_diffusion_v_1_5\700_sdv5_00124.jpg,1,stable_diffusion_v_1_5,train
ADM\137_adm_172.jpg,1,ADM,train
stable_diffusion_v_1_5\718_sdv5_00149.jpg,1,stable_diffusion_v_1_5,train
BigGAN\684_biggan_00187.jpg,1,BigGAN,train
stable_diffusion_v_1_5\219_sdv5_00003.jpg,1,stable_diffusion_v_1_5,train
ADM\219_adm_85.jpg,1,ADM,train
BigGAN\888_biggan_00035.jpg,1,BigGAN,train
BigGAN\315_biggan_00010.jpg,1,BigGAN,train
ADM\948_adm_34.jpg,1,ADM,train
stable_diffusion_v_1_5\202_sdv5_00128.jpg,1,stable_diffusion_v_1_5,train
BigGAN\017_biggan_00002.jpg,1,BigGAN,train
Nature\n01582220_11326.JPEG,0,Nature,train
ADM\884_adm_174.jpg,1,ADM,train
Nature\n01776313_6884.JPEG,0,Nature,train
BigGAN\960_biggan_00095.jpg,1,BigGAN,train
stable_diffusion_v_1_5\059_sdv5_00049.jpg,1,stable_diffusion_v_1_5,train
ADM\532_adm_137.jpg,1,ADM,train
Nature\ILSVRC2012_val_00024535.JPEG,0,Nature,train
Nature\n03976467_256.JPEG,0,Nature,train
BigGAN\254_biggan_00035.jpg,1,BigGAN,train
ADM\124_adm_186.jpg,1,ADM,train
ADM\186_adm_130.jpg,1,ADM,train
BigGAN\501_biggan_00128.jpg,1,BigGAN,train
ADM\317_adm_34.jpg,1,ADM,train
BigGAN\821_biggan_00074.jpg,1,BigGAN,train
ADM\441_adm_121.jpg,1,ADM,train
Nature\n01770393_680.JPEG,0,Nature,train
Nature\n02007558_9144.JPEG,0,Nature,train
Nature\n01592084_4685.JPEG,0,Nature,train
ADM\658_adm_185.jpg,1,ADM,train
BigGAN\949_biggan_00196.jpg,1,BigGAN,train
stable_diffusion_v_1_5\486_sdv5_00167.jpg,1,stable_diffusion_v_1_5,train
BigGAN\309_biggan_00020.jpg,1,BigGAN,train
BigGAN\818_biggan_00127.jpg,1,BigGAN,train
ADM\738_adm_85.jpg,1,ADM,train
stable_diffusion_v_1_5\786_sdv5_00044.jpg,1,stable_diffusion_v_1_5,train
ADM\496_adm_7.jpg,1,ADM,train
stable_diffusion_v_1_5\208_sdv5_00195.jpg,1,stable_diffusion_v_1_5,train
ADM\801_adm_10.jpg,1,ADM,train
ADM\344_adm_91.jpg,1,ADM,train
Nature\n02007558_7807.JPEG,0,Nature,train
stable_diffusion_v_1_5\717_sdv5_00195.jpg,1,stable_diffusion_v_1_5,train
ADM\602_adm_112.jpg,1,ADM,train
ADM\370_adm_78.jpg,1,ADM,train
BigGAN\490_biggan_00119.jpg,1,BigGAN,train
BigGAN\201_biggan_00022.jpg,1,BigGAN,train
stable_diffusion_v_1_5\681_sdv5_00054.jpg,1,stable_diffusion_v_1_5,train
BigGAN\291_biggan_00039.jpg,1,BigGAN,train
ADM\736_adm_102.jpg,1,ADM,train
Nature\n01729977_15627.JPEG,0,Nature,train
BigGAN\219_biggan_00188.jpg,1,BigGAN,train
stable_diffusion_v_1_5\153_sdv5_00028.jpg,1,stable_diffusion_v_1_5,train
stable_diffusion_v_1_5\747_sdv5_00186.jpg,1,stable_diffusion_v_1_5,train
stable_diffusion_v_1_5\071_sdv5_00049.jpg,1,stable_diffusion_v_1_5,train
BigGAN\847_biggan_00039.jpg,1,BigGAN,train
Nature\n01644900_9128.JPEG,0,Nature,train
Nature\n01514859_3495.JPEG,0,Nature,train
Nature\n01693334_13791.JPEG,0,Nature,train
BigGAN\699_biggan_00061.jpg,1,BigGAN,train
stable_diffusion_v_1_5\728_sdv5_00161.jpg,1,stable_diffusion_v_1_5,train
ADM\352_adm_77.jpg,1,ADM,train
stable_diffusion_v_1_5\462_sdv5_00137.jpg,1,stable_diffusion_v_1_5,train
Nature\n01592084_5388.JPEG,0,Nature,train
stable_diffusion_v_1_5\746_sdv5_00046.jpg,1,stable_diffusion_v_1_5,train
Nature\n01819313_5347.JPEG,0,Nature,train
BigGAN\768_biggan_00052.jpg,1,BigGAN,train
stable_diffusion_v_1_5\743_sdv5_00074.jpg,1,stable_diffusion_v_1_5,train
stable_diffusion_v_1_5\786_sdv5_00108.jpg,1,stable_diffusion_v_1_5,train
BigGAN\949_biggan_00035.jpg,1,BigGAN,train
BigGAN\748_biggan_00011.jpg,1,BigGAN,train
stable_diffusion_v_1_5\909_sdv5_00007.jpg,1,stable_diffusion_v_1_5,train
BigGAN\179_biggan_00068.jpg,1,BigGAN,train
Nature\n01582220_625.JPEG,0,Nature,train
BigGAN\735_biggan_00006.jpg,1,BigGAN,train
BigGAN\476_biggan_00121.jpg,1,BigGAN,train
ADM\827_adm_87.jpg,1,ADM,train
Nature\n03452741_25595.JPEG,0,Nature,train
Nature\n01484850_4019.JPEG,0,Nature,train
Nature\n01775062_1494.JPEG,0,Nature,train
stable_diffusion_v_1_5\257_sdv5_00152.jpg,1,stable_diffusion_v_1_5,train
ADM\442_adm_153.jpg,1,ADM,train
Nature\n01644900_9676.JPEG,0,Nature,train
ADM\875_adm_165.jpg,1,ADM,train
BigGAN\083_biggan_00018.jpg,1,BigGAN,train
stable_diffusion_v_1_5\845_sdv5_00043.jpg,1,stable_diffusion_v_1_5,train
Nature\n01833805_3386.JPEG,0,Nature,train
Nature\n01818515_5218.JPEG,0,Nature,train
Nature\n02051845_13755.JPEG,0,Nature,train
stable_diffusion_v_1_5\737_sdv5_00009.jpg,1,stable_diffusion_v_1_5,train
ADM\388_adm_176.jpg,1,ADM,train
stable_diffusion_v_1_5\118_sdv5_00179.jpg,1,stable_diffusion_v_1_5,train
ADM\214_adm_166.jpg,1,ADM,train
ADM\84_adm_134.jpg,1,ADM,train
Nature\n01537544_7334.JPEG,0,Nature,train
ADM\418_adm_85.jpg,1,ADM,train
ADM\740_adm_50.jpg,1,ADM,train
stable_diffusion_v_1_5\923_sdv5_00136.jpg,1,stable_diffusion_v_1_5,train
BigGAN\378_biggan_00149.jpg,1,BigGAN,train
BigGAN\549_biggan_00118.jpg,1,BigGAN,train
Nature\n01968897_476.JPEG,0,Nature,train
Nature\n01753488_7551.JPEG,0,Nature,train
ADM\62_adm_24.jpg,1,ADM,train
ADM\272_adm_155.jpg,1,ADM,train
BigGAN\088_biggan_00074.jpg,1,BigGAN,train
stable_diffusion_v_1_5\162_sdv5_00175.jpg,1,stable_diffusion_v_1_5,train
Nature\n01950731_22204.JPEG,0,Nature,train
stable_diffusion_v_1_5\411_sdv5_00039.jpg,1,stable_diffusion_v_1_5,train
BigGAN\101_biggan_00137.jpg,1,BigGAN,train
BigGAN\830_biggan_00030.jpg,1,BigGAN,train
ADM\87_adm_157.jpg,1,ADM,train
Nature\n01687978_5851.JPEG,0,Nature,train
BigGAN\876_biggan_00043.jpg,1,BigGAN,train
Nature\n01860187_10591.JPEG,0,Nature,train
stable_diffusion_v_1_5\975_sdv5_00139.jpg,1,stable_diffusion_v_1_5,train
Nature\n01443537_3817.JPEG,0,Nature,train
Nature\n01828970_5571.JPEG,0,Nature,train
Nature\n04355338_8606.JPEG,0,Nature,train
stable_diffusion_v_1_5\555_sdv5_00110.jpg,1,stable_diffusion_v_1_5,train
stable_diffusion_v_1_5\904_sdv5_00043.jpg,1,stable_diffusion_v_1_5,train
Nature\n04131690_15775.JPEG,0,Nature,train
BigGAN\541_biggan_00056.jpg,1,BigGAN,train
ADM\48_adm_87.jpg,1,ADM,train
BigGAN\573_biggan_00143.jpg,1,BigGAN,train
stable_diffusion_v_1_5\849_sdv5_00039.jpg,1,stable_diffusion_v_1_5,train
BigGAN\677_biggan_00084.jpg,1,BigGAN,train
stable_diffusion_v_1_5\687_sdv5_00020.jpg,1,stable_diffusion_v_1_5,train
ADM\876_adm_165.jpg,1,ADM,train
ADM\122_adm_152.jpg,1,ADM,train
Nature\n01955084_12951.JPEG,0,Nature,train
BigGAN\601_biggan_00127.jpg,1,BigGAN,train
Nature\ILSVRC2012_val_00030845.JPEG,0,Nature,train
BigGAN\572_biggan_00127.jpg,1,BigGAN,train
Nature\n01560419_3630.JPEG,0,Nature,train
BigGAN\004_biggan_00054.jpg,1,BigGAN,train
stable_diffusion_v_1_5\908_sdv5_00113.jpg,1,stable_diffusion_v_1_5,train
Nature\n01984695_60084.JPEG,0,Nature,train
BigGAN\621_biggan_00084.jpg,1,BigGAN,train
BigGAN\264_biggan_00096.jpg,1,BigGAN,train
Nature\n01734418_2665.JPEG,0,Nature,train
stable_diffusion_v_1_5\052_sdv5_00109.jpg,1,stable_diffusion_v_1_5,train
stable_diffusion_v_1_5\951_sdv5_00032.jpg,1,stable_diffusion_v_1_5,train
Nature\n02012849_12872.JPEG,0,Nature,train
Nature\ILSVRC2012_val_00018142.JPEG,0,Nature,train
Nature\n01773797_5422.JPEG,0,Nature,train
BigGAN\016_biggan_00127.jpg,1,BigGAN,train
stable_diffusion_v_1_5\423_sdv5_00136.jpg,1,stable_diffusion_v_1_5,train
Nature\n01735189_2783.JPEG,0,Nature,train
ADM\180_adm_144.jpg,1,ADM,train
Nature\n01728572_6563.JPEG,0,Nature,train
stable_diffusion_v_1_5\071_sdv5_00052.jpg,1,stable_diffusion_v_1_5,train
BigGAN\910_biggan_00127.jpg,1,BigGAN,train
ADM\685_adm_159.jpg,1,ADM,train
ADM\569_adm_118.jpg,1,ADM,train
ADM\667_adm_181.jpg,1,ADM,train
Nature\n01614925_53235.JPEG,0,Nature,train
ADM\973_adm_145.jpg,1,ADM,train
ADM\479_adm_78.jpg,1,ADM,train
Nature\n02037110_6938.JPEG,0,Nature,train
stable_diffusion_v_1_5\006_sdv5_00135.jpg,1,stable_diffusion_v_1_5,train
stable_diffusion_v_1_5\305_sdv5_00035.jpg,1,stable_diffusion_v_1_5,train
stable_diffusion_v_1_5\192_sdv5_00146.jpg,1,stable_diffusion_v_1_5,train
Nature\n01914609_11095.JPEG,0,Nature,train
ADM\672_adm_140.jpg,1,ADM,train
Nature\n01514668_16798.JPEG,0,Nature,train
ADM\762_adm_116.jpg,1,ADM,train
ADM\729_adm_7.jpg,1,ADM,train
ADM\839_adm_135.jpg,1,ADM,train
stable_diffusion_v_1_5\089_sdv5_00103.jpg,1,stable_diffusion_v_1_5,train
ADM\299_adm_104.jpg,1,ADM,train
stable_diffusion_v_1_5\479_sdv5_00069.jpg,1,stable_diffusion_v_1_5,train
stable_diffusion_v_1_5\058_sdv5_00009.jpg,1,stable_diffusion_v_1_5,train
Nature\n01843383_2184.JPEG,0,Nature,train
stable_diffusion_v_1_5\859_sdv5_00101.jpg,1,stable_diffusion_v_1_5,train
Nature\n01582220_1586.JPEG,0,Nature,train
Nature\n02090622_5150.JPEG,0,Nature,train
Nature\n02006656_4668.JPEG,0,Nature,train
BigGAN\620_biggan_00180.jpg,1,BigGAN,train
ADM\564_adm_91.jpg,1,ADM,train
ADM\823_adm_62.jpg,1,ADM,train
ADM\846_adm_7.jpg,1,ADM,train
ADM\641_adm_91.jpg,1,ADM,train
stable_diffusion_v_1_5\674_sdv5_00110.jpg,1,stable_diffusion_v_1_5,train
stable_diffusion_v_1_5\218_sdv5_00140.jpg,1,stable_diffusion_v_1_5,train
stable_diffusion_v_1_5\232_sdv5_00130.jpg,1,stable_diffusion_v_1_5,train
stable_diffusion_v_1_5\126_sdv5_00105.jpg,1,stable_diffusion_v_1_5,train
BigGAN\649_biggan_00110.jpg,1,BigGAN,train
Nature\n02018795_5694.JPEG,0,Nature,train
stable_diffusion_v_1_5\400_sdv5_00137.jpg,1,stable_diffusion_v_1_5,train
Nature\n01443537_1088.JPEG,0,Nature,train
ADM\910_adm_191.jpg,1,ADM,train
BigGAN\466_biggan_00180.jpg,1,BigGAN,train
Nature\n01775062_1019.JPEG,0,Nature,train
Nature\n01729977_8016.JPEG,0,Nature,train
stable_diffusion_v_1_5\681_sdv5_00093.jpg,1,stable_diffusion_v_1_5,train
Nature\n01828970_11397.JPEG,0,Nature,train
stable_diffusion_v_1_5\417_sdv5_00026.jpg,1,stable_diffusion_v_1_5,train
BigGAN\886_biggan_00008.jpg,1,BigGAN,train
BigGAN\330_biggan_00161.jpg,1,BigGAN,train
BigGAN\914_biggan_00008.jpg,1,BigGAN,train
stable_diffusion_v_1_5\634_sdv5_00011.jpg,1,stable_diffusion_v_1_5,train
Nature\ILSVRC2012_val_00005363.JPEG,0,Nature,train
BigGAN\888_biggan_00026.jpg,1,BigGAN,train
Nature\n01675722_4186.JPEG,0,Nature,train
stable_diffusion_v_1_5\299_sdv5_00154.jpg,1,stable_diffusion_v_1_5,train
Nature\n02834397_4239.JPEG,0,Nature,train
stable_diffusion_v_1_5\885_sdv5_00040.jpg,1,stable_diffusion_v_1_5,train
ADM\929_adm_5.jpg,1,ADM,train
Nature\ILSVRC2012_val_00018489.JPEG,0,Nature,train
BigGAN\132_biggan_00035.jpg,1,BigGAN,train
BigGAN\823_biggan_00013.jpg,1,BigGAN,train
stable_diffusion_v_1_5\127_sdv5_00020.jpg,1,stable_diffusion_v_1_5,train
BigGAN\496_biggan_00014.jpg,1,BigGAN,train
Nature\n01531178_22967.JPEG,0,Nature,train
ADM\28_adm_159.jpg,1,ADM,train
Nature\n01914609_10678.JPEG,0,Nature,train
Nature\n01514668_13092.JPEG,0,Nature,train
ADM\138_adm_154.jpg,1,ADM,train
ADM\920_adm_128.jpg,1,ADM,train
ADM\925_adm_34.jpg,1,ADM,train
Nature\n01614925_10649.JPEG,0,Nature,train
stable_diffusion_v_1_5\315_sdv5_00181.jpg,1,stable_diffusion_v_1_5,train
Nature\n02007558_6478.JPEG,0,Nature,train
ADM\114_adm_174.jpg,1,ADM,train
BigGAN\282_biggan_00123.jpg,1,BigGAN,train
ADM\17_adm_124.jpg,1,ADM,train
Nature\n01829413_282.JPEG,0,Nature,train
BigGAN\132_biggan_00074.jpg,1,BigGAN,train
ADM\44_adm_40.jpg,1,ADM,train
BigGAN\215_biggan_00014.jpg,1,BigGAN,train
Nature\n01608432_12361.JPEG,0,Nature,train
Nature\n02028035_4667.JPEG,0,Nature,train
stable_diffusion_v_1_5\880_sdv5_00020.jpg,1,stable_diffusion_v_1_5,train
BigGAN\185_biggan_00123.jpg,1,BigGAN,train
Nature\n01608432_12028.JPEG,0,Nature,train
BigGAN\771_biggan_00039.jpg,1,BigGAN,train
Nature\n01775062_6767.JPEG,0,Nature,train
BigGAN\660_biggan_00155.jpg,1,BigGAN,train
BigGAN\251_biggan_00074.jpg,1,BigGAN,train
stable_diffusion_v_1_5\119_sdv5_00170.jpg,1,stable_diffusion_v_1_5,train
Nature\ILSVRC2012_val_00014461.JPEG,0,Nature,train
ADM\968_adm_149.jpg,1,ADM,train
Nature\n01773797_868.JPEG,0,Nature,train
stable_diffusion_v_1_5\860_sdv5_00003.jpg,1,stable_diffusion_v_1_5,train
ADM\468_adm_162.jpg,1,ADM,train
Nature\n01770393_23398.JPEG,0,Nature,train
ADM\228_adm_40.jpg,1,ADM,train
Nature\n02028035_1023.JPEG,0,Nature,train
ADM\177_adm_36.jpg,1,ADM,train
BigGAN\000_biggan_00093.jpg,1,BigGAN,train
ADM\303_adm_153.jpg,1,ADM,train
Nature\ILSVRC2012_val_00031505.JPEG,0,Nature,train
BigGAN\356_biggan_00077.jpg,1,BigGAN,train
BigGAN\572_biggan_00153.jpg,1,BigGAN,train
BigGAN\415_biggan_00016.jpg,1,BigGAN,train
Nature\n01632458_1080.JPEG,0,Nature,train
Nature\ILSVRC2012_val_00027008.JPEG,0,Nature,train
Nature\ILSVRC2012_val_00030391.JPEG,0,Nature,train
Nature\n01582220_3174.JPEG,0,Nature,train
BigGAN\136_biggan_00057.jpg,1,BigGAN,train
Nature\n01531178_14958.JPEG,0,Nature,train
BigGAN\630_biggan_00127.jpg,1,BigGAN,train
BigGAN\595_biggan_00017.jpg,1,BigGAN,train
Nature\n02013706_3523.JPEG,0,Nature,train
Nature\ILSVRC2012_val_00010889.JPEG,0,Nature,train
BigGAN\115_biggan_00159.jpg,1,BigGAN,train
Nature\ILSVRC2012_val_00010280.JPEG,0,Nature,train
BigGAN\542_biggan_00196.jpg,1,BigGAN,train
Nature\n01950731_10315.JPEG,0,Nature,train
Nature\ILSVRC2012_val_00014664.JPEG,0,Nature,train
Nature\n07749582_1990.JPEG,0,Nature,train
Nature\n03028079_11244.JPEG,0,Nature,train
Nature\ILSVRC2012_val_00006562.JPEG,0,Nature,train
BigGAN\578_biggan_00087.jpg,1,BigGAN,train
ADM\880_adm_153.jpg,1,ADM,train
BigGAN\163_biggan_00160.jpg,1,BigGAN,train
BigGAN\737_biggan_00077.jpg,1,BigGAN,train
stable_diffusion_v_1_5\254_sdv5_00127.jpg,1,stable_diffusion_v_1_5,train
ADM\158_adm_1.jpg,1,ADM,train
ADM\32_adm_91.jpg,1,ADM,train
stable_diffusion_v_1_5\027_sdv5_00120.jpg,1,stable_diffusion_v_1_5,train
ADM\654_adm_34.jpg,1,ADM,train
stable_diffusion_v_1_5\968_sdv5_00191.jpg,1,stable_diffusion_v_1_5,train
ADM\475_adm_63.jpg,1,ADM,train
Nature\n01773797_2799.JPEG,0,Nature,train
Nature\n01820546_2785.JPEG,0,Nature,train
Nature\n02007558_6918.JPEG,0,Nature,train
Nature\ILSVRC2012_val_00034634.JPEG,0,Nature,train
Nature\n01514668_9058.JPEG,0,Nature,train
Nature\n01860187_1811.JPEG,0,Nature,train
ADM\22_adm_145.jpg,1,ADM,train
Nature\n03042490_7200.JPEG,0,Nature,train
stable_diffusion_v_1_5\353_sdv5_00003.jpg,1,stable_diffusion_v_1_5,train
ADM\517_adm_142.jpg,1,ADM,train
BigGAN\359_biggan_00170.jpg,1,BigGAN,train
Nature\n01773549_324.JPEG,0,Nature,train
BigGAN\255_biggan_00181.jpg,1,BigGAN,train
Nature\ILSVRC2012_val_00044565.JPEG,0,Nature,train
Nature\n01735189_21354.JPEG,0,Nature,train
Nature\n01773157_11358.JPEG,0,Nature,train
BigGAN\433_biggan_00175.jpg,1,BigGAN,train
BigGAN\422_biggan_00101.jpg,1,BigGAN,train
Nature\n01514668_20320.JPEG,0,Nature,train
stable_diffusion_v_1_5\065_sdv5_00040.jpg,1,stable_diffusion_v_1_5,train
stable_diffusion_v_1_5\697_sdv5_00048.jpg,1,stable_diffusion_v_1_5,train
stable_diffusion_v_1_5\953_sdv5_00028.jpg,1,stable_diffusion_v_1_5,train
Nature\n01776313_1151.JPEG,0,Nature,train
Nature\n01818515_6258.JPEG,0,Nature,train
BigGAN\044_biggan_00087.jpg,1,BigGAN,train
BigGAN\306_biggan_00022.jpg,1,BigGAN,train
ADM\356_adm_117.jpg,1,ADM,train
ADM\135_adm_86.jpg,1,ADM,train
BigGAN\838_biggan_00118.jpg,1,BigGAN,train
ADM\839_adm_177.jpg,1,ADM,train
stable_diffusion_v_1_5\962_sdv5_00121.jpg,1,stable_diffusion_v_1_5,train
stable_diffusion_v_1_5\444_sdv5_00149.jpg,1,stable_diffusion_v_1_5,train
ADM\215_adm_93.jpg,1,ADM,train
stable_diffusion_v_1_5\117_sdv5_00003.jpg,1,stable_diffusion_v_1_5,train
Nature\n01950731_14144.JPEG,0,Nature,train
stable_diffusion_v_1_5\614_sdv5_00107.jpg,1,stable_diffusion_v_1_5,train
stable_diffusion_v_1_5\281_sdv5_00003.jpg,1,stable_diffusion_v_1_5,train
stable_diffusion_v_1_5\184_sdv5_00006.jpg,1,stable_diffusion_v_1_5,train
BigGAN\661_biggan_00093.jpg,1,BigGAN,train
ADM\248_adm_70.jpg,1,ADM,train
BigGAN\966_biggan_00183.jpg,1,BigGAN,train
stable_diffusion_v_1_5\554_sdv5_00100.jpg,1,stable_diffusion_v_1_5,train
BigGAN\415_biggan_00181.jpg,1,BigGAN,train
stable_diffusion_v_1_5\529_sdv5_00109.jpg,1,stable_diffusion_v_1_5,train
stable_diffusion_v_1_5\201_sdv5_00058.jpg,1,stable_diffusion_v_1_5,train
BigGAN\041_biggan_00155.jpg,1,BigGAN,train
Nature\ILSVRC2012_val_00048714.JPEG,0,Nature,train
Nature\ILSVRC2012_val_00001678.JPEG,0,Nature,train
stable_diffusion_v_1_5\664_sdv5_00131.jpg,1,stable_diffusion_v_1_5,train
ADM\640_adm_112.jpg,1,ADM,train
ADM\345_adm_77.jpg,1,ADM,train
Nature\n01608432_7608.JPEG,0,Nature,train
stable_diffusion_v_1_5\331_sdv5_00002.jpg,1,stable_diffusion_v_1_5,train
stable_diffusion_v_1_5\874_sdv5_00045.jpg,1,stable_diffusion_v_1_5,train
BigGAN\184_biggan_00078.jpg,1,BigGAN,train
ADM\762_adm_175.jpg,1,ADM,train
ADM\488_adm_69.jpg,1,ADM,train
stable_diffusion_v_1_5\715_sdv5_00187.jpg,1,stable_diffusion_v_1_5,train
BigGAN\358_biggan_00088.jpg,1,BigGAN,train
Nature\ILSVRC2012_val_00001044.JPEG,0,Nature,train
BigGAN\958_biggan_00149.jpg,1,BigGAN,train
Nature\n01978455_3719.JPEG,0,Nature,train
Nature\n01774750_7613.JPEG,0,Nature,train
Nature\ILSVRC2012_val_00030016.JPEG,0,Nature,train
stable_diffusion_v_1_5\439_sdv5_00009.jpg,1,stable_diffusion_v_1_5,train
stable_diffusion_v_1_5\632_sdv5_00039.jpg,1,stable_diffusion_v_1_5,train
stable_diffusion_v_1_5\255_sdv5_00016.jpg,1,stable_diffusion_v_1_5,train
ADM\308_adm_16.jpg,1,ADM,train
Nature\n01775062_5361.JPEG,0,Nature,train
Nature\n02051845_12572.JPEG,0,Nature,train
Nature\n01592084_7632.JPEG,0,Nature,train
Nature\n01560419_1316.JPEG,0,Nature,train
Nature\n02027492_1028.JPEG,0,Nature,train
ADM\90_adm_109.jpg,1,ADM,train
stable_diffusion_v_1_5\235_sdv5_00109.jpg,1,stable_diffusion_v_1_5,train
ADM\460_adm_74.jpg,1,ADM,train
Nature\n01734418_16728.JPEG,0,Nature,train
ADM\607_adm_21.jpg,1,ADM,train
Nature\n01608432_11386.JPEG,0,Nature,train
Nature\ILSVRC2012_val_00033931.JPEG,0,Nature,train
ADM\34_adm_85.jpg,1,ADM,train
BigGAN\375_biggan_00167.jpg,1,BigGAN,train
BigGAN\666_biggan_00167.jpg,1,BigGAN,train
Nature\n01924916_4968.JPEG,0,Nature,train
stable_diffusion_v_1_5\194_sdv5_00140.jpg,1,stable_diffusion_v_1_5,train
BigGAN\541_biggan_00050.jpg,1,BigGAN,train
BigGAN\447_biggan_00035.jpg,1,BigGAN,train
Nature\n02006656_10710.JPEG,0,Nature,train
stable_diffusion_v_1_5\701_sdv5_00154.jpg,1,stable_diffusion_v_1_5,train
stable_diffusion_v_1_5\045_sdv5_00084.jpg,1,stable_diffusion_v_1_5,train
BigGAN\422_biggan_00088.jpg,1,BigGAN,train
Nature\n02011460_3227.JPEG,0,Nature,train
BigGAN\010_biggan_00176.jpg,1,BigGAN,train
Nature\n01531178_6152.JPEG,0,Nature,train
ADM\518_adm_188.jpg,1,ADM,train
BigGAN\265_biggan_00138.jpg,1,BigGAN,train
ADM\62_adm_173.jpg,1,ADM,train
Nature\n01614925_3647.JPEG,0,Nature,train
BigGAN\646_biggan_00054.jpg,1,BigGAN,train
Nature\ILSVRC2012_val_00002071.JPEG,0,Nature,train
BigGAN\655_biggan_00054.jpg,1,BigGAN,train
stable_diffusion_v_1_5\588_sdv5_00132.jpg,1,stable_diffusion_v_1_5,train
stable_diffusion_v_1_5\633_sdv5_00162.jpg,1,stable_diffusion_v_1_5,train
Nature\n01774750_9649.JPEG,0,Nature,train
ADM\40_adm_71.jpg,1,ADM,train
Nature\n01950731_5601.JPEG,0,Nature,train
ADM\247_adm_85.jpg,1,ADM,train
BigGAN\769_biggan_00176.jpg,1,BigGAN,train
BigGAN\230_biggan_00020.jpg,1,BigGAN,train
stable_diffusion_v_1_5\817_sdv5_00046.jpg,1,stable_diffusion_v_1_5,train
BigGAN\330_biggan_00073.jpg,1,BigGAN,train
stable_diffusion_v_1_5\739_sdv5_00089.jpg,1,stable_diffusion_v_1_5,train
stable_diffusion_v_1_5\791_sdv5_00032.jpg,1,stable_diffusion_v_1_5,train
ADM\355_adm_62.jpg,1,ADM,train
BigGAN\395_biggan_00036.jpg,1,BigGAN,train
BigGAN\831_biggan_00130.jpg,1,BigGAN,train
Nature\n01847000_13910.JPEG,0,Nature,train
stable_diffusion_v_1_5\814_sdv5_00146.jpg,1,stable_diffusion_v_1_5,train
stable_diffusion_v_1_5\219_sdv5_00017.jpg,1,stable_diffusion_v_1_5,train
BigGAN\266_biggan_00049.jpg,1,BigGAN,train
stable_diffusion_v_1_5\649_sdv5_00153.jpg,1,stable_diffusion_v_1_5,train
BigGAN\603_biggan_00143.jpg,1,BigGAN,train
BigGAN\045_biggan_00074.jpg,1,BigGAN,train
ADM\972_adm_75.jpg,1,ADM,train
BigGAN\520_biggan_00020.jpg,1,BigGAN,train
Nature\n01930112_9208.JPEG,0,Nature,train
ADM\399_adm_153.jpg,1,ADM,train
Nature\n01955084_10067.JPEG,0,Nature,train
ADM\519_adm_85.jpg,1,ADM,train
Nature\n01819313_1084.JPEG,0,Nature,train
BigGAN\979_biggan_00187.jpg,1,BigGAN,train
BigGAN\363_biggan_00002.jpg,1,BigGAN,train
Nature\ILSVRC2012_val_00016781.JPEG,0,Nature,train
ADM\823_adm_145.jpg,1,ADM,train
Nature\n01882714_4428.JPEG,0,Nature,train
Nature\ILSVRC2012_val_00034109.JPEG,0,Nature,train
stable_diffusion_v_1_5\239_sdv5_00003.jpg,1,stable_diffusion_v_1_5,train
BigGAN\598_biggan_00104.jpg,1,BigGAN,train
Nature\n02086910_4129.JPEG,0,Nature,train
BigGAN\906_biggan_00037.jpg,1,BigGAN,train
BigGAN\471_biggan_00171.jpg,1,BigGAN,train
stable_diffusion_v_1_5\972_sdv5_00103.jpg,1,stable_diffusion_v_1_5,train
BigGAN\593_biggan_00154.jpg,1,BigGAN,train
Nature\n01443537_2719.JPEG,0,Nature,train
Nature\n01531178_5894.JPEG,0,Nature,train
BigGAN\703_biggan_00093.jpg,1,BigGAN,train
BigGAN\466_biggan_00033.jpg,1,BigGAN,train
stable_diffusion_v_1_5\612_sdv5_00170.jpg,1,stable_diffusion_v_1_5,train
ADM\528_adm_153.jpg,1,ADM,train
BigGAN\163_biggan_00039.jpg,1,BigGAN,train
stable_diffusion_v_1_5\892_sdv5_00123.jpg,1,stable_diffusion_v_1_5,train
BigGAN\057_biggan_00032.jpg,1,BigGAN,train
ADM\413_adm_91.jpg,1,ADM,train
BigGAN\748_biggan_00047.jpg,1,BigGAN,train
BigGAN\555_biggan_00170.jpg,1,BigGAN,train
stable_diffusion_v_1_5\593_sdv5_00190.jpg,1,stable_diffusion_v_1_5,train
BigGAN\888_biggan_00085.jpg,1,BigGAN,train
ADM\458_adm_174.jpg,1,ADM,train
BigGAN\073_biggan_00176.jpg,1,BigGAN,train
Nature\n01622779_5289.JPEG,0,Nature,train
BigGAN\522_biggan_00057.jpg,1,BigGAN,train
Nature\n02011460_2633.JPEG,0,Nature,train
stable_diffusion_v_1_5\060_sdv5_00195.jpg,1,stable_diffusion_v_1_5,train
ADM\337_adm_15.jpg,1,ADM,train
stable_diffusion_v_1_5\313_sdv5_00062.jpg,1,stable_diffusion_v_1_5,train
BigGAN\168_biggan_00037.jpg,1,BigGAN,train
stable_diffusion_v_1_5\243_sdv5_00142.jpg,1,stable_diffusion_v_1_5,train
BigGAN\226_biggan_00035.jpg,1,BigGAN,train
Nature\n01824575_5112.JPEG,0,Nature,train
stable_diffusion_v_1_5\458_sdv5_00032.jpg,1,stable_diffusion_v_1_5,train
stable_diffusion_v_1_5\405_sdv5_00028.jpg,1,stable_diffusion_v_1_5,train
stable_diffusion_v_1_5\038_sdv5_00005.jpg,1,stable_diffusion_v_1_5,train
Nature\n01742172_10565.JPEG,0,Nature,train
BigGAN\463_biggan_00098.jpg,1,BigGAN,train
BigGAN\335_biggan_00020.jpg,1,BigGAN,train
BigGAN\066_biggan_00035.jpg,1,BigGAN,train
Nature\ILSVRC2012_val_00023199.JPEG,0,Nature,train
ADM\794_adm_116.jpg,1,ADM,train
Nature\n01614925_1970.JPEG,0,Nature,train
BigGAN\161_biggan_00039.jpg,1,BigGAN,train
Nature\n04371774_14669.JPEG,0,Nature,train
Nature\n02012849_913.JPEG,0,Nature,train
BigGAN\847_biggan_00074.jpg,1,BigGAN,train
ADM\440_adm_85.jpg,1,ADM,train
stable_diffusion_v_1_5\692_sdv5_00075.jpg,1,stable_diffusion_v_1_5,train
Nature\n01829413_1167.JPEG,0,Nature,train
Nature\n02109525_30747.JPEG,0,Nature,train
BigGAN\051_biggan_00127.jpg,1,BigGAN,train
ADM\365_adm_116.jpg,1,ADM,train
Nature\n01770393_14970.JPEG,0,Nature,train
Nature\n01847000_15011.JPEG,0,Nature,train
Nature\n01819313_7079.JPEG,0,Nature,train
stable_diffusion_v_1_5\601_sdv5_00076.jpg,1,stable_diffusion_v_1_5,train
ADM\372_adm_44.jpg,1,ADM,train
Nature\n01582220_5083.JPEG,0,Nature,train
Nature\n01860187_4010.JPEG,0,Nature,train
stable_diffusion_v_1_5\479_sdv5_00088.jpg,1,stable_diffusion_v_1_5,train
stable_diffusion_v_1_5\260_sdv5_00027.jpg,1,stable_diffusion_v_1_5,train
stable_diffusion_v_1_5\378_sdv5_00108.jpg,1,stable_diffusion_v_1_5,train
ADM\557_adm_72.jpg,1,ADM,train
Nature\n01820546_6564.JPEG,0,Nature,train
stable_diffusion_v_1_5\792_sdv5_00102.jpg,1,stable_diffusion_v_1_5,train
Nature\n01773549_4660.JPEG,0,Nature,train
Nature\n02058221_14679.JPEG,0,Nature,train
stable_diffusion_v_1_5\051_sdv5_00094.jpg,1,stable_diffusion_v_1_5,train
ADM\653_adm_21.jpg,1,ADM,train
ADM\365_adm_8.jpg,1,ADM,train
ADM\703_adm_34.jpg,1,ADM,train
BigGAN\026_biggan_00018.jpg,1,BigGAN,train
stable_diffusion_v_1_5\785_sdv5_00155.jpg,1,stable_diffusion_v_1_5,train
stable_diffusion_v_1_5\719_sdv5_00009.jpg,1,stable_diffusion_v_1_5,train
BigGAN\897_biggan_00170.jpg,1,BigGAN,train
ADM\379_adm_112.jpg,1,ADM,train
Nature\ILSVRC2012_val_00035252.JPEG,0,Nature,train
ADM\106_adm_85.jpg,1,ADM,train
ADM\908_adm_148.jpg,1,ADM,train
BigGAN\288_biggan_00020.jpg,1,BigGAN,train
stable_diffusion_v_1_5\911_sdv5_00123.jpg,1,stable_diffusion_v_1_5,train
stable_diffusion_v_1_5\078_sdv5_00170.jpg,1,stable_diffusion_v_1_5,train
stable_diffusion_v_1_5\764_sdv5_00027.jpg,1,stable_diffusion_v_1_5,train
Nature\n01484850_2672.JPEG,0,Nature,train
Nature\ILSVRC2012_val_00027484.JPEG,0,Nature,train
stable_diffusion_v_1_5\667_sdv5_00117.jpg,1,stable_diffusion_v_1_5,train
BigGAN\301_biggan_00022.jpg,1,BigGAN,train
BigGAN\326_biggan_00037.jpg,1,BigGAN,train
ADM\232_adm_25.jpg,1,ADM,train
BigGAN\895_biggan_00093.jpg,1,BigGAN,train
ADM\692_adm_19.jpg,1,ADM,train
ADM\519_adm_34.jpg,1,ADM,train
BigGAN\803_biggan_00143.jpg,1,BigGAN,train
BigGAN\349_biggan_00010.jpg,1,BigGAN,train
ADM\608_adm_35.jpg,1,ADM,train
Nature\n02509815_1380.JPEG,0,Nature,train
stable_diffusion_v_1_5\667_sdv5_00189.jpg,1,stable_diffusion_v_1_5,train
ADM\868_adm_80.jpg,1,ADM,train
ADM\743_adm_116.jpg,1,ADM,train
BigGAN\831_biggan_00152.jpg,1,BigGAN,train
stable_diffusion_v_1_5\070_sdv5_00157.jpg,1,stable_diffusion_v_1_5,train
ADM\289_adm_152.jpg,1,ADM,train
BigGAN\241_biggan_00142.jpg,1,BigGAN,train
Nature\n07768694_2227.JPEG,0,Nature,train
ADM\823_adm_141.jpg,1,ADM,train
BigGAN\136_biggan_00021.jpg,1,BigGAN,train
stable_diffusion_v_1_5\994_sdv5_00051.jpg,1,stable_diffusion_v_1_5,train
Nature\n01443537_19810.JPEG,0,Nature,train
Nature\ILSVRC2012_val_00041659.JPEG,0,Nature,train
ADM\566_adm_40.jpg,1,ADM,train
stable_diffusion_v_1_5\512_sdv5_00189.jpg,1,stable_diffusion_v_1_5,train
stable_diffusion_v_1_5\195_sdv5_00009.jpg,1,stable_diffusion_v_1_5,train
stable_diffusion_v_1_5\582_sdv5_00126.jpg,1,stable_diffusion_v_1_5,train
stable_diffusion_v_1_5\819_sdv5_00109.jpg,1,stable_diffusion_v_1_5,train
Nature\n01855672_6865.JPEG,0,Nature,train
Nature\n02018795_4712.JPEG,0,Nature,train
stable_diffusion_v_1_5\259_sdv5_00141.jpg,1,stable_diffusion_v_1_5,train
ADM\650_adm_77.jpg,1,ADM,train
stable_diffusion_v_1_5\212_sdv5_00178.jpg,1,stable_diffusion_v_1_5,train
BigGAN\216_biggan_00173.jpg,1,BigGAN,train
stable_diffusion_v_1_5\923_sdv5_00132.jpg,1,stable_diffusion_v_1_5,train
BigGAN\669_biggan_00001.jpg,1,BigGAN,train
Nature\n01770393_19131.JPEG,0,Nature,train
BigGAN\834_biggan_00117.jpg,1,BigGAN,train
stable_diffusion_v_1_5\940_sdv5_00148.jpg,1,stable_diffusion_v_1_5,train
ADM\146_adm_165.jpg,1,ADM,train
Nature\ILSVRC2012_val_00049783.JPEG,0,Nature,train
ADM\533_adm_108.jpg,1,ADM,train
Nature\n01943899_16005.JPEG,0,Nature,train
stable_diffusion_v_1_5\391_sdv5_00047.jpg,1,stable_diffusion_v_1_5,train
BigGAN\701_biggan_00053.jpg,1,BigGAN,train
Nature\n01740131_5643.JPEG,0,Nature,train
ADM\380_adm_153.jpg,1,ADM,train
Nature\n01944390_20580.JPEG,0,Nature,train
Nature\n01924916_3874.JPEG,0,Nature,train
BigGAN\851_biggan_00074.jpg,1,BigGAN,train
Nature\n01770393_11411.JPEG,0,Nature,train
ADM\151_adm_172.jpg,1,ADM,train
Nature\n02037110_895.JPEG,0,Nature,train
ADM\151_adm_23.jpg,1,ADM,train
BigGAN\240_biggan_00106.jpg,1,BigGAN,train
ADM\656_adm_152.jpg,1,ADM,train
ADM\300_adm_34.jpg,1,ADM,train
ADM\875_adm_6.jpg,1,ADM,train
ADM\279_adm_9.jpg,1,ADM,train
Nature\n01592084_4421.JPEG,0,Nature,train
ADM\930_adm_8.jpg,1,ADM,train
ADM\14_adm_139.jpg,1,ADM,train
Nature\ILSVRC2012_val_00042230.JPEG,0,Nature,train
Nature\n01770081_18022.JPEG,0,Nature,train
ADM\591_adm_174.jpg,1,ADM,train
BigGAN\483_biggan_00044.jpg,1,BigGAN,train
stable_diffusion_v_1_5\844_sdv5_00145.jpg,1,stable_diffusion_v_1_5,train
stable_diffusion_v_1_5\184_sdv5_00128.jpg,1,stable_diffusion_v_1_5,train
Nature\n01820546_7060.JPEG,0,Nature,train
BigGAN\932_biggan_00061.jpg,1,BigGAN,train
BigGAN\645_biggan_00178.jpg,1,BigGAN,train
ADM\865_adm_83.jpg,1,ADM,train
stable_diffusion_v_1_5\741_sdv5_00119.jpg,1,stable_diffusion_v_1_5,train
ADM\459_adm_32.jpg,1,ADM,train
Nature\n01773549_488.JPEG,0,Nature,train
stable_diffusion_v_1_5\940_sdv5_00007.jpg,1,stable_diffusion_v_1_5,train
BigGAN\423_biggan_00196.jpg,1,BigGAN,train
stable_diffusion_v_1_5\324_sdv5_00177.jpg,1,stable_diffusion_v_1_5,train
BigGAN\655_biggan_00113.jpg,1,BigGAN,train
Nature\n01582220_2424.JPEG,0,Nature,train
Nature\n01695060_12959.JPEG,0,Nature,train
BigGAN\725_biggan_00020.jpg,1,BigGAN,train
BigGAN\273_biggan_00004.jpg,1,BigGAN,train
BigGAN\055_biggan_00016.jpg,1,BigGAN,train
BigGAN\278_biggan_00144.jpg,1,BigGAN,train
BigGAN\025_biggan_00051.jpg,1,BigGAN,train
Nature\n01828970_2754.JPEG,0,Nature,train
BigGAN\250_biggan_00167.jpg,1,BigGAN,train
Nature\n01775062_6208.JPEG,0,Nature,train
ADM\984_adm_8.jpg,1,ADM,train
Nature\n04515003_23573.JPEG,0,Nature,train
BigGAN\262_biggan_00165.jpg,1,BigGAN,train
stable_diffusion_v_1_5\128_sdv5_00148.jpg,1,stable_diffusion_v_1_5,train
Nature\ILSVRC2012_val_00025526.JPEG,0,Nature,train
stable_diffusion_v_1_5\841_sdv5_00009.jpg,1,stable_diffusion_v_1_5,train
stable_diffusion_v_1_5\768_sdv5_00100.jpg,1,stable_diffusion_v_1_5,train
BigGAN\564_biggan_00159.jpg,1,BigGAN,train
stable_diffusion_v_1_5\205_sdv5_00009.jpg,1,stable_diffusion_v_1_5,train
stable_diffusion_v_1_5\152_sdv5_00173.jpg,1,stable_diffusion_v_1_5,train
stable_diffusion_v_1_5\100_sdv5_00178.jpg,1,stable_diffusion_v_1_5,train
ADM\767_adm_174.jpg,1,ADM,train
ADM\0_adm_85.jpg,1,ADM,train
BigGAN\083_biggan_00020.jpg,1,BigGAN,train
stable_diffusion_v_1_5\775_sdv5_00003.jpg,1,stable_diffusion_v_1_5,train
ADM\879_adm_100.jpg,1,ADM,train
BigGAN\600_biggan_00104.jpg,1,BigGAN,train
ADM\293_adm_172.jpg,1,ADM,train
stable_diffusion_v_1_5\317_sdv5_00012.jpg,1,stable_diffusion_v_1_5,train
Nature\n01796340_11456.JPEG,0,Nature,train
Nature\n01833805_12723.JPEG,0,Nature,train
Nature\n03495258_2760.JPEG,0,Nature,train
stable_diffusion_v_1_5\587_sdv5_00027.jpg,1,stable_diffusion_v_1_5,train
Nature\n01950731_121.JPEG,0,Nature,train
ADM\788_adm_63.jpg,1,ADM,train
Nature\n03187595_3641.JPEG,0,Nature,train
Nature\n01592084_5396.JPEG,0,Nature,train
Nature\n01860187_10481.JPEG,0,Nature,train
Nature\n01608432_7166.JPEG,0,Nature,train
ADM\572_adm_163.jpg,1,ADM,train
BigGAN\742_biggan_00014.jpg,1,BigGAN,train
Nature\n01773797_5421.JPEG,0,Nature,train
stable_diffusion_v_1_5\426_sdv5_00074.jpg,1,stable_diffusion_v_1_5,train
BigGAN\043_biggan_00045.jpg,1,BigGAN,train
stable_diffusion_v_1_5\632_sdv5_00152.jpg,1,stable_diffusion_v_1_5,train
BigGAN\502_biggan_00142.jpg,1,BigGAN,train
stable_diffusion_v_1_5\031_sdv5_00045.jpg,1,stable_diffusion_v_1_5,train
BigGAN\853_biggan_00119.jpg,1,BigGAN,train
ADM\181_adm_20.jpg,1,ADM,train
Nature\n03201208_21747.JPEG,0,Nature,train
stable_diffusion_v_1_5\979_sdv5_00139.jpg,1,stable_diffusion_v_1_5,train
ADM\76_adm_40.jpg,1,ADM,train
Nature\n02007558_5339.JPEG,0,Nature,train
BigGAN\008_biggan_00127.jpg,1,BigGAN,train
ADM\752_adm_168.jpg,1,ADM,train
ADM\964_adm_19.jpg,1,ADM,train
stable_diffusion_v_1_5\658_sdv5_00176.jpg,1,stable_diffusion_v_1_5,train
BigGAN\827_biggan_00061.jpg,1,BigGAN,train
stable_diffusion_v_1_5\561_sdv5_00001.jpg,1,stable_diffusion_v_1_5,train
ADM\864_adm_159.jpg,1,ADM,train
BigGAN\506_biggan_00142.jpg,1,BigGAN,train
BigGAN\986_biggan_00034.jpg,1,BigGAN,train
BigGAN\126_biggan_00127.jpg,1,BigGAN,train
ADM\27_adm_91.jpg,1,ADM,train
ADM\431_adm_125.jpg,1,ADM,train
BigGAN\706_biggan_00173.jpg,1,BigGAN,train
Nature\n01968897_24636.JPEG,0,Nature,train
ADM\179_adm_174.jpg,1,ADM,train
Nature\n04326547_610.JPEG,0,Nature,train
BigGAN\098_biggan_00163.jpg,1,BigGAN,train
Nature\n02007558_11718.JPEG,0,Nature,train
stable_diffusion_v_1_5\394_sdv5_00011.jpg,1,stable_diffusion_v_1_5,train
BigGAN\960_biggan_00044.jpg,1,BigGAN,train
stable_diffusion_v_1_5\219_sdv5_00130.jpg,1,stable_diffusion_v_1_5,train
ADM\508_adm_165.jpg,1,ADM,train
Nature\n01677366_40559.JPEG,0,Nature,train
ADM\661_adm_91.jpg,1,ADM,train
ADM\711_adm_20.jpg,1,ADM,train
BigGAN\266_biggan_00127.jpg,1,BigGAN,train
stable_diffusion_v_1_5\913_sdv5_00124.jpg,1,stable_diffusion_v_1_5,train
Nature\n01514668_9789.JPEG,0,Nature,train
stable_diffusion_v_1_5\495_sdv5_00138.jpg,1,stable_diffusion_v_1_5,train
BigGAN\179_biggan_00004.jpg,1,BigGAN,train
BigGAN\088_biggan_00072.jpg,1,BigGAN,train
Nature\n01819313_3774.JPEG,0,Nature,train
Nature\n01608432_7953.JPEG,0,Nature,train
Nature\n01774384_588.JPEG,0,Nature,train
Nature\n02966193_36709.JPEG,0,Nature,train
ADM\641_adm_16.jpg,1,ADM,train
stable_diffusion_v_1_5\415_sdv5_00111.jpg,1,stable_diffusion_v_1_5,train
BigGAN\684_biggan_00069.jpg,1,BigGAN,train
stable_diffusion_v_1_5\709_sdv5_00005.jpg,1,stable_diffusion_v_1_5,train
BigGAN\286_biggan_00087.jpg,1,BigGAN,train
stable_diffusion_v_1_5\584_sdv5_00017.jpg,1,stable_diffusion_v_1_5,train
BigGAN\772_biggan_00069.jpg,1,BigGAN,train
Nature\n01735189_5556.JPEG,0,Nature,train
BigGAN\504_biggan_00148.jpg,1,BigGAN,train
stable_diffusion_v_1_5\224_sdv5_00042.jpg,1,stable_diffusion_v_1_5,train
BigGAN\666_biggan_00062.jpg,1,BigGAN,train
Nature\n01847000_4384.JPEG,0,Nature,train
Nature\n01773549_3585.JPEG,0,Nature,train
ADM\455_adm_2.jpg,1,ADM,train
stable_diffusion_v_1_5\190_sdv5_00031.jpg,1,stable_diffusion_v_1_5,train
BigGAN\864_biggan_00129.jpg,1,BigGAN,train
stable_diffusion_v_1_5\569_sdv5_00036.jpg,1,stable_diffusion_v_1_5,train
BigGAN\265_biggan_00145.jpg,1,BigGAN,train
Nature\n01944390_10723.JPEG,0,Nature,train
stable_diffusion_v_1_5\384_sdv5_00021.jpg,1,stable_diffusion_v_1_5,train
ADM\601_adm_175.jpg,1,ADM,train
Nature\n01776313_21176.JPEG,0,Nature,train
stable_diffusion_v_1_5\969_sdv5_00130.jpg,1,stable_diffusion_v_1_5,train
Nature\ILSVRC2012_val_00042506.JPEG,0,Nature,train
Nature\n01608432_3533.JPEG,0,Nature,train
ADM\237_adm_168.jpg,1,ADM,train
stable_diffusion_v_1_5\450_sdv5_00185.jpg,1,stable_diffusion_v_1_5,train
Nature\n01828970_3488.JPEG,0,Nature,train
Nature\n01494475_981.JPEG,0,Nature,train
Nature\n01820546_4594.JPEG,0,Nature,train
ADM\896_adm_152.jpg,1,ADM,train
stable_diffusion_v_1_5\227_sdv5_00039.jpg,1,stable_diffusion_v_1_5,train
stable_diffusion_v_1_5\161_sdv5_00066.jpg,1,stable_diffusion_v_1_5,train
BigGAN\977_biggan_00040.jpg,1,BigGAN,train
BigGAN\270_biggan_00157.jpg,1,BigGAN,train
ADM\269_adm_57.jpg,1,ADM,train
ADM\322_adm_138.jpg,1,ADM,train
stable_diffusion_v_1_5\556_sdv5_00057.jpg,1,stable_diffusion_v_1_5,train
BigGAN\086_biggan_00154.jpg,1,BigGAN,train
Nature\n02412080_11516.JPEG,0,Nature,train
stable_diffusion_v_1_5\947_sdv5_00195.jpg,1,stable_diffusion_v_1_5,train
Nature\n01582220_6240.JPEG,0,Nature,train
stable_diffusion_v_1_5\490_sdv5_00039.jpg,1,stable_diffusion_v_1_5,train
Nature\n01537544_6683.JPEG,0,Nature,train
stable_diffusion_v_1_5\806_sdv5_00106.jpg,1,stable_diffusion_v_1_5,train
Nature\n01693334_2273.JPEG,0,Nature,train
stable_diffusion_v_1_5\550_sdv5_00087.jpg,1,stable_diffusion_v_1_5,train
Nature\n01860187_8433.JPEG,0,Nature,train
stable_diffusion_v_1_5\678_sdv5_00134.jpg,1,stable_diffusion_v_1_5,train
ADM\472_adm_59.jpg,1,ADM,train
ADM\664_adm_80.jpg,1,ADM,train
BigGAN\513_biggan_00035.jpg,1,BigGAN,train
Nature\n01484850_2301.JPEG,0,Nature,train
BigGAN\176_biggan_00108.jpg,1,BigGAN,train
stable_diffusion_v_1_5\222_sdv5_00004.jpg,1,stable_diffusion_v_1_5,train
stable_diffusion_v_1_5\535_sdv5_00172.jpg,1,stable_diffusion_v_1_5,train
Nature\n01698640_3015.JPEG,0,Nature,train
ADM\645_adm_122.jpg,1,ADM,train
ADM\948_adm_93.jpg,1,ADM,train
BigGAN\372_biggan_00039.jpg,1,BigGAN,train
BigGAN\690_biggan_00104.jpg,1,BigGAN,train
ADM\600_adm_91.jpg,1,ADM,train
ADM\422_adm_122.jpg,1,ADM,train
Nature\n01955084_6756.JPEG,0,Nature,train
Nature\n01843383_10394.JPEG,0,Nature,train
BigGAN\182_biggan_00035.jpg,1,BigGAN,train
ADM\509_adm_63.jpg,1,ADM,train
ADM\361_adm_123.jpg,1,ADM,train
BigGAN\240_biggan_00042.jpg,1,BigGAN,train
stable_diffusion_v_1_5\913_sdv5_00020.jpg,1,stable_diffusion_v_1_5,train
BigGAN\836_biggan_00159.jpg,1,BigGAN,train
BigGAN\120_biggan_00074.jpg,1,BigGAN,train
ADM\384_adm_93.jpg,1,ADM,train
ADM\161_adm_161.jpg,1,ADM,train
Nature\n02007558_6266.JPEG,0,Nature,train
Nature\n01829413_2603.JPEG,0,Nature,train
ADM\169_adm_55.jpg,1,ADM,train
Nature\n01819313_5508.JPEG,0,Nature,train
Nature\n01775062_7545.JPEG,0,Nature,train
Nature\n01667778_2220.JPEG,0,Nature,train
ADM\11_adm_53.jpg,1,ADM,train
BigGAN\888_biggan_00127.jpg,1,BigGAN,train
Nature\n01601694_942.JPEG,0,Nature,train
stable_diffusion_v_1_5\014_sdv5_00085.jpg,1,stable_diffusion_v_1_5,train
stable_diffusion_v_1_5\761_sdv5_00098.jpg,1,stable_diffusion_v_1_5,train
BigGAN\028_biggan_00111.jpg,1,BigGAN,train
Nature\n01751748_2380.JPEG,0,Nature,train
stable_diffusion_v_1_5\490_sdv5_00083.jpg,1,stable_diffusion_v_1_5,train
ADM\380_adm_174.jpg,1,ADM,train
BigGAN\336_biggan_00137.jpg,1,BigGAN,train
stable_diffusion_v_1_5\396_sdv5_00105.jpg,1,stable_diffusion_v_1_5,train
Nature\ILSVRC2012_val_00028918.JPEG,0,Nature,train
Nature\n02058221_15018.JPEG,0,Nature,train
ADM\523_adm_63.jpg,1,ADM,train
ADM\286_adm_110.jpg,1,ADM,train
BigGAN\792_biggan_00130.jpg,1,BigGAN,train
Nature\n01667114_6361.JPEG,0,Nature,train
Nature\n01773797_2859.JPEG,0,Nature,train
stable_diffusion_v_1_5\474_sdv5_00003.jpg,1,stable_diffusion_v_1_5,train
stable_diffusion_v_1_5\890_sdv5_00087.jpg,1,stable_diffusion_v_1_5,train
stable_diffusion_v_1_5\285_sdv5_00100.jpg,1,stable_diffusion_v_1_5,train
ADM\847_adm_189.jpg,1,ADM,train
ADM\628_adm_74.jpg,1,ADM,train
BigGAN\833_biggan_00082.jpg,1,BigGAN,train
Nature\n02011460_4648.JPEG,0,Nature,train
stable_diffusion_v_1_5\934_sdv5_00113.jpg,1,stable_diffusion_v_1_5,train
BigGAN\931_biggan_00032.jpg,1,BigGAN,train
ADM\175_adm_12.jpg,1,ADM,train
Nature\n01770081_415.JPEG,0,Nature,train
BigGAN\692_biggan_00183.jpg,1,BigGAN,train
stable_diffusion_v_1_5\598_sdv5_00042.jpg,1,stable_diffusion_v_1_5,train
stable_diffusion_v_1_5\806_sdv5_00074.jpg,1,stable_diffusion_v_1_5,train
stable_diffusion_v_1_5\249_sdv5_00056.jpg,1,stable_diffusion_v_1_5,train
Nature\n01531178_41.JPEG,0,Nature,train
Nature\ILSVRC2012_val_00031304.JPEG,0,Nature,train
Nature\n02027492_7617.JPEG,0,Nature,train
BigGAN\162_biggan_00001.jpg,1,BigGAN,train
Nature\n01693334_9305.JPEG,0,Nature,train
ADM\424_adm_75.jpg,1,ADM,train
stable_diffusion_v_1_5\857_sdv5_00009.jpg,1,stable_diffusion_v_1_5,train
ADM\885_adm_166.jpg,1,ADM,train
Nature\n01614925_18375.JPEG,0,Nature,train
stable_diffusion_v_1_5\709_sdv5_00196.jpg,1,stable_diffusion_v_1_5,train
Nature\n01582220_3634.JPEG,0,Nature,train
Nature\ILSVRC2012_val_00016692.JPEG,0,Nature,train
Nature\n01818515_8606.JPEG,0,Nature,train
stable_diffusion_v_1_5\900_sdv5_00111.jpg,1,stable_diffusion_v_1_5,train
BigGAN\031_biggan_00145.jpg,1,BigGAN,train
Nature\n01828970_4586.JPEG,0,Nature,train
ADM\879_adm_122.jpg,1,ADM,train
BigGAN\730_biggan_00108.jpg,1,BigGAN,train
ADM\48_adm_175.jpg,1,ADM,train
BigGAN\814_biggan_00196.jpg,1,BigGAN,train
BigGAN\271_biggan_00141.jpg,1,BigGAN,train
Nature\n01582220_5775.JPEG,0,Nature,train
BigGAN\206_biggan_00035.jpg,1,BigGAN,train
ADM\775_adm_47.jpg,1,ADM,train
stable_diffusion_v_1_5\385_sdv5_00050.jpg,1,stable_diffusion_v_1_5,train
BigGAN\487_biggan_00051.jpg,1,BigGAN,train
ADM\277_adm_34.jpg,1,ADM,train
ADM\521_adm_174.jpg,1,ADM,train
ADM\596_adm_174.jpg,1,ADM,train
stable_diffusion_v_1_5\008_sdv5_00039.jpg,1,stable_diffusion_v_1_5,train
BigGAN\907_biggan_00020.jpg,1,BigGAN,train
stable_diffusion_v_1_5\411_sdv5_00009.jpg,1,stable_diffusion_v_1_5,train
BigGAN\139_biggan_00039.jpg,1,BigGAN,train
BigGAN\667_biggan_00193.jpg,1,BigGAN,train
BigGAN\627_biggan_00127.jpg,1,BigGAN,train
BigGAN\164_biggan_00091.jpg,1,BigGAN,train
stable_diffusion_v_1_5\670_sdv5_00097.jpg,1,stable_diffusion_v_1_5,train
Nature\ILSVRC2012_val_00049766.JPEG,0,Nature,train
stable_diffusion_v_1_5\227_sdv5_00005.jpg,1,stable_diffusion_v_1_5,train
stable_diffusion_v_1_5\278_sdv5_00059.jpg,1,stable_diffusion_v_1_5,train
stable_diffusion_v_1_5\110_sdv5_00087.jpg,1,stable_diffusion_v_1_5,train
Nature\n01820546_2456.JPEG,0,Nature,train
Nature\ILSVRC2012_val_00026679.JPEG,0,Nature,train
Nature\n01514859_8541.JPEG,0,Nature,train
stable_diffusion_v_1_5\745_sdv5_00159.jpg,1,stable_diffusion_v_1_5,train
Nature\n01776313_13274.JPEG,0,Nature,train
stable_diffusion_v_1_5\673_sdv5_00182.jpg,1,stable_diffusion_v_1_5,train
stable_diffusion_v_1_5\165_sdv5_00010.jpg,1,stable_diffusion_v_1_5,train
BigGAN\509_biggan_00107.jpg,1,BigGAN,train
ADM\739_adm_73.jpg,1,ADM,train
stable_diffusion_v_1_5\840_sdv5_00178.jpg,1,stable_diffusion_v_1_5,train
BigGAN\879_biggan_00130.jpg,1,BigGAN,train
Nature\n01774750_252.JPEG,0,Nature,train
ADM\838_adm_164.jpg,1,ADM,train
Nature\n02007558_3579.JPEG,0,Nature,train
BigGAN\339_biggan_00039.jpg,1,BigGAN,train
stable_diffusion_v_1_5\355_sdv5_00055.jpg,1,stable_diffusion_v_1_5,train
Nature\ILSVRC2012_val_00030095.JPEG,0,Nature,train
ADM\836_adm_1.jpg,1,ADM,train
stable_diffusion_v_1_5\889_sdv5_00153.jpg,1,stable_diffusion_v_1_5,train
ADM\490_adm_181.jpg,1,ADM,train
Nature\ILSVRC2012_val_00018800.JPEG,0,Nature,train
Nature\n01582220_4262.JPEG,0,Nature,train
stable_diffusion_v_1_5\248_sdv5_00104.jpg,1,stable_diffusion_v_1_5,train
Nature\n01930112_6668.JPEG,0,Nature,train
BigGAN\535_biggan_00186.jpg,1,BigGAN,train
BigGAN\183_biggan_00034.jpg,1,BigGAN,train
BigGAN\564_biggan_00143.jpg,1,BigGAN,train
ADM\708_adm_70.jpg,1,ADM,train
ADM\20_adm_21.jpg,1,ADM,train
BigGAN\614_biggan_00127.jpg,1,BigGAN,train
Nature\n01833805_4825.JPEG,0,Nature,train
Nature\n01773157_626.JPEG,0,Nature,train
ADM\92_adm_190.jpg,1,ADM,train
Nature\n02490219_1617.JPEG,0,Nature,train
Nature\n01775062_1.JPEG,0,Nature,train
Nature\n01592084_6604.JPEG,0,Nature,train
ADM\846_adm_176.jpg,1,ADM,train
stable_diffusion_v_1_5\590_sdv5_00060.jpg,1,stable_diffusion_v_1_5,train
stable_diffusion_v_1_5\593_sdv5_00101.jpg,1,stable_diffusion_v_1_5,train
stable_diffusion_v_1_5\175_sdv5_00186.jpg,1,stable_diffusion_v_1_5,train
BigGAN\701_biggan_00018.jpg,1,BigGAN,train
Nature\n01614925_6205.JPEG,0,Nature,train
BigGAN\350_biggan_00047.jpg,1,BigGAN,train
stable_diffusion_v_1_5\200_sdv5_00141.jpg,1,stable_diffusion_v_1_5,train
ADM\958_adm_34.jpg,1,ADM,train
stable_diffusion_v_1_5\197_sdv5_00181.jpg,1,stable_diffusion_v_1_5,train
ADM\434_adm_3.jpg,1,ADM,train
Nature\n01860187_1240.JPEG,0,Nature,train
BigGAN\254_biggan_00127.jpg,1,BigGAN,train
stable_diffusion_v_1_5\628_sdv5_00031.jpg,1,stable_diffusion_v_1_5,train
Nature\n03344393_7433.JPEG,0,Nature,train
Nature\n01770081_10713.JPEG,0,Nature,train
stable_diffusion_v_1_5\306_sdv5_00183.jpg,1,stable_diffusion_v_1_5,train
stable_diffusion_v_1_5\344_sdv5_00033.jpg,1,stable_diffusion_v_1_5,train
Nature\ILSVRC2012_val_00035440.JPEG,0,Nature,train
stable_diffusion_v_1_5\433_sdv5_00082.jpg,1,stable_diffusion_v_1_5,train
stable_diffusion_v_1_5\700_sdv5_00100.jpg,1,stable_diffusion_v_1_5,train
Nature\n01833805_7637.JPEG,0,Nature,train
Nature\n07749582_13280.JPEG,0,Nature,train
Nature\ILSVRC2012_val_00018780.JPEG,0,Nature,train
stable_diffusion_v_1_5\208_sdv5_00075.jpg,1,stable_diffusion_v_1_5,train
ADM\253_adm_36.jpg,1,ADM,train
BigGAN\581_biggan_00109.jpg,1,BigGAN,train
stable_diffusion_v_1_5\228_sdv5_00159.jpg,1,stable_diffusion_v_1_5,train
Nature\n02051845_4728.JPEG,0,Nature,train
ADM\720_adm_17.jpg,1,ADM,train
ADM\522_adm_163.jpg,1,ADM,train
Nature\ILSVRC2012_val_00047943.JPEG,0,Nature,train
ADM\427_adm_34.jpg,1,ADM,train
stable_diffusion_v_1_5\428_sdv5_00082.jpg,1,stable_diffusion_v_1_5,train
ADM\852_adm_89.jpg,1,ADM,train
Nature\n01582220_9090.JPEG,0,Nature,train
Nature\n01773157_9509.JPEG,0,Nature,train
stable_diffusion_v_1_5\880_sdv5_00036.jpg,1,stable_diffusion_v_1_5,train
stable_diffusion_v_1_5\619_sdv5_00075.jpg,1,stable_diffusion_v_1_5,train
stable_diffusion_v_1_5\080_sdv5_00135.jpg,1,stable_diffusion_v_1_5,train
BigGAN\060_biggan_00114.jpg,1,BigGAN,train
Nature\ILSVRC2012_val_00025023.JPEG,0,Nature,train
ADM\634_adm_20.jpg,1,ADM,train
ADM\34_adm_115.jpg,1,ADM,train
Nature\n03637318_34893.JPEG,0,Nature,train
stable_diffusion_v_1_5\552_sdv5_00120.jpg,1,stable_diffusion_v_1_5,train
Nature\n01729977_8895.JPEG,0,Nature,train
stable_diffusion_v_1_5\941_sdv5_00160.jpg,1,stable_diffusion_v_1_5,train
ADM\566_adm_85.jpg,1,ADM,train
BigGAN\480_biggan_00134.jpg,1,BigGAN,train
stable_diffusion_v_1_5\016_sdv5_00091.jpg,1,stable_diffusion_v_1_5,train
BigGAN\756_biggan_00165.jpg,1,BigGAN,train
stable_diffusion_v_1_5\935_sdv5_00186.jpg,1,stable_diffusion_v_1_5,train
Nature\ILSVRC2012_val_00010570.JPEG,0,Nature,train
ADM\618_adm_51.jpg,1,ADM,train
ADM\283_adm_176.jpg,1,ADM,train
stable_diffusion_v_1_5\153_sdv5_00075.jpg,1,stable_diffusion_v_1_5,train
stable_diffusion_v_1_5\364_sdv5_00054.jpg,1,stable_diffusion_v_1_5,train
BigGAN\752_biggan_00023.jpg,1,BigGAN,train
Nature\n01986214_4745.JPEG,0,Nature,train
Nature\n02028035_27743.JPEG,0,Nature,train
ADM\651_adm_149.jpg,1,ADM,train
ADM\532_adm_163.jpg,1,ADM,train
Nature\n01514668_14391.JPEG,0,Nature,train
BigGAN\023_biggan_00044.jpg,1,BigGAN,train
ADM\244_adm_174.jpg,1,ADM,train
Nature\n01775062_3190.JPEG,0,Nature,train
Nature\ILSVRC2012_val_00041535.JPEG,0,Nature,train
BigGAN\434_biggan_00047.jpg,1,BigGAN,train
stable_diffusion_v_1_5\688_sdv5_00034.jpg,1,stable_diffusion_v_1_5,train
ADM\441_adm_6.jpg,1,ADM,train
Nature\n02018207_945.JPEG,0,Nature,train
BigGAN\018_biggan_00020.jpg,1,BigGAN,train
ADM\195_adm_127.jpg,1,ADM,train
BigGAN\443_biggan_00020.jpg,1,BigGAN,train
Nature\n01601694_2516.JPEG,0,Nature,train
stable_diffusion_v_1_5\795_sdv5_00162.jpg,1,stable_diffusion_v_1_5,train
Nature\n01614925_2443.JPEG,0,Nature,train
BigGAN\854_biggan_00020.jpg,1,BigGAN,train
Nature\n01537544_9964.JPEG,0,Nature,train
stable_diffusion_v_1_5\225_sdv5_00187.jpg,1,stable_diffusion_v_1_5,train
BigGAN\450_biggan_00155.jpg,1,BigGAN,train
Nature\n01774384_20786.JPEG,0,Nature,train
ADM\317_adm_32.jpg,1,ADM,train
ADM\697_adm_147.jpg,1,ADM,train
Nature\n01770393_2975.JPEG,0,Nature,train
ADM\77_adm_120.jpg,1,ADM,train
ADM\191_adm_174.jpg,1,ADM,train
ADM\239_adm_127.jpg,1,ADM,train
ADM\62_adm_14.jpg,1,ADM,train
stable_diffusion_v_1_5\264_sdv5_00161.jpg,1,stable_diffusion_v_1_5,train
Nature\ILSVRC2012_val_00025291.JPEG,0,Nature,train
Nature\n01819313_3770.JPEG,0,Nature,train
Nature\n01770081_12292.JPEG,0,Nature,train
ADM\440_adm_21.jpg,1,ADM,train
stable_diffusion_v_1_5\635_sdv5_00000.jpg,1,stable_diffusion_v_1_5,train
Nature\n01833805_2891.JPEG,0,Nature,train
Nature\n01484850_18018.JPEG,0,Nature,train
ADM\206_adm_181.jpg,1,ADM,train
ADM\837_adm_19.jpg,1,ADM,train
Nature\n01756291_6791.JPEG,0,Nature,train
stable_diffusion_v_1_5\731_sdv5_00013.jpg,1,stable_diffusion_v_1_5,train
stable_diffusion_v_1_5\845_sdv5_00115.jpg,1,stable_diffusion_v_1_5,train
Nature\n01687978_2299.JPEG,0,Nature,train
BigGAN\263_biggan_00156.jpg,1,BigGAN,train
Nature\n01614925_14492.JPEG,0,Nature,train
stable_diffusion_v_1_5\942_sdv5_00135.jpg,1,stable_diffusion_v_1_5,train
Nature\n01774384_2523.JPEG,0,Nature,train
stable_diffusion_v_1_5\223_sdv5_00187.jpg,1,stable_diffusion_v_1_5,train
Nature\n01978455_2654.JPEG,0,Nature,train
Nature\n01986214_13098.JPEG,0,Nature,train
Nature\n01729977_1170.JPEG,0,Nature,train
ADM\852_adm_17.jpg,1,ADM,train
BigGAN\634_biggan_00011.jpg,1,BigGAN,train
stable_diffusion_v_1_5\995_sdv5_00108.jpg,1,stable_diffusion_v_1_5,train
stable_diffusion_v_1_5\382_sdv5_00177.jpg,1,stable_diffusion_v_1_5,train
Nature\n02013706_5983.JPEG,0,Nature,train
stable_diffusion_v_1_5\703_sdv5_00093.jpg,1,stable_diffusion_v_1_5,train
BigGAN\030_biggan_00023.jpg,1,BigGAN,train
BigGAN\611_biggan_00159.jpg,1,BigGAN,train
Nature\n01773797_111.JPEG,0,Nature,train
BigGAN\624_biggan_00170.jpg,1,BigGAN,train
BigGAN\839_biggan_00048.jpg,1,BigGAN,train
ADM\81_adm_174.jpg,1,ADM,train
Nature\n02011460_1645.JPEG,0,Nature,train
BigGAN\614_biggan_00035.jpg,1,BigGAN,train
stable_diffusion_v_1_5\089_sdv5_00074.jpg,1,stable_diffusion_v_1_5,train
stable_diffusion_v_1_5\975_sdv5_00058.jpg,1,stable_diffusion_v_1_5,train
ADM\557_adm_70.jpg,1,ADM,train
ADM\408_adm_118.jpg,1,ADM,train
BigGAN\978_biggan_00020.jpg,1,BigGAN,train
ADM\911_adm_91.jpg,1,ADM,train
Nature\n01685808_668.JPEG,0,Nature,train
Nature\n02002556_3306.JPEG,0,Nature,train
ADM\31_adm_171.jpg,1,ADM,train
BigGAN\861_biggan_00037.jpg,1,BigGAN,train
stable_diffusion_v_1_5\358_sdv5_00170.jpg,1,stable_diffusion_v_1_5,train
stable_diffusion_v_1_5\852_sdv5_00135.jpg,1,stable_diffusion_v_1_5,train
Nature\n01877812_8462.JPEG,0,Nature,train
stable_diffusion_v_1_5\219_sdv5_00083.jpg,1,stable_diffusion_v_1_5,train
Nature\n01818515_267.JPEG,0,Nature,train
stable_diffusion_v_1_5\024_sdv5_00132.jpg,1,stable_diffusion_v_1_5,train
Nature\ILSVRC2012_val_00019722.JPEG,0,Nature,train
BigGAN\113_biggan_00143.jpg,1,BigGAN,train
Nature\ILSVRC2012_val_00011712.JPEG,0,Nature,train
Nature\n01829413_2071.JPEG,0,Nature,train
stable_diffusion_v_1_5\870_sdv5_00149.jpg,1,stable_diffusion_v_1_5,train
stable_diffusion_v_1_5\217_sdv5_00022.jpg,1,stable_diffusion_v_1_5,train
stable_diffusion_v_1_5\446_sdv5_00048.jpg,1,stable_diffusion_v_1_5,train
stable_diffusion_v_1_5\093_sdv5_00161.jpg,1,stable_diffusion_v_1_5,train
BigGAN\593_biggan_00039.jpg,1,BigGAN,train
ADM\882_adm_88.jpg,1,ADM,train
stable_diffusion_v_1_5\973_sdv5_00190.jpg,1,stable_diffusion_v_1_5,train
stable_diffusion_v_1_5\075_sdv5_00178.jpg,1,stable_diffusion_v_1_5,train
Nature\n02007558_13051.JPEG,0,Nature,train
BigGAN\518_biggan_00010.jpg,1,BigGAN,train
Nature\n01773797_1628.JPEG,0,Nature,train
stable_diffusion_v_1_5\208_sdv5_00107.jpg,1,stable_diffusion_v_1_5,train
Nature\n01843383_4160.JPEG,0,Nature,train
Nature\ILSVRC2012_val_00025979.JPEG,0,Nature,train
Nature\n02002556_1086.JPEG,0,Nature,train
ADM\59_adm_0.jpg,1,ADM,train
Nature\ILSVRC2012_val_00039712.JPEG,0,Nature,train
ADM\206_adm_117.jpg,1,ADM,train
Nature\n02006656_8037.JPEG,0,Nature,train
BigGAN\538_biggan_00014.jpg,1,BigGAN,train
Nature\n01614925_2422.JPEG,0,Nature,train
ADM\852_adm_190.jpg,1,ADM,train
BigGAN\014_biggan_00055.jpg,1,BigGAN,train
stable_diffusion_v_1_5\938_sdv5_00195.jpg,1,stable_diffusion_v_1_5,train
stable_diffusion_v_1_5\658_sdv5_00165.jpg,1,stable_diffusion_v_1_5,train
stable_diffusion_v_1_5\999_sdv5_00149.jpg,1,stable_diffusion_v_1_5,train
stable_diffusion_v_1_5\626_sdv5_00039.jpg,1,stable_diffusion_v_1_5,train
BigGAN\862_biggan_00078.jpg,1,BigGAN,train
ADM\217_adm_7.jpg,1,ADM,train
stable_diffusion_v_1_5\847_sdv5_00181.jpg,1,stable_diffusion_v_1_5,train
Nature\n01776313_23832.JPEG,0,Nature,train
BigGAN\062_biggan_00139.jpg,1,BigGAN,train
ADM\419_adm_137.jpg,1,ADM,train
stable_diffusion_v_1_5\002_sdv5_00037.jpg,1,stable_diffusion_v_1_5,train
Nature\n01742172_8484.JPEG,0,Nature,train
ADM\182_adm_3.jpg,1,ADM,train
stable_diffusion_v_1_5\388_sdv5_00069.jpg,1,stable_diffusion_v_1_5,train
ADM\946_adm_32.jpg,1,ADM,train
ADM\516_adm_113.jpg,1,ADM,train
ADM\19_adm_165.jpg,1,ADM,train
Nature\n01776313_760.JPEG,0,Nature,train
Nature\ILSVRC2012_val_00001462.JPEG,0,Nature,train
ADM\518_adm_61.jpg,1,ADM,train
stable_diffusion_v_1_5\718_sdv5_00044.jpg,1,stable_diffusion_v_1_5,train
Nature\n02006656_10975.JPEG,0,Nature,train
ADM\196_adm_174.jpg,1,ADM,train
Nature\n01614925_137.JPEG,0,Nature,train
Nature\n02006656_11156.JPEG,0,Nature,train
BigGAN\253_biggan_00023.jpg,1,BigGAN,train
Nature\n01739381_4669.JPEG,0,Nature,train
BigGAN\362_biggan_00122.jpg,1,BigGAN,train
Nature\n01740131_3120.JPEG,0,Nature,train
ADM\437_adm_147.jpg,1,ADM,train
ADM\349_adm_85.jpg,1,ADM,train
stable_diffusion_v_1_5\552_sdv5_00039.jpg,1,stable_diffusion_v_1_5,train
Nature\n02077923_8468.JPEG,0,Nature,train
stable_diffusion_v_1_5\837_sdv5_00145.jpg,1,stable_diffusion_v_1_5,train
BigGAN\724_biggan_00176.jpg,1,BigGAN,train
BigGAN\196_biggan_00110.jpg,1,BigGAN,train
BigGAN\587_biggan_00144.jpg,1,BigGAN,train
BigGAN\971_biggan_00095.jpg,1,BigGAN,train
Nature\n01818515_2407.JPEG,0,Nature,train
BigGAN\243_biggan_00039.jpg,1,BigGAN,train
Nature\n01592084_3555.JPEG,0,Nature,train
BigGAN\593_biggan_00056.jpg,1,BigGAN,train
ADM\605_adm_153.jpg,1,ADM,train
stable_diffusion_v_1_5\441_sdv5_00108.jpg,1,stable_diffusion_v_1_5,train
ADM\496_adm_174.jpg,1,ADM,train
BigGAN\139_biggan_00166.jpg,1,BigGAN,train
BigGAN\930_biggan_00028.jpg,1,BigGAN,train
stable_diffusion_v_1_5\376_sdv5_00005.jpg,1,stable_diffusion_v_1_5,train
Nature\n01950731_13267.JPEG,0,Nature,train
Nature\n01632458_1578.JPEG,0,Nature,train
Nature\n01774750_768.JPEG,0,Nature,train
Nature\n01742172_3564.JPEG,0,Nature,train
Nature\n01734418_10128.JPEG,0,Nature,train
BigGAN\882_biggan_00066.jpg,1,BigGAN,train
BigGAN\970_biggan_00084.jpg,1,BigGAN,train
stable_diffusion_v_1_5\716_sdv5_00086.jpg,1,stable_diffusion_v_1_5,train
stable_diffusion_v_1_5\341_sdv5_00148.jpg,1,stable_diffusion_v_1_5,train
ADM\940_adm_1.jpg,1,ADM,train
BigGAN\836_biggan_00061.jpg,1,BigGAN,train
Nature\n02013706_6823.JPEG,0,Nature,train
Nature\n01833805_3233.JPEG,0,Nature,train
Nature\n01820546_4543.JPEG,0,Nature,train
stable_diffusion_v_1_5\478_sdv5_00076.jpg,1,stable_diffusion_v_1_5,train
stable_diffusion_v_1_5\564_sdv5_00008.jpg,1,stable_diffusion_v_1_5,train
stable_diffusion_v_1_5\264_sdv5_00021.jpg,1,stable_diffusion_v_1_5,train
BigGAN\184_biggan_00095.jpg,1,BigGAN,train
stable_diffusion_v_1_5\946_sdv5_00141.jpg,1,stable_diffusion_v_1_5,train
Nature\n01774384_18210.JPEG,0,Nature,train
stable_diffusion_v_1_5\218_sdv5_00185.jpg,1,stable_diffusion_v_1_5,train
Nature\ILSVRC2012_val_00031481.JPEG,0,Nature,train
Nature\n01877812_3005.JPEG,0,Nature,train
ADM\47_adm_168.jpg,1,ADM,train
stable_diffusion_v_1_5\715_sdv5_00003.jpg,1,stable_diffusion_v_1_5,train
Nature\n02012849_2111.JPEG,0,Nature,train
ADM\678_adm_4.jpg,1,ADM,train
ADM\967_adm_100.jpg,1,ADM,train
ADM\82_adm_154.jpg,1,ADM,train
BigGAN\198_biggan_00008.jpg,1,BigGAN,train
BigGAN\181_biggan_00111.jpg,1,BigGAN,train
ADM\74_adm_48.jpg,1,ADM,train
ADM\866_adm_147.jpg,1,ADM,train
Nature\n01677366_2432.JPEG,0,Nature,train
Nature\ILSVRC2012_val_00040513.JPEG,0,Nature,train
Nature\n01828970_5849.JPEG,0,Nature,train
Nature\n01740131_10539.JPEG,0,Nature,train
ADM\387_adm_179.jpg,1,ADM,train
Nature\n01824575_4965.JPEG,0,Nature,train
Nature\n01560419_9026.JPEG,0,Nature,train
Nature\n01592084_7715.JPEG,0,Nature,train
BigGAN\964_biggan_00047.jpg,1,BigGAN,train
BigGAN\484_biggan_00006.jpg,1,BigGAN,train
BigGAN\583_biggan_00109.jpg,1,BigGAN,train
Nature\n02006656_3859.JPEG,0,Nature,train
BigGAN\071_biggan_00074.jpg,1,BigGAN,train
Nature\n01770081_11359.JPEG,0,Nature,train
Nature\ILSVRC2012_val_00049077.JPEG,0,Nature,train
BigGAN\823_biggan_00017.jpg,1,BigGAN,train
stable_diffusion_v_1_5\396_sdv5_00177.jpg,1,stable_diffusion_v_1_5,train
Nature\n01560419_486.JPEG,0,Nature,train
stable_diffusion_v_1_5\280_sdv5_00108.jpg,1,stable_diffusion_v_1_5,train
BigGAN\275_biggan_00016.jpg,1,BigGAN,train
stable_diffusion_v_1_5\707_sdv5_00008.jpg,1,stable_diffusion_v_1_5,train
ADM\698_adm_174.jpg,1,ADM,train
BigGAN\700_biggan_00030.jpg,1,BigGAN,train
stable_diffusion_v_1_5\118_sdv5_00009.jpg,1,stable_diffusion_v_1_5,train
ADM\462_adm_64.jpg,1,ADM,train
BigGAN\673_biggan_00069.jpg,1,BigGAN,train
ADM\968_adm_12.jpg,1,ADM,train
BigGAN\428_biggan_00057.jpg,1,BigGAN,train
BigGAN\422_biggan_00114.jpg,1,BigGAN,train
Nature\n01773797_2337.JPEG,0,Nature,train
BigGAN\532_biggan_00067.jpg,1,BigGAN,train
BigGAN\955_biggan_00189.jpg,1,BigGAN,train
stable_diffusion_v_1_5\116_sdv5_00111.jpg,1,stable_diffusion_v_1_5,train
Nature\n01819313_3061.JPEG,0,Nature,train
BigGAN\812_biggan_00039.jpg,1,BigGAN,train
BigGAN\933_biggan_00136.jpg,1,BigGAN,train
Nature\n01986214_12988.JPEG,0,Nature,train
ADM\387_adm_175.jpg,1,ADM,train
BigGAN\555_biggan_00024.jpg,1,BigGAN,train
Nature\n03814906_22733.JPEG,0,Nature,train
stable_diffusion_v_1_5\801_sdv5_00135.jpg,1,stable_diffusion_v_1_5,train
ADM\803_adm_78.jpg,1,ADM,train
ADM\961_adm_49.jpg,1,ADM,train
stable_diffusion_v_1_5\069_sdv5_00100.jpg,1,stable_diffusion_v_1_5,train
Nature\ILSVRC2012_val_00008887.JPEG,0,Nature,train
Nature\n01806143_10310.JPEG,0,Nature,train
stable_diffusion_v_1_5\142_sdv5_00059.jpg,1,stable_diffusion_v_1_5,train
stable_diffusion_v_1_5\766_sdv5_00005.jpg,1,stable_diffusion_v_1_5,train
Nature\n01622779_279.JPEG,0,Nature,train
Nature\ILSVRC2012_val_00046769.JPEG,0,Nature,train
stable_diffusion_v_1_5\947_sdv5_00034.jpg,1,stable_diffusion_v_1_5,train
Nature\ILSVRC2012_val_00044481.JPEG,0,Nature,train
Nature\n07760859_11498.JPEG,0,Nature,train
Nature\n01773157_3446.JPEG,0,Nature,train
ADM\986_adm_121.jpg,1,ADM,train
Nature\n01950731_13959.JPEG,0,Nature,train
stable_diffusion_v_1_5\608_sdv5_00023.jpg,1,stable_diffusion_v_1_5,train
ADM\312_adm_85.jpg,1,ADM,train
BigGAN\850_biggan_00046.jpg,1,BigGAN,train
stable_diffusion_v_1_5\738_sdv5_00003.jpg,1,stable_diffusion_v_1_5,train
Nature\n02077923_13550.JPEG,0,Nature,train
Nature\n01985128_28838.JPEG,0,Nature,train
stable_diffusion_v_1_5\177_sdv5_00024.jpg,1,stable_diffusion_v_1_5,train
ADM\623_adm_64.jpg,1,ADM,train
Nature\n03983396_11624.JPEG,0,Nature,train
Nature\n01756291_8070.JPEG,0,Nature,train
ADM\669_adm_168.jpg,1,ADM,train
stable_diffusion_v_1_5\676_sdv5_00146.jpg,1,stable_diffusion_v_1_5,train
Nature\n01968897_7699.JPEG,0,Nature,train
BigGAN\583_biggan_00061.jpg,1,BigGAN,train
stable_diffusion_v_1_5\425_sdv5_00020.jpg,1,stable_diffusion_v_1_5,train
BigGAN\599_biggan_00166.jpg,1,BigGAN,train
BigGAN\977_biggan_00055.jpg,1,BigGAN,train
Nature\n04228054_18064.JPEG,0,Nature,train
Nature\n01775062_1187.JPEG,0,Nature,train
stable_diffusion_v_1_5\350_sdv5_00189.jpg,1,stable_diffusion_v_1_5,train
Nature\n01582220_4281.JPEG,0,Nature,train
ADM\553_adm_7.jpg,1,ADM,train
ADM\211_adm_86.jpg,1,ADM,train
ADM\717_adm_72.jpg,1,ADM,train
ADM\843_adm_159.jpg,1,ADM,train
BigGAN\870_biggan_00035.jpg,1,BigGAN,train
BigGAN\712_biggan_00150.jpg,1,BigGAN,train
BigGAN\507_biggan_00171.jpg,1,BigGAN,train
ADM\465_adm_181.jpg,1,ADM,train
stable_diffusion_v_1_5\932_sdv5_00144.jpg,1,stable_diffusion_v_1_5,train
BigGAN\113_biggan_00059.jpg,1,BigGAN,train
ADM\81_adm_87.jpg,1,ADM,train
Nature\n01944390_4741.JPEG,0,Nature,train
stable_diffusion_v_1_5\908_sdv5_00056.jpg,1,stable_diffusion_v_1_5,train
BigGAN\072_biggan_00011.jpg,1,BigGAN,train
ADM\185_adm_165.jpg,1,ADM,train
stable_diffusion_v_1_5\345_sdv5_00009.jpg,1,stable_diffusion_v_1_5,train
Nature\n01819313_3681.JPEG,0,Nature,train
Nature\n02027492_9711.JPEG,0,Nature,train
stable_diffusion_v_1_5\639_sdv5_00170.jpg,1,stable_diffusion_v_1_5,train
Nature\n03026506_4305.JPEG,0,Nature,train
ADM\326_adm_45.jpg,1,ADM,train
Nature\n02028035_860.JPEG,0,Nature,train
BigGAN\909_biggan_00183.jpg,1,BigGAN,train
Nature\ILSVRC2012_val_00040800.JPEG,0,Nature,train
Nature\n02037110_1109.JPEG,0,Nature,train
stable_diffusion_v_1_5\790_sdv5_00145.jpg,1,stable_diffusion_v_1_5,train
Nature\n02006656_6649.JPEG,0,Nature,train
stable_diffusion_v_1_5\528_sdv5_00074.jpg,1,stable_diffusion_v_1_5,train
Nature\n01514859_11062.JPEG,0,Nature,train
Nature\n01582220_9259.JPEG,0,Nature,train
Nature\n01740131_10062.JPEG,0,Nature,train
Nature\n02012849_7408.JPEG,0,Nature,train
BigGAN\692_biggan_00152.jpg,1,BigGAN,train
ADM\55_adm_154.jpg,1,ADM,train
stable_diffusion_v_1_5\265_sdv5_00081.jpg,1,stable_diffusion_v_1_5,train
BigGAN\347_biggan_00060.jpg,1,BigGAN,train
Nature\n01531178_23318.JPEG,0,Nature,train
Nature\n01828970_2348.JPEG,0,Nature,train
stable_diffusion_v_1_5\609_sdv5_00167.jpg,1,stable_diffusion_v_1_5,train
BigGAN\828_biggan_00143.jpg,1,BigGAN,train
Nature\ILSVRC2012_val_00032072.JPEG,0,Nature,train
ADM\805_adm_66.jpg,1,ADM,train
BigGAN\997_biggan_00104.jpg,1,BigGAN,train
BigGAN\957_biggan_00045.jpg,1,BigGAN,train
stable_diffusion_v_1_5\491_sdv5_00175.jpg,1,stable_diffusion_v_1_5,train
Nature\n01582220_10072.JPEG,0,Nature,train
Nature\n01531178_14626.JPEG,0,Nature,train
ADM\548_adm_36.jpg,1,ADM,train
BigGAN\278_biggan_00182.jpg,1,BigGAN,train
BigGAN\347_biggan_00074.jpg,1,BigGAN,train
ADM\210_adm_183.jpg,1,ADM,train
Nature\n01855672_15197.JPEG,0,Nature,train
Nature\n01944390_17422.JPEG,0,Nature,train
Nature\n01560419_7386.JPEG,0,Nature,train
ADM\480_adm_51.jpg,1,ADM,train
BigGAN\908_biggan_00143.jpg,1,BigGAN,train
ADM\773_adm_112.jpg,1,ADM,train
Nature\n01622779_1216.JPEG,0,Nature,train
stable_diffusion_v_1_5\319_sdv5_00185.jpg,1,stable_diffusion_v_1_5,train
ADM\166_adm_70.jpg,1,ADM,train
BigGAN\797_biggan_00153.jpg,1,BigGAN,train
BigGAN\567_biggan_00072.jpg,1,BigGAN,train
Nature\n01819313_6392.JPEG,0,Nature,train
Nature\n01833805_8721.JPEG,0,Nature,train
BigGAN\324_biggan_00082.jpg,1,BigGAN,train
Nature\n01820546_5794.JPEG,0,Nature,train
Nature\n01698640_5423.JPEG,0,Nature,train
ADM\748_adm_77.jpg,1,ADM,train
BigGAN\539_biggan_00131.jpg,1,BigGAN,train
BigGAN\511_biggan_00127.jpg,1,BigGAN,train
BigGAN\116_biggan_00057.jpg,1,BigGAN,train
ADM\717_adm_85.jpg,1,ADM,train
BigGAN\080_biggan_00016.jpg,1,BigGAN,train
ADM\761_adm_91.jpg,1,ADM,train
stable_diffusion_v_1_5\652_sdv5_00084.jpg,1,stable_diffusion_v_1_5,train
BigGAN\373_biggan_00102.jpg,1,BigGAN,train
stable_diffusion_v_1_5\709_sdv5_00111.jpg,1,stable_diffusion_v_1_5,train
Nature\n01950731_28.JPEG,0,Nature,train
stable_diffusion_v_1_5\789_sdv5_00166.jpg,1,stable_diffusion_v_1_5,train
Nature\n01775062_7032.JPEG,0,Nature,train
Nature\n01734418_11782.JPEG,0,Nature,train
Nature\n01537544_6322.JPEG,0,Nature,train
ADM\502_adm_85.jpg,1,ADM,train
ADM\72_adm_48.jpg,1,ADM,train
stable_diffusion_v_1_5\701_sdv5_00003.jpg,1,stable_diffusion_v_1_5,train
ADM\411_adm_99.jpg,1,ADM,train
ADM\359_adm_15.jpg,1,ADM,train
Nature\n01773549_2997.JPEG,0,Nature,train
Nature\ILSVRC2012_val_00040123.JPEG,0,Nature,train
Nature\n01614925_2578.JPEG,0,Nature,train
ADM\214_adm_6.jpg,1,ADM,train
Nature\n02027492_740.JPEG,0,Nature,train
Nature\ILSVRC2012_val_00041776.JPEG,0,Nature,train
stable_diffusion_v_1_5\330_sdv5_00009.jpg,1,stable_diffusion_v_1_5,train
stable_diffusion_v_1_5\444_sdv5_00004.jpg,1,stable_diffusion_v_1_5,train
stable_diffusion_v_1_5\174_sdv5_00027.jpg,1,stable_diffusion_v_1_5,train
BigGAN\256_biggan_00067.jpg,1,BigGAN,train
Nature\n02007558_5128.JPEG,0,Nature,train
ADM\429_adm_166.jpg,1,ADM,train
BigGAN\587_biggan_00127.jpg,1,BigGAN,train
Nature\n02018207_8094.JPEG,0,Nature,train
ADM\221_adm_139.jpg,1,ADM,train
Nature\n01592084_1572.JPEG,0,Nature,train
BigGAN\205_biggan_00039.jpg,1,BigGAN,train
BigGAN\931_biggan_00117.jpg,1,BigGAN,train
stable_diffusion_v_1_5\893_sdv5_00101.jpg,1,stable_diffusion_v_1_5,train
Nature\n01775062_5523.JPEG,0,Nature,train
stable_diffusion_v_1_5\740_sdv5_00165.jpg,1,stable_diffusion_v_1_5,train
Nature\n01773549_1160.JPEG,0,Nature,train
stable_diffusion_v_1_5\757_sdv5_00018.jpg,1,stable_diffusion_v_1_5,train
Nature\n01531178_20479.JPEG,0,Nature,train
ADM\622_adm_114.jpg,1,ADM,train
Nature\n04599235_5603.JPEG,0,Nature,train
ADM\709_adm_35.jpg,1,ADM,train
Nature\ILSVRC2012_val_00029393.JPEG,0,Nature,train
ADM\690_adm_153.jpg,1,ADM,train
ADM\194_adm_78.jpg,1,ADM,train
ADM\775_adm_125.jpg,1,ADM,train
stable_diffusion_v_1_5\030_sdv5_00136.jpg,1,stable_diffusion_v_1_5,train
stable_diffusion_v_1_5\198_sdv5_00058.jpg,1,stable_diffusion_v_1_5,train
Nature\ILSVRC2012_val_00039231.JPEG,0,Nature,train
BigGAN\012_biggan_00139.jpg,1,BigGAN,train
ADM\164_adm_85.jpg,1,ADM,train
stable_diffusion_v_1_5\213_sdv5_00131.jpg,1,stable_diffusion_v_1_5,train
Nature\ILSVRC2012_val_00035054.JPEG,0,Nature,train
stable_diffusion_v_1_5\639_sdv5_00103.jpg,1,stable_diffusion_v_1_5,train
Nature\ILSVRC2012_val_00009181.JPEG,0,Nature,train
BigGAN\562_biggan_00188.jpg,1,BigGAN,train
ADM\262_adm_121.jpg,1,ADM,train
stable_diffusion_v_1_5\843_sdv5_00120.jpg,1,stable_diffusion_v_1_5,train
ADM\975_adm_91.jpg,1,ADM,train
BigGAN\247_biggan_00053.jpg,1,BigGAN,train
stable_diffusion_v_1_5\430_sdv5_00009.jpg,1,stable_diffusion_v_1_5,train
Nature\n01775062_5770.JPEG,0,Nature,train
ADM\348_adm_77.jpg,1,ADM,train
stable_diffusion_v_1_5\080_sdv5_00046.jpg,1,stable_diffusion_v_1_5,train
BigGAN\969_biggan_00127.jpg,1,BigGAN,train
stable_diffusion_v_1_5\180_sdv5_00105.jpg,1,stable_diffusion_v_1_5,train
Nature\n01924916_5106.JPEG,0,Nature,train
Nature\n01774750_1873.JPEG,0,Nature,train
ADM\563_adm_77.jpg,1,ADM,train
Nature\n01592084_8884.JPEG,0,Nature,train
Nature\n01877812_2676.JPEG,0,Nature,train
Nature\n04131690_2917.JPEG,0,Nature,train
stable_diffusion_v_1_5\425_sdv5_00048.jpg,1,stable_diffusion_v_1_5,train
stable_diffusion_v_1_5\178_sdv5_00184.jpg,1,stable_diffusion_v_1_5,train
Nature\n01494475_6324.JPEG,0,Nature,train
Nature\n01742172_19975.JPEG,0,Nature,train
BigGAN\644_biggan_00094.jpg,1,BigGAN,train
Nature\n01729322_3932.JPEG,0,Nature,train
BigGAN\645_biggan_00143.jpg,1,BigGAN,train
ADM\406_adm_176.jpg,1,ADM,train
ADM\7_adm_142.jpg,1,ADM,train
BigGAN\729_biggan_00076.jpg,1,BigGAN,train
BigGAN\588_biggan_00138.jpg,1,BigGAN,train
Nature\n01622779_6023.JPEG,0,Nature,train
BigGAN\113_biggan_00097.jpg,1,BigGAN,train
BigGAN\652_biggan_00085.jpg,1,BigGAN,train
ADM\964_adm_21.jpg,1,ADM,train
ADM\653_adm_76.jpg,1,ADM,train
stable_diffusion_v_1_5\773_sdv5_00135.jpg,1,stable_diffusion_v_1_5,train
BigGAN\258_biggan_00186.jpg,1,BigGAN,train
BigGAN\517_biggan_00074.jpg,1,BigGAN,train
Nature\ILSVRC2012_val_00003064.JPEG,0,Nature,train
stable_diffusion_v_1_5\711_sdv5_00035.jpg,1,stable_diffusion_v_1_5,train
Nature\n03042490_18745.JPEG,0,Nature,train
Nature\ILSVRC2012_val_00036534.JPEG,0,Nature,train
BigGAN\335_biggan_00035.jpg,1,BigGAN,train
stable_diffusion_v_1_5\946_sdv5_00142.jpg,1,stable_diffusion_v_1_5,train
ADM\554_adm_153.jpg,1,ADM,train
stable_diffusion_v_1_5\637_sdv5_00056.jpg,1,stable_diffusion_v_1_5,train
Nature\n02037110_815.JPEG,0,Nature,train
stable_diffusion_v_1_5\010_sdv5_00157.jpg,1,stable_diffusion_v_1_5,train
Nature\n04398044_5360.JPEG,0,Nature,train
BigGAN\635_biggan_00134.jpg,1,BigGAN,train
stable_diffusion_v_1_5\081_sdv5_00195.jpg,1,stable_diffusion_v_1_5,train
BigGAN\308_biggan_00139.jpg,1,BigGAN,train
stable_diffusion_v_1_5\921_sdv5_00182.jpg,1,stable_diffusion_v_1_5,train
BigGAN\077_biggan_00064.jpg,1,BigGAN,train
BigGAN\852_biggan_00074.jpg,1,BigGAN,train
Nature\n01728572_4509.JPEG,0,Nature,train
ADM\572_adm_34.jpg,1,ADM,train
stable_diffusion_v_1_5\061_sdv5_00097.jpg,1,stable_diffusion_v_1_5,train
stable_diffusion_v_1_5\885_sdv5_00135.jpg,1,stable_diffusion_v_1_5,train
Nature\n01950731_14058.JPEG,0,Nature,train
Nature\n01843383_7044.JPEG,0,Nature,train
BigGAN\814_biggan_00109.jpg,1,BigGAN,train
Nature\n01773797_4377.JPEG,0,Nature,train
Nature\n02011460_2705.JPEG,0,Nature,train
stable_diffusion_v_1_5\539_sdv5_00020.jpg,1,stable_diffusion_v_1_5,train
stable_diffusion_v_1_5\785_sdv5_00135.jpg,1,stable_diffusion_v_1_5,train
ADM\431_adm_118.jpg,1,ADM,train
Nature\n02012849_521.JPEG,0,Nature,train
ADM\306_adm_28.jpg,1,ADM,train
Nature\n01775062_4882.JPEG,0,Nature,train
BigGAN\364_biggan_00175.jpg,1,BigGAN,train
stable_diffusion_v_1_5\804_sdv5_00132.jpg,1,stable_diffusion_v_1_5,train
stable_diffusion_v_1_5\733_sdv5_00170.jpg,1,stable_diffusion_v_1_5,train
ADM\898_adm_63.jpg,1,ADM,train
Nature\n01860187_1929.JPEG,0,Nature,train
BigGAN\134_biggan_00061.jpg,1,BigGAN,train
Nature\n01537544_1160.JPEG,0,Nature,train
BigGAN\998_biggan_00107.jpg,1,BigGAN,train
Nature\n01537544_1302.JPEG,0,Nature,train
BigGAN\310_biggan_00153.jpg,1,BigGAN,train
stable_diffusion_v_1_5\734_sdv5_00161.jpg,1,stable_diffusion_v_1_5,train
stable_diffusion_v_1_5\281_sdv5_00100.jpg,1,stable_diffusion_v_1_5,train
ADM\334_adm_72.jpg,1,ADM,train
Nature\n01592084_7156.JPEG,0,Nature,train
stable_diffusion_v_1_5\152_sdv5_00058.jpg,1,stable_diffusion_v_1_5,train
stable_diffusion_v_1_5\828_sdv5_00068.jpg,1,stable_diffusion_v_1_5,train
Nature\n02002556_545.JPEG,0,Nature,train
BigGAN\408_biggan_00074.jpg,1,BigGAN,train
Nature\n01818515_9010.JPEG,0,Nature,train
BigGAN\792_biggan_00190.jpg,1,BigGAN,train
stable_diffusion_v_1_5\253_sdv5_00009.jpg,1,stable_diffusion_v_1_5,train
ADM\11_adm_55.jpg,1,ADM,train
Nature\n01693334_10423.JPEG,0,Nature,train
Nature\ILSVRC2012_val_00030887.JPEG,0,Nature,train
BigGAN\526_biggan_00143.jpg,1,BigGAN,train
ADM\431_adm_33.jpg,1,ADM,train
ADM\154_adm_89.jpg,1,ADM,train
Nature\n01484850_13992.JPEG,0,Nature,train
Nature\n01755581_10076.JPEG,0,Nature,train
stable_diffusion_v_1_5\661_sdv5_00005.jpg,1,stable_diffusion_v_1_5,train
BigGAN\838_biggan_00020.jpg,1,BigGAN,train
BigGAN\142_biggan_00187.jpg,1,BigGAN,train
BigGAN\785_biggan_00000.jpg,1,BigGAN,train
Nature\n01985128_6357.JPEG,0,Nature,train
stable_diffusion_v_1_5\653_sdv5_00003.jpg,1,stable_diffusion_v_1_5,train
BigGAN\096_biggan_00022.jpg,1,BigGAN,train
stable_diffusion_v_1_5\255_sdv5_00000.jpg,1,stable_diffusion_v_1_5,train
ADM\952_adm_89.jpg,1,ADM,train
BigGAN\665_biggan_00170.jpg,1,BigGAN,train
Nature\n01860187_811.JPEG,0,Nature,train
ADM\234_adm_70.jpg,1,ADM,train
ADM\85_adm_184.jpg,1,ADM,train
ADM\349_adm_45.jpg,1,ADM,train
Nature\n01819313_4002.JPEG,0,Nature,train
Nature\n01877812_1562.JPEG,0,Nature,train
stable_diffusion_v_1_5\269_sdv5_00043.jpg,1,stable_diffusion_v_1_5,train
ADM\496_adm_123.jpg,1,ADM,train
Nature\n01582220_5239.JPEG,0,Nature,train
stable_diffusion_v_1_5\688_sdv5_00006.jpg,1,stable_diffusion_v_1_5,train
ADM\170_adm_182.jpg,1,ADM,train
Nature\ILSVRC2012_val_00027006.JPEG,0,Nature,train
BigGAN\975_biggan_00082.jpg,1,BigGAN,train
ADM\537_adm_91.jpg,1,ADM,train
Nature\n02018795_1699.JPEG,0,Nature,train
Nature\n01614925_1816.JPEG,0,Nature,train
BigGAN\693_biggan_00161.jpg,1,BigGAN,train
BigGAN\730_biggan_00010.jpg,1,BigGAN,train
stable_diffusion_v_1_5\990_sdv5_00148.jpg,1,stable_diffusion_v_1_5,train
BigGAN\954_biggan_00172.jpg,1,BigGAN,train
ADM\404_adm_82.jpg,1,ADM,train
stable_diffusion_v_1_5\621_sdv5_00027.jpg,1,stable_diffusion_v_1_5,train
Nature\n01622779_4694.JPEG,0,Nature,train
Nature\ILSVRC2012_val_00012965.JPEG,0,Nature,train
stable_diffusion_v_1_5\742_sdv5_00017.jpg,1,stable_diffusion_v_1_5,train
Nature\n01494475_12415.JPEG,0,Nature,train
ADM\446_adm_40.jpg,1,ADM,train
stable_diffusion_v_1_5\955_sdv5_00146.jpg,1,stable_diffusion_v_1_5,train
stable_diffusion_v_1_5\370_sdv5_00132.jpg,1,stable_diffusion_v_1_5,train
Nature\n01795545_5946.JPEG,0,Nature,train
ADM\116_adm_76.jpg,1,ADM,train
stable_diffusion_v_1_5\568_sdv5_00023.jpg,1,stable_diffusion_v_1_5,train
BigGAN\407_biggan_00002.jpg,1,BigGAN,train
ADM\277_adm_161.jpg,1,ADM,train
Nature\n01677366_8523.JPEG,0,Nature,train
Nature\ILSVRC2012_val_00020106.JPEG,0,Nature,train
BigGAN\198_biggan_00074.jpg,1,BigGAN,train
BigGAN\185_biggan_00008.jpg,1,BigGAN,train
BigGAN\274_biggan_00061.jpg,1,BigGAN,train
BigGAN\049_biggan_00078.jpg,1,BigGAN,train
BigGAN\145_biggan_00078.jpg,1,BigGAN,train
BigGAN\375_biggan_00007.jpg,1,BigGAN,train
ADM\778_adm_69.jpg,1,ADM,train
Nature\n02037110_1645.JPEG,0,Nature,train
ADM\342_adm_122.jpg,1,ADM,train
Nature\n01820546_3345.JPEG,0,Nature,train
ADM\423_adm_187.jpg,1,ADM,train
BigGAN\324_biggan_00161.jpg,1,BigGAN,train
BigGAN\166_biggan_00074.jpg,1,BigGAN,train
Nature\n07760859_9242.JPEG,0,Nature,train
ADM\329_adm_184.jpg,1,ADM,train
stable_diffusion_v_1_5\593_sdv5_00048.jpg,1,stable_diffusion_v_1_5,train
BigGAN\667_biggan_00111.jpg,1,BigGAN,train
stable_diffusion_v_1_5\390_sdv5_00136.jpg,1,stable_diffusion_v_1_5,train
Nature\ILSVRC2012_val_00021350.JPEG,0,Nature,train
Nature\n01531178_21940.JPEG,0,Nature,train
BigGAN\031_biggan_00167.jpg,1,BigGAN,train
Nature\n01614925_16164.JPEG,0,Nature,train
ADM\85_adm_32.jpg,1,ADM,train
Nature\n01614925_2118.JPEG,0,Nature,train
BigGAN\500_biggan_00190.jpg,1,BigGAN,train
BigGAN\688_biggan_00040.jpg,1,BigGAN,train
BigGAN\997_biggan_00139.jpg,1,BigGAN,train
stable_diffusion_v_1_5\023_sdv5_00086.jpg,1,stable_diffusion_v_1_5,train
BigGAN\771_biggan_00117.jpg,1,BigGAN,train
ADM\357_adm_48.jpg,1,ADM,train
BigGAN\520_biggan_00066.jpg,1,BigGAN,train
stable_diffusion_v_1_5\710_sdv5_00131.jpg,1,stable_diffusion_v_1_5,train
stable_diffusion_v_1_5\723_sdv5_00009.jpg,1,stable_diffusion_v_1_5,train
BigGAN\548_biggan_00128.jpg,1,BigGAN,train
BigGAN\477_biggan_00162.jpg,1,BigGAN,train
stable_diffusion_v_1_5\943_sdv5_00083.jpg,1,stable_diffusion_v_1_5,train
Nature\n01950731_17077.JPEG,0,Nature,train
stable_diffusion_v_1_5\530_sdv5_00123.jpg,1,stable_diffusion_v_1_5,train
BigGAN\457_biggan_00039.jpg,1,BigGAN,train
Nature\ILSVRC2012_val_00042128.JPEG,0,Nature,train
ADM\167_adm_110.jpg,1,ADM,train
ADM\390_adm_66.jpg,1,ADM,train
stable_diffusion_v_1_5\458_sdv5_00046.jpg,1,stable_diffusion_v_1_5,train
Nature\n01819313_1455.JPEG,0,Nature,train
BigGAN\754_biggan_00040.jpg,1,BigGAN,train
BigGAN\972_biggan_00035.jpg,1,BigGAN,train
stable_diffusion_v_1_5\211_sdv5_00159.jpg,1,stable_diffusion_v_1_5,train
Nature\n02012849_5907.JPEG,0,Nature,train
ADM\180_adm_34.jpg,1,ADM,train
Nature\n01924916_6950.JPEG,0,Nature,train
BigGAN\690_biggan_00045.jpg,1,BigGAN,train
stable_diffusion_v_1_5\235_sdv5_00152.jpg,1,stable_diffusion_v_1_5,train
stable_diffusion_v_1_5\040_sdv5_00088.jpg,1,stable_diffusion_v_1_5,train
ADM\907_adm_132.jpg,1,ADM,train
Nature\n01693334_9233.JPEG,0,Nature,train
BigGAN\419_biggan_00118.jpg,1,BigGAN,train
stable_diffusion_v_1_5\238_sdv5_00157.jpg,1,stable_diffusion_v_1_5,train
BigGAN\806_biggan_00067.jpg,1,BigGAN,train
Nature\n01773797_6677.JPEG,0,Nature,train
ADM\923_adm_143.jpg,1,ADM,train
Nature\n01955084_6975.JPEG,0,Nature,train
stable_diffusion_v_1_5\827_sdv5_00140.jpg,1,stable_diffusion_v_1_5,train
BigGAN\897_biggan_00175.jpg,1,BigGAN,train
Nature\n01531178_13196.JPEG,0,Nature,train
stable_diffusion_v_1_5\202_sdv5_00068.jpg,1,stable_diffusion_v_1_5,train
Nature\n01914609_3875.JPEG,0,Nature,train
BigGAN\081_biggan_00039.jpg,1,BigGAN,train
ADM\70_adm_34.jpg,1,ADM,train
Nature\n01601694_10142.JPEG,0,Nature,train
stable_diffusion_v_1_5\780_sdv5_00130.jpg,1,stable_diffusion_v_1_5,train
stable_diffusion_v_1_5\489_sdv5_00196.jpg,1,stable_diffusion_v_1_5,train
Nature\n01806143_6722.JPEG,0,Nature,train
ADM\126_adm_153.jpg,1,ADM,train
Nature\n01774750_13163.JPEG,0,Nature,train
ADM\142_adm_31.jpg,1,ADM,train
stable_diffusion_v_1_5\782_sdv5_00190.jpg,1,stable_diffusion_v_1_5,train
Nature\n01855672_1437.JPEG,0,Nature,train
ADM\525_adm_191.jpg,1,ADM,train
stable_diffusion_v_1_5\440_sdv5_00097.jpg,1,stable_diffusion_v_1_5,train
Nature\n01968897_1397.JPEG,0,Nature,train
stable_diffusion_v_1_5\525_sdv5_00040.jpg,1,stable_diffusion_v_1_5,train
BigGAN\570_biggan_00070.jpg,1,BigGAN,train
BigGAN\437_biggan_00155.jpg,1,BigGAN,train
ADM\935_adm_98.jpg,1,ADM,train
ADM\887_adm_174.jpg,1,ADM,train
ADM\169_adm_163.jpg,1,ADM,train
BigGAN\068_biggan_00021.jpg,1,BigGAN,train
Nature\n03717622_2619.JPEG,0,Nature,train
BigGAN\108_biggan_00064.jpg,1,BigGAN,train
ADM\836_adm_7.jpg,1,ADM,train
stable_diffusion_v_1_5\043_sdv5_00009.jpg,1,stable_diffusion_v_1_5,train
ADM\691_adm_50.jpg,1,ADM,train
BigGAN\236_biggan_00081.jpg,1,BigGAN,train
stable_diffusion_v_1_5\913_sdv5_00010.jpg,1,stable_diffusion_v_1_5,train
BigGAN\313_biggan_00127.jpg,1,BigGAN,train
Nature\n01742172_2754.JPEG,0,Nature,train
stable_diffusion_v_1_5\934_sdv5_00195.jpg,1,stable_diffusion_v_1_5,train
stable_diffusion_v_1_5\254_sdv5_00195.jpg,1,stable_diffusion_v_1_5,train
Nature\n01622779_1217.JPEG,0,Nature,train
Nature\n01693334_5211.JPEG,0,Nature,train
stable_diffusion_v_1_5\113_sdv5_00167.jpg,1,stable_diffusion_v_1_5,train
Nature\ILSVRC2012_val_00027656.JPEG,0,Nature,train
Nature\n01819313_3038.JPEG,0,Nature,train
Nature\n01592084_3977.JPEG,0,Nature,train
stable_diffusion_v_1_5\192_sdv5_00046.jpg,1,stable_diffusion_v_1_5,train
ADM\349_adm_56.jpg,1,ADM,train
ADM\465_adm_91.jpg,1,ADM,train
ADM\411_adm_140.jpg,1,ADM,train
ADM\822_adm_12.jpg,1,ADM,train
stable_diffusion_v_1_5\106_sdv5_00040.jpg,1,stable_diffusion_v_1_5,train
BigGAN\743_biggan_00037.jpg,1,BigGAN,train
ADM\590_adm_161.jpg,1,ADM,train
Nature\n01667778_14481.JPEG,0,Nature,train
ADM\690_adm_152.jpg,1,ADM,train
ADM\655_adm_74.jpg,1,ADM,train
Nature\n01729977_5519.JPEG,0,Nature,train
stable_diffusion_v_1_5\016_sdv5_00162.jpg,1,stable_diffusion_v_1_5,train
Nature\n07718472_16593.JPEG,0,Nature,train
stable_diffusion_v_1_5\263_sdv5_00100.jpg,1,stable_diffusion_v_1_5,train
stable_diffusion_v_1_5\049_sdv5_00128.jpg,1,stable_diffusion_v_1_5,train
ADM\50_adm_75.jpg,1,ADM,train
BigGAN\602_biggan_00002.jpg,1,BigGAN,train
ADM\970_adm_115.jpg,1,ADM,train
BigGAN\647_biggan_00035.jpg,1,BigGAN,train
ADM\406_adm_11.jpg,1,ADM,train
BigGAN\193_biggan_00143.jpg,1,BigGAN,train
ADM\971_adm_178.jpg,1,ADM,train
Nature\ILSVRC2012_val_00007564.JPEG,0,Nature,train
Nature\n01685808_5352.JPEG,0,Nature,train
Nature\n03717622_1082.JPEG,0,Nature,train
Nature\n01930112_11081.JPEG,0,Nature,train
BigGAN\977_biggan_00039.jpg,1,BigGAN,train
stable_diffusion_v_1_5\106_sdv5_00117.jpg,1,stable_diffusion_v_1_5,train
ADM\857_adm_137.jpg,1,ADM,train
ADM\791_adm_145.jpg,1,ADM,train
ADM\125_adm_83.jpg,1,ADM,train
Nature\n01693334_7911.JPEG,0,Nature,train
BigGAN\756_biggan_00011.jpg,1,BigGAN,train
Nature\n01531178_16498.JPEG,0,Nature,train
ADM\74_adm_25.jpg,1,ADM,train
ADM\558_adm_41.jpg,1,ADM,train
BigGAN\210_biggan_00068.jpg,1,BigGAN,train
Nature\n01950731_11917.JPEG,0,Nature,train
BigGAN\058_biggan_00127.jpg,1,BigGAN,train
Nature\ILSVRC2012_val_00032520.JPEG,0,Nature,train
Nature\ILSVRC2012_val_00036291.JPEG,0,Nature,train
Nature\n01632458_5785.JPEG,0,Nature,train
BigGAN\672_biggan_00012.jpg,1,BigGAN,train
BigGAN\529_biggan_00185.jpg,1,BigGAN,train
Nature\n01693334_5290.JPEG,0,Nature,train
BigGAN\421_biggan_00046.jpg,1,BigGAN,train
Nature\n02127052_9293.JPEG,0,Nature,train
BigGAN\043_biggan_00017.jpg,1,BigGAN,train
ADM\645_adm_90.jpg,1,ADM,train
BigGAN\639_biggan_00121.jpg,1,BigGAN,train
stable_diffusion_v_1_5\285_sdv5_00195.jpg,1,stable_diffusion_v_1_5,train
stable_diffusion_v_1_5\242_sdv5_00064.jpg,1,stable_diffusion_v_1_5,train
stable_diffusion_v_1_5\856_sdv5_00082.jpg,1,stable_diffusion_v_1_5,train
ADM\820_adm_45.jpg,1,ADM,train
ADM\170_adm_123.jpg,1,ADM,train
Nature\ILSVRC2012_val_00015431.JPEG,0,Nature,train
BigGAN\942_biggan_00050.jpg,1,BigGAN,train
Nature\n01531178_8100.JPEG,0,Nature,train
BigGAN\501_biggan_00104.jpg,1,BigGAN,train
Nature\n01774750_6480.JPEG,0,Nature,train
stable_diffusion_v_1_5\579_sdv5_00135.jpg,1,stable_diffusion_v_1_5,train
Nature\n01751748_926.JPEG,0,Nature,train
ADM\419_adm_177.jpg,1,ADM,train
stable_diffusion_v_1_5\506_sdv5_00039.jpg,1,stable_diffusion_v_1_5,train
stable_diffusion_v_1_5\788_sdv5_00169.jpg,1,stable_diffusion_v_1_5,train
stable_diffusion_v_1_5\412_sdv5_00004.jpg,1,stable_diffusion_v_1_5,train
Nature\n01943899_16061.JPEG,0,Nature,train
ADM\613_adm_7.jpg,1,ADM,train
ADM\133_adm_173.jpg,1,ADM,train
BigGAN\825_biggan_00131.jpg,1,BigGAN,train
Nature\n01514859_10898.JPEG,0,Nature,train
Nature\n01828970_2378.JPEG,0,Nature,train
BigGAN\487_biggan_00175.jpg,1,BigGAN,train
BigGAN\995_biggan_00074.jpg,1,BigGAN,train
BigGAN\109_biggan_00035.jpg,1,BigGAN,train
ADM\763_adm_69.jpg,1,ADM,train
ADM\461_adm_174.jpg,1,ADM,train
ADM\244_adm_173.jpg,1,ADM,train
stable_diffusion_v_1_5\576_sdv5_00070.jpg,1,stable_diffusion_v_1_5,train
Nature\n01776313_8266.JPEG,0,Nature,train
Nature\n01985128_5070.JPEG,0,Nature,train
BigGAN\998_biggan_00143.jpg,1,BigGAN,train
Nature\n01632777_18721.JPEG,0,Nature,train
BigGAN\923_biggan_00020.jpg,1,BigGAN,train
BigGAN\912_biggan_00055.jpg,1,BigGAN,train
Nature\n01955084_7637.JPEG,0,Nature,train
BigGAN\666_biggan_00054.jpg,1,BigGAN,train
Nature\n01774384_18832.JPEG,0,Nature,train
ADM\788_adm_141.jpg,1,ADM,train
BigGAN\978_biggan_00181.jpg,1,BigGAN,train
stable_diffusion_v_1_5\408_sdv5_00120.jpg,1,stable_diffusion_v_1_5,train
ADM\513_adm_7.jpg,1,ADM,train
Nature\n01614925_1657.JPEG,0,Nature,train
stable_diffusion_v_1_5\837_sdv5_00027.jpg,1,stable_diffusion_v_1_5,train
BigGAN\707_biggan_00073.jpg,1,BigGAN,train
ADM\901_adm_33.jpg,1,ADM,train
ADM\15_adm_108.jpg,1,ADM,train
Nature\ILSVRC2012_val_00022764.JPEG,0,Nature,train
BigGAN\364_biggan_00002.jpg,1,BigGAN,train
ADM\651_adm_124.jpg,1,ADM,train
ADM\922_adm_80.jpg,1,ADM,train
ADM\591_adm_154.jpg,1,ADM,train
BigGAN\738_biggan_00078.jpg,1,BigGAN,train
Nature\n01944390_20055.JPEG,0,Nature,train
Nature\n02002556_2491.JPEG,0,Nature,train
ADM\346_adm_32.jpg,1,ADM,train
BigGAN\465_biggan_00059.jpg,1,BigGAN,train
Nature\ILSVRC2012_val_00019716.JPEG,0,Nature,train
ADM\283_adm_19.jpg,1,ADM,train
ADM\155_adm_110.jpg,1,ADM,train
ADM\78_adm_91.jpg,1,ADM,train
stable_diffusion_v_1_5\903_sdv5_00156.jpg,1,stable_diffusion_v_1_5,train
ADM\49_adm_50.jpg,1,ADM,train
BigGAN\046_biggan_00079.jpg,1,BigGAN,train
stable_diffusion_v_1_5\114_sdv5_00129.jpg,1,stable_diffusion_v_1_5,train
Nature\n01770393_20607.JPEG,0,Nature,train
ADM\14_adm_91.jpg,1,ADM,train
BigGAN\136_biggan_00055.jpg,1,BigGAN,train
Nature\n01833805_2264.JPEG,0,Nature,train
BigGAN\419_biggan_00095.jpg,1,BigGAN,train
Nature\n01592084_5919.JPEG,0,Nature,train
BigGAN\817_biggan_00132.jpg,1,BigGAN,train
Nature\n01729977_3269.JPEG,0,Nature,train
Nature\n02018207_5760.JPEG,0,Nature,train
stable_diffusion_v_1_5\055_sdv5_00089.jpg,1,stable_diffusion_v_1_5,train
BigGAN\377_biggan_00127.jpg,1,BigGAN,train
BigGAN\103_biggan_00101.jpg,1,BigGAN,train
Nature\n02206856_4825.JPEG,0,Nature,train
Nature\n01537544_9832.JPEG,0,Nature,train
stable_diffusion_v_1_5\312_sdv5_00005.jpg,1,stable_diffusion_v_1_5,train
stable_diffusion_v_1_5\242_sdv5_00086.jpg,1,stable_diffusion_v_1_5,train
Nature\n01592084_8067.JPEG,0,Nature,train
ADM\598_adm_184.jpg,1,ADM,train
BigGAN\525_biggan_00069.jpg,1,BigGAN,train
BigGAN\916_biggan_00012.jpg,1,BigGAN,train
BigGAN\702_biggan_00107.jpg,1,BigGAN,train
BigGAN\984_biggan_00021.jpg,1,BigGAN,train
Nature\n02105056_15493.JPEG,0,Nature,train
stable_diffusion_v_1_5\960_sdv5_00014.jpg,1,stable_diffusion_v_1_5,train
BigGAN\306_biggan_00173.jpg,1,BigGAN,train
Nature\ILSVRC2012_val_00035855.JPEG,0,Nature,train
Nature\n02012849_9143.JPEG,0,Nature,train
Nature\ILSVRC2012_val_00027776.JPEG,0,Nature,train
ADM\989_adm_168.jpg,1,ADM,train
Nature\n01774750_473.JPEG,0,Nature,train
stable_diffusion_v_1_5\681_sdv5_00067.jpg,1,stable_diffusion_v_1_5,train
BigGAN\280_biggan_00184.jpg,1,BigGAN,train
Nature\n01978287_2042.JPEG,0,Nature,train
Nature\n01443537_22725.JPEG,0,Nature,train
BigGAN\825_biggan_00084.jpg,1,BigGAN,train
stable_diffusion_v_1_5\525_sdv5_00076.jpg,1,stable_diffusion_v_1_5,train
ADM\50_adm_157.jpg,1,ADM,train
Nature\n01537544_1996.JPEG,0,Nature,train
BigGAN\155_biggan_00098.jpg,1,BigGAN,train
Nature\n01775062_438.JPEG,0,Nature,train
ADM\736_adm_111.jpg,1,ADM,train
ADM\789_adm_55.jpg,1,ADM,train
Nature\n02012849_6258.JPEG,0,Nature,train
Nature\n01820546_3762.JPEG,0,Nature,train
ADM\49_adm_53.jpg,1,ADM,train
Nature\n01592084_5867.JPEG,0,Nature,train
Nature\n01984695_10687.JPEG,0,Nature,train
BigGAN\982_biggan_00170.jpg,1,BigGAN,train
Nature\ILSVRC2012_val_00021197.JPEG,0,Nature,train
BigGAN\476_biggan_00051.jpg,1,BigGAN,train
Nature\n01883070_8728.JPEG,0,Nature,train
ADM\327_adm_125.jpg,1,ADM,train
ADM\979_adm_42.jpg,1,ADM,train
Nature\n01770081_5279.JPEG,0,Nature,train
ADM\883_adm_51.jpg,1,ADM,train
Nature\n01986214_16261.JPEG,0,Nature,train
BigGAN\116_biggan_00141.jpg,1,BigGAN,train
ADM\525_adm_111.jpg,1,ADM,train
Nature\n01820546_3581.JPEG,0,Nature,train
BigGAN\774_biggan_00013.jpg,1,BigGAN,train
stable_diffusion_v_1_5\275_sdv5_00030.jpg,1,stable_diffusion_v_1_5,train
Nature\n01860187_330.JPEG,0,Nature,train
BigGAN\986_biggan_00131.jpg,1,BigGAN,train
Nature\n01796340_16448.JPEG,0,Nature,train
BigGAN\600_biggan_00033.jpg,1,BigGAN,train
BigGAN\431_biggan_00074.jpg,1,BigGAN,train
Nature\n02012849_62.JPEG,0,Nature,train
Nature\n01755581_5148.JPEG,0,Nature,train
BigGAN\466_biggan_00043.jpg,1,BigGAN,train
BigGAN\368_biggan_00087.jpg,1,BigGAN,train
Nature\n01843383_11555.JPEG,0,Nature,train
Nature\ILSVRC2012_val_00022934.JPEG,0,Nature,train
stable_diffusion_v_1_5\141_sdv5_00044.jpg,1,stable_diffusion_v_1_5,train
BigGAN\168_biggan_00091.jpg,1,BigGAN,train
ADM\564_adm_98.jpg,1,ADM,train
BigGAN\455_biggan_00039.jpg,1,BigGAN,train
Nature\n07730033_5320.JPEG,0,Nature,train
stable_diffusion_v_1_5\175_sdv5_00044.jpg,1,stable_diffusion_v_1_5,train
Nature\n01773797_1804.JPEG,0,Nature,train
stable_diffusion_v_1_5\593_sdv5_00026.jpg,1,stable_diffusion_v_1_5,train
ADM\278_adm_74.jpg,1,ADM,train
Nature\n01968897_17649.JPEG,0,Nature,train
ADM\502_adm_44.jpg,1,ADM,train
stable_diffusion_v_1_5\243_sdv5_00195.jpg,1,stable_diffusion_v_1_5,train
stable_diffusion_v_1_5\034_sdv5_00177.jpg,1,stable_diffusion_v_1_5,train
ADM\72_adm_8.jpg,1,ADM,train
Nature\n01955084_2147.JPEG,0,Nature,train
stable_diffusion_v_1_5\547_sdv5_00031.jpg,1,stable_diffusion_v_1_5,train
BigGAN\455_biggan_00084.jpg,1,BigGAN,train
Nature\n02028035_32258.JPEG,0,Nature,train
Nature\n01748264_8140.JPEG,0,Nature,train
ADM\709_adm_84.jpg,1,ADM,train
ADM\923_adm_159.jpg,1,ADM,train
stable_diffusion_v_1_5\368_sdv5_00127.jpg,1,stable_diffusion_v_1_5,train
BigGAN\328_biggan_00110.jpg,1,BigGAN,train
Nature\ILSVRC2012_val_00038517.JPEG,0,Nature,train
ADM\172_adm_174.jpg,1,ADM,train
ADM\48_adm_127.jpg,1,ADM,train
stable_diffusion_v_1_5\795_sdv5_00026.jpg,1,stable_diffusion_v_1_5,train
ADM\109_adm_110.jpg,1,ADM,train
stable_diffusion_v_1_5\261_sdv5_00189.jpg,1,stable_diffusion_v_1_5,train
ADM\328_adm_18.jpg,1,ADM,train
Nature\n01677366_14128.JPEG,0,Nature,train
stable_diffusion_v_1_5\649_sdv5_00055.jpg,1,stable_diffusion_v_1_5,train
stable_diffusion_v_1_5\092_sdv5_00052.jpg,1,stable_diffusion_v_1_5,train
ADM\49_adm_35.jpg,1,ADM,train
Nature\n01985128_20665.JPEG,0,Nature,train
ADM\893_adm_155.jpg,1,ADM,train
Nature\n01855672_2807.JPEG,0,Nature,train
ADM\358_adm_62.jpg,1,ADM,train
stable_diffusion_v_1_5\456_sdv5_00137.jpg,1,stable_diffusion_v_1_5,train
Nature\n01560419_2815.JPEG,0,Nature,train
Nature\n07697537_20669.JPEG,0,Nature,train
BigGAN\604_biggan_00177.jpg,1,BigGAN,train
Nature\n01770393_237.JPEG,0,Nature,train
Nature\n01914609_3701.JPEG,0,Nature,train
Nature\n01537544_6750.JPEG,0,Nature,train
stable_diffusion_v_1_5\314_sdv5_00190.jpg,1,stable_diffusion_v_1_5,train
BigGAN\537_biggan_00059.jpg,1,BigGAN,train
BigGAN\101_biggan_00173.jpg,1,BigGAN,train
Nature\n01860187_1848.JPEG,0,Nature,train
Nature\n01537544_9683.JPEG,0,Nature,train
BigGAN\679_biggan_00119.jpg,1,BigGAN,train
Nature\n01514859_10908.JPEG,0,Nature,train
ADM\604_adm_91.jpg,1,ADM,train
BigGAN\307_biggan_00008.jpg,1,BigGAN,train
Nature\n01950731_21397.JPEG,0,Nature,train
ADM\879_adm_85.jpg,1,ADM,train
stable_diffusion_v_1_5\797_sdv5_00087.jpg,1,stable_diffusion_v_1_5,train
Nature\n02013706_5404.JPEG,0,Nature,train
BigGAN\527_biggan_00012.jpg,1,BigGAN,train
Nature\n02028035_6431.JPEG,0,Nature,train
Nature\n01860187_1091.JPEG,0,Nature,train
ADM\859_adm_47.jpg,1,ADM,train
ADM\703_adm_172.jpg,1,ADM,train
BigGAN\679_biggan_00035.jpg,1,BigGAN,train
stable_diffusion_v_1_5\986_sdv5_00138.jpg,1,stable_diffusion_v_1_5,train
Nature\n01514668_2331.JPEG,0,Nature,train
Nature\ILSVRC2012_val_00021956.JPEG,0,Nature,train
Nature\n01955084_7294.JPEG,0,Nature,train
Nature\n02027492_6585.JPEG,0,Nature,train
Nature\ILSVRC2012_val_00037806.JPEG,0,Nature,train
Nature\n03950228_1809.JPEG,0,Nature,train
Nature\n01582220_8075.JPEG,0,Nature,train
ADM\825_adm_166.jpg,1,ADM,train
Nature\n01776313_18118.JPEG,0,Nature,train
ADM\912_adm_71.jpg,1,ADM,train
Nature\n01819313_443.JPEG,0,Nature,train
stable_diffusion_v_1_5\217_sdv5_00149.jpg,1,stable_diffusion_v_1_5,train
stable_diffusion_v_1_5\137_sdv5_00100.jpg,1,stable_diffusion_v_1_5,train
stable_diffusion_v_1_5\429_sdv5_00156.jpg,1,stable_diffusion_v_1_5,train
ADM\645_adm_95.jpg,1,ADM,train
ADM\597_adm_159.jpg,1,ADM,train
Nature\n02013706_2336.JPEG,0,Nature,train
Nature\n01806143_13410.JPEG,0,Nature,train
stable_diffusion_v_1_5\325_sdv5_00068.jpg,1,stable_diffusion_v_1_5,train
stable_diffusion_v_1_5\842_sdv5_00055.jpg,1,stable_diffusion_v_1_5,train
stable_diffusion_v_1_5\320_sdv5_00051.jpg,1,stable_diffusion_v_1_5,train
ADM\288_adm_61.jpg,1,ADM,train
ADM\180_adm_114.jpg,1,ADM,train
stable_diffusion_v_1_5\531_sdv5_00051.jpg,1,stable_diffusion_v_1_5,train
ADM\801_adm_110.jpg,1,ADM,train
stable_diffusion_v_1_5\551_sdv5_00145.jpg,1,stable_diffusion_v_1_5,train
ADM\89_adm_7.jpg,1,ADM,train
stable_diffusion_v_1_5\216_sdv5_00062.jpg,1,stable_diffusion_v_1_5,train
BigGAN\812_biggan_00020.jpg,1,BigGAN,train
stable_diffusion_v_1_5\304_sdv5_00003.jpg,1,stable_diffusion_v_1_5,train
stable_diffusion_v_1_5\280_sdv5_00144.jpg,1,stable_diffusion_v_1_5,train
Nature\n01770081_2914.JPEG,0,Nature,train
BigGAN\896_biggan_00030.jpg,1,BigGAN,train
ADM\975_adm_108.jpg,1,ADM,train
BigGAN\275_biggan_00113.jpg,1,BigGAN,train
Nature\n01774750_1504.JPEG,0,Nature,train
stable_diffusion_v_1_5\799_sdv5_00105.jpg,1,stable_diffusion_v_1_5,train
BigGAN\978_biggan_00062.jpg,1,BigGAN,train
stable_diffusion_v_1_5\413_sdv5_00110.jpg,1,stable_diffusion_v_1_5,train
stable_diffusion_v_1_5\221_sdv5_00072.jpg,1,stable_diffusion_v_1_5,train
stable_diffusion_v_1_5\222_sdv5_00146.jpg,1,stable_diffusion_v_1_5,train
ADM\537_adm_186.jpg,1,ADM,train
Nature\n02018207_9548.JPEG,0,Nature,train
Nature\n01755581_13711.JPEG,0,Nature,train
stable_diffusion_v_1_5\627_sdv5_00135.jpg,1,stable_diffusion_v_1_5,train
ADM\152_adm_122.jpg,1,ADM,train
ADM\669_adm_91.jpg,1,ADM,train
stable_diffusion_v_1_5\215_sdv5_00051.jpg,1,stable_diffusion_v_1_5,train
stable_diffusion_v_1_5\871_sdv5_00049.jpg,1,stable_diffusion_v_1_5,train
Nature\n03599486_1464.JPEG,0,Nature,train
ADM\657_adm_133.jpg,1,ADM,train
BigGAN\134_biggan_00110.jpg,1,BigGAN,train
ADM\25_adm_153.jpg,1,ADM,train
Nature\n01833805_762.JPEG,0,Nature,train
BigGAN\114_biggan_00086.jpg,1,BigGAN,train
BigGAN\478_biggan_00035.jpg,1,BigGAN,train
stable_diffusion_v_1_5\261_sdv5_00001.jpg,1,stable_diffusion_v_1_5,train
BigGAN\895_biggan_00179.jpg,1,BigGAN,train
Nature\n01592084_6062.JPEG,0,Nature,train
BigGAN\187_biggan_00154.jpg,1,BigGAN,train
BigGAN\021_biggan_00006.jpg,1,BigGAN,train
Nature\n01943899_2570.JPEG,0,Nature,train
Nature\n02963159_6085.JPEG,0,Nature,train
stable_diffusion_v_1_5\587_sdv5_00144.jpg,1,stable_diffusion_v_1_5,train
stable_diffusion_v_1_5\936_sdv5_00104.jpg,1,stable_diffusion_v_1_5,train
stable_diffusion_v_1_5\070_sdv5_00009.jpg,1,stable_diffusion_v_1_5,train
stable_diffusion_v_1_5\092_sdv5_00002.jpg,1,stable_diffusion_v_1_5,train
Nature\n01582220_2756.JPEG,0,Nature,train
ADM\857_adm_114.jpg,1,ADM,train
ADM\165_adm_188.jpg,1,ADM,train
Nature\n02027492_6579.JPEG,0,Nature,train
Nature\n01614925_10337.JPEG,0,Nature,train
Nature\n01774750_2879.JPEG,0,Nature,train
ADM\598_adm_69.jpg,1,ADM,train
Nature\n02058221_11199.JPEG,0,Nature,train
Nature\n01924916_6550.JPEG,0,Nature,train
stable_diffusion_v_1_5\912_sdv5_00187.jpg,1,stable_diffusion_v_1_5,train
Nature\n01664065_24565.JPEG,0,Nature,train
ADM\108_adm_53.jpg,1,ADM,train
BigGAN\348_biggan_00143.jpg,1,BigGAN,train
ADM\494_adm_19.jpg,1,ADM,train
Nature\n01742172_21870.JPEG,0,Nature,train
stable_diffusion_v_1_5\539_sdv5_00131.jpg,1,stable_diffusion_v_1_5,train
Nature\n01829413_6139.JPEG,0,Nature,train
Nature\n01601694_1816.JPEG,0,Nature,train
ADM\195_adm_40.jpg,1,ADM,train
Nature\n01847000_10153.JPEG,0,Nature,train
Nature\n01774750_9750.JPEG,0,Nature,train
BigGAN\554_biggan_00143.jpg,1,BigGAN,train
stable_diffusion_v_1_5\328_sdv5_00110.jpg,1,stable_diffusion_v_1_5,train
ADM\510_adm_117.jpg,1,ADM,train
Nature\n01592084_3925.JPEG,0,Nature,train
Nature\n01829413_9323.JPEG,0,Nature,train
ADM\998_adm_34.jpg,1,ADM,train
BigGAN\573_biggan_00020.jpg,1,BigGAN,train
ADM\954_adm_152.jpg,1,ADM,train
stable_diffusion_v_1_5\829_sdv5_00009.jpg,1,stable_diffusion_v_1_5,train
ADM\768_adm_21.jpg,1,ADM,train
Nature\n01855672_3338.JPEG,0,Nature,train
ADM\232_adm_34.jpg,1,ADM,train
Nature\n02012849_7549.JPEG,0,Nature,train
Nature\n01693334_5108.JPEG,0,Nature,train
Nature\n01847000_7449.JPEG,0,Nature,train
BigGAN\516_biggan_00020.jpg,1,BigGAN,train
BigGAN\415_biggan_00062.jpg,1,BigGAN,train
BigGAN\523_biggan_00007.jpg,1,BigGAN,train
stable_diffusion_v_1_5\660_sdv5_00108.jpg,1,stable_diffusion_v_1_5,train
Nature\n01773157_7873.JPEG,0,Nature,train
stable_diffusion_v_1_5\905_sdv5_00078.jpg,1,stable_diffusion_v_1_5,train
Nature\ILSVRC2012_val_00008156.JPEG,0,Nature,train
stable_diffusion_v_1_5\858_sdv5_00134.jpg,1,stable_diffusion_v_1_5,train
stable_diffusion_v_1_5\337_sdv5_00140.jpg,1,stable_diffusion_v_1_5,train
BigGAN\908_biggan_00098.jpg,1,BigGAN,train
ADM\417_adm_153.jpg,1,ADM,train
ADM\301_adm_153.jpg,1,ADM,train
ADM\805_adm_164.jpg,1,ADM,train
ADM\530_adm_143.jpg,1,ADM,train
Nature\n01770393_5883.JPEG,0,Nature,train
BigGAN\448_biggan_00052.jpg,1,BigGAN,train
ADM\712_adm_19.jpg,1,ADM,train
ADM\511_adm_107.jpg,1,ADM,train
Nature\ILSVRC2012_val_00044507.JPEG,0,Nature,train
stable_diffusion_v_1_5\483_sdv5_00048.jpg,1,stable_diffusion_v_1_5,train
Nature\n01560419_2648.JPEG,0,Nature,train
BigGAN\065_biggan_00149.jpg,1,BigGAN,train
ADM\568_adm_91.jpg,1,ADM,train
Nature\n01774750_3962.JPEG,0,Nature,train
Nature\n01729322_3649.JPEG,0,Nature,train
stable_diffusion_v_1_5\759_sdv5_00009.jpg,1,stable_diffusion_v_1_5,train
ADM\877_adm_165.jpg,1,ADM,train
stable_diffusion_v_1_5\002_sdv5_00138.jpg,1,stable_diffusion_v_1_5,train
ADM\68_adm_86.jpg,1,ADM,train
Nature\n01770081_1787.JPEG,0,Nature,train
ADM\231_adm_132.jpg,1,ADM,train
ADM\143_adm_105.jpg,1,ADM,train
ADM\223_adm_8.jpg,1,ADM,train
BigGAN\943_biggan_00086.jpg,1,BigGAN,train
Nature\ILSVRC2012_val_00030448.JPEG,0,Nature,train
stable_diffusion_v_1_5\194_sdv5_00142.jpg,1,stable_diffusion_v_1_5,train
ADM\796_adm_125.jpg,1,ADM,train
ADM\941_adm_62.jpg,1,ADM,train
BigGAN\299_biggan_00081.jpg,1,BigGAN,train
BigGAN\517_biggan_00123.jpg,1,BigGAN,train
ADM\797_adm_82.jpg,1,ADM,train
stable_diffusion_v_1_5\236_sdv5_00072.jpg,1,stable_diffusion_v_1_5,train
Nature\n04120489_1431.JPEG,0,Nature,train
Nature\ILSVRC2012_val_00014875.JPEG,0,Nature,train
stable_diffusion_v_1_5\448_sdv5_00009.jpg,1,stable_diffusion_v_1_5,train
ADM\37_adm_92.jpg,1,ADM,train
Nature\n01943899_4184.JPEG,0,Nature,train
ADM\881_adm_39.jpg,1,ADM,train
Nature\n04486054_1034.JPEG,0,Nature,train
stable_diffusion_v_1_5\640_sdv5_00040.jpg,1,stable_diffusion_v_1_5,train
BigGAN\784_biggan_00156.jpg,1,BigGAN,train
BigGAN\861_biggan_00113.jpg,1,BigGAN,train
ADM\260_adm_20.jpg,1,ADM,train
Nature\ILSVRC2012_val_00009988.JPEG,0,Nature,train
Nature\n03062245_15263.JPEG,0,Nature,train
Nature\n01592084_3533.JPEG,0,Nature,train
stable_diffusion_v_1_5\282_sdv5_00014.jpg,1,stable_diffusion_v_1_5,train
Nature\ILSVRC2012_val_00027270.JPEG,0,Nature,train
ADM\436_adm_63.jpg,1,ADM,train
Nature\n01443537_7428.JPEG,0,Nature,train
ADM\827_adm_33.jpg,1,ADM,train
Nature\n03127747_4086.JPEG,0,Nature,train
Nature\n01774384_4466.JPEG,0,Nature,train
Nature\n01614925_3496.JPEG,0,Nature,train
stable_diffusion_v_1_5\631_sdv5_00135.jpg,1,stable_diffusion_v_1_5,train
BigGAN\347_biggan_00180.jpg,1,BigGAN,train
Nature\n01828970_5655.JPEG,0,Nature,train
ADM\511_adm_135.jpg,1,ADM,train
Nature\n02116738_2782.JPEG,0,Nature,train
BigGAN\258_biggan_00184.jpg,1,BigGAN,train
stable_diffusion_v_1_5\789_sdv5_00045.jpg,1,stable_diffusion_v_1_5,train
Nature\n01860187_3578.JPEG,0,Nature,train
Nature\n01514668_21988.JPEG,0,Nature,train
Nature\n02037110_6119.JPEG,0,Nature,train
ADM\753_adm_157.jpg,1,ADM,train
BigGAN\309_biggan_00120.jpg,1,BigGAN,train
BigGAN\603_biggan_00020.jpg,1,BigGAN,train
BigGAN\400_biggan_00134.jpg,1,BigGAN,train
BigGAN\064_biggan_00097.jpg,1,BigGAN,train
Nature\n01582220_4248.JPEG,0,Nature,train
ADM\751_adm_98.jpg,1,ADM,train
stable_diffusion_v_1_5\977_sdv5_00104.jpg,1,stable_diffusion_v_1_5,train
stable_diffusion_v_1_5\237_sdv5_00027.jpg,1,stable_diffusion_v_1_5,train
Nature\n01592084_24.JPEG,0,Nature,train
stable_diffusion_v_1_5\818_sdv5_00027.jpg,1,stable_diffusion_v_1_5,train
BigGAN\871_biggan_00109.jpg,1,BigGAN,train
stable_diffusion_v_1_5\188_sdv5_00036.jpg,1,stable_diffusion_v_1_5,train
ADM\764_adm_179.jpg,1,ADM,train
ADM\920_adm_126.jpg,1,ADM,train
stable_diffusion_v_1_5\581_sdv5_00074.jpg,1,stable_diffusion_v_1_5,train
stable_diffusion_v_1_5\408_sdv5_00068.jpg,1,stable_diffusion_v_1_5,train
ADM\243_adm_152.jpg,1,ADM,train
ADM\690_adm_149.jpg,1,ADM,train
BigGAN\864_biggan_00149.jpg,1,BigGAN,train
ADM\760_adm_175.jpg,1,ADM,train
Nature\n02007558_10452.JPEG,0,Nature,train
BigGAN\538_biggan_00138.jpg,1,BigGAN,train
stable_diffusion_v_1_5\022_sdv5_00003.jpg,1,stable_diffusion_v_1_5,train
stable_diffusion_v_1_5\346_sdv5_00135.jpg,1,stable_diffusion_v_1_5,train
Nature\n01986214_4280.JPEG,0,Nature,train
BigGAN\517_biggan_00178.jpg,1,BigGAN,train
ADM\439_adm_61.jpg,1,ADM,train
ADM\736_adm_174.jpg,1,ADM,train
Nature\n01950731_13438.JPEG,0,Nature,train
BigGAN\492_biggan_00169.jpg,1,BigGAN,train
stable_diffusion_v_1_5\173_sdv5_00020.jpg,1,stable_diffusion_v_1_5,train
ADM\773_adm_153.jpg,1,ADM,train
BigGAN\499_biggan_00154.jpg,1,BigGAN,train
BigGAN\228_biggan_00018.jpg,1,BigGAN,train
Nature\n01855672_53648.JPEG,0,Nature,train
BigGAN\845_biggan_00006.jpg,1,BigGAN,train
BigGAN\331_biggan_00084.jpg,1,BigGAN,train
BigGAN\327_biggan_00161.jpg,1,BigGAN,train
Nature\n01693334_18660.JPEG,0,Nature,train
Nature\ILSVRC2012_val_00031292.JPEG,0,Nature,train
Nature\n02018207_11284.JPEG,0,Nature,train
Nature\n01729322_6213.JPEG,0,Nature,train
Nature\n02027492_9028.JPEG,0,Nature,train
ADM\645_adm_153.jpg,1,ADM,train
BigGAN\799_biggan_00074.jpg,1,BigGAN,train
BigGAN\250_biggan_00051.jpg,1,BigGAN,train
BigGAN\151_biggan_00198.jpg,1,BigGAN,train
ADM\404_adm_35.jpg,1,ADM,train
BigGAN\967_biggan_00072.jpg,1,BigGAN,train
stable_diffusion_v_1_5\181_sdv5_00058.jpg,1,stable_diffusion_v_1_5,train
Nature\n01751748_782.JPEG,0,Nature,train
stable_diffusion_v_1_5\190_sdv5_00176.jpg,1,stable_diffusion_v_1_5,train
Nature\n01820546_3011.JPEG,0,Nature,train
BigGAN\524_biggan_00040.jpg,1,BigGAN,train
BigGAN\885_biggan_00189.jpg,1,BigGAN,train
BigGAN\995_biggan_00088.jpg,1,BigGAN,train
BigGAN\860_biggan_00091.jpg,1,BigGAN,train
Nature\n01986214_3600.JPEG,0,Nature,train
Nature\n01592084_481.JPEG,0,Nature,train
stable_diffusion_v_1_5\719_sdv5_00069.jpg,1,stable_diffusion_v_1_5,train
stable_diffusion_v_1_5\311_sdv5_00072.jpg,1,stable_diffusion_v_1_5,train
Nature\n01742172_1209.JPEG,0,Nature,train
stable_diffusion_v_1_5\157_sdv5_00072.jpg,1,stable_diffusion_v_1_5,train
BigGAN\121_biggan_00121.jpg,1,BigGAN,train
BigGAN\748_biggan_00039.jpg,1,BigGAN,train
stable_diffusion_v_1_5\687_sdv5_00075.jpg,1,stable_diffusion_v_1_5,train
Nature\n02006656_7738.JPEG,0,Nature,train
ADM\913_adm_90.jpg,1,ADM,train
stable_diffusion_v_1_5\967_sdv5_00068.jpg,1,stable_diffusion_v_1_5,train
Nature\n01734418_8054.JPEG,0,Nature,train
Nature\n01592084_2017.JPEG,0,Nature,train
ADM\825_adm_69.jpg,1,ADM,train
ADM\167_adm_137.jpg,1,ADM,train
ADM\378_adm_36.jpg,1,ADM,train
Nature\n01775062_8043.JPEG,0,Nature,train
Nature\n01494475_16001.JPEG,0,Nature,train
Nature\n01560419_1817.JPEG,0,Nature,train
Nature\n01774384_4868.JPEG,0,Nature,train
stable_diffusion_v_1_5\531_sdv5_00021.jpg,1,stable_diffusion_v_1_5,train
stable_diffusion_v_1_5\636_sdv5_00135.jpg,1,stable_diffusion_v_1_5,train
ADM\622_adm_69.jpg,1,ADM,train
ADM\224_adm_77.jpg,1,ADM,train
Nature\n01774384_16649.JPEG,0,Nature,train
stable_diffusion_v_1_5\941_sdv5_00096.jpg,1,stable_diffusion_v_1_5,train
ADM\840_adm_159.jpg,1,ADM,train
stable_diffusion_v_1_5\854_sdv5_00053.jpg,1,stable_diffusion_v_1_5,train
Nature\n01695060_29670.JPEG,0,Nature,train
ADM\638_adm_85.jpg,1,ADM,train
ADM\37_adm_121.jpg,1,ADM,train
Nature\n01773797_2433.JPEG,0,Nature,train
BigGAN\009_biggan_00126.jpg,1,BigGAN,train
stable_diffusion_v_1_5\143_sdv5_00069.jpg,1,stable_diffusion_v_1_5,train
Nature\n01855672_7560.JPEG,0,Nature,train
Nature\n01773157_8526.JPEG,0,Nature,train
ADM\113_adm_100.jpg,1,ADM,train
Nature\n01776313_24411.JPEG,0,Nature,train
stable_diffusion_v_1_5\724_sdv5_00100.jpg,1,stable_diffusion_v_1_5,train
Nature\n01496331_23066.JPEG,0,Nature,train
Nature\n01847000_6766.JPEG,0,Nature,train
ADM\628_adm_174.jpg,1,ADM,train
BigGAN\800_biggan_00035.jpg,1,BigGAN,train
Nature\n01729977_10397.JPEG,0,Nature,train
Nature\ILSVRC2012_val_00041200.JPEG,0,Nature,train
stable_diffusion_v_1_5\886_sdv5_00122.jpg,1,stable_diffusion_v_1_5,train
stable_diffusion_v_1_5\030_sdv5_00172.jpg,1,stable_diffusion_v_1_5,train
BigGAN\628_biggan_00018.jpg,1,BigGAN,train
Nature\n01687978_7329.JPEG,0,Nature,train
BigGAN\693_biggan_00044.jpg,1,BigGAN,train
stable_diffusion_v_1_5\450_sdv5_00020.jpg,1,stable_diffusion_v_1_5,train
stable_diffusion_v_1_5\253_sdv5_00020.jpg,1,stable_diffusion_v_1_5,train
BigGAN\064_biggan_00143.jpg,1,BigGAN,train
ADM\144_adm_72.jpg,1,ADM,train
BigGAN\042_biggan_00127.jpg,1,BigGAN,train
stable_diffusion_v_1_5\683_sdv5_00020.jpg,1,stable_diffusion_v_1_5,train
Nature\n01986214_13831.JPEG,0,Nature,train
Nature\n02002556_689.JPEG,0,Nature,train
stable_diffusion_v_1_5\962_sdv5_00096.jpg,1,stable_diffusion_v_1_5,train
Nature\n01514859_6562.JPEG,0,Nature,train
Nature\n01847000_11352.JPEG,0,Nature,train
Nature\n01514668_14627.JPEG,0,Nature,train
stable_diffusion_v_1_5\553_sdv5_00141.jpg,1,stable_diffusion_v_1_5,train
BigGAN\852_biggan_00131.jpg,1,BigGAN,train
ADM\260_adm_178.jpg,1,ADM,train
BigGAN\525_biggan_00004.jpg,1,BigGAN,train
stable_diffusion_v_1_5\541_sdv5_00184.jpg,1,stable_diffusion_v_1_5,train
ADM\804_adm_164.jpg,1,ADM,train
ADM\151_adm_174.jpg,1,ADM,train
BigGAN\834_biggan_00005.jpg,1,BigGAN,train
ADM\494_adm_40.jpg,1,ADM,train
Nature\ILSVRC2012_val_00041263.JPEG,0,Nature,train
stable_diffusion_v_1_5\571_sdv5_00181.jpg,1,stable_diffusion_v_1_5,train
Nature\n01560419_4903.JPEG,0,Nature,train
stable_diffusion_v_1_5\833_sdv5_00003.jpg,1,stable_diffusion_v_1_5,train
ADM\497_adm_34.jpg,1,ADM,train
stable_diffusion_v_1_5\167_sdv5_00027.jpg,1,stable_diffusion_v_1_5,train
stable_diffusion_v_1_5\584_sdv5_00032.jpg,1,stable_diffusion_v_1_5,train
Nature\n01776313_10398.JPEG,0,Nature,train
Nature\n01944390_8400.JPEG,0,Nature,train
BigGAN\342_biggan_00113.jpg,1,BigGAN,train
BigGAN\625_biggan_00052.jpg,1,BigGAN,train
ADM\312_adm_34.jpg,1,ADM,train
Nature\ILSVRC2012_val_00034492.JPEG,0,Nature,train
Nature\n01930112_11432.JPEG,0,Nature,train
ADM\332_adm_11.jpg,1,ADM,train
ADM\177_adm_92.jpg,1,ADM,train
BigGAN\536_biggan_00127.jpg,1,BigGAN,train
Nature\ILSVRC2012_val_00045784.JPEG,0,Nature,train
ADM\649_adm_106.jpg,1,ADM,train
ADM\434_adm_172.jpg,1,ADM,train
Nature\n01728572_11926.JPEG,0,Nature,train
Nature\ILSVRC2012_val_00048933.JPEG,0,Nature,train
stable_diffusion_v_1_5\867_sdv5_00135.jpg,1,stable_diffusion_v_1_5,train
BigGAN\039_biggan_00187.jpg,1,BigGAN,train
stable_diffusion_v_1_5\353_sdv5_00082.jpg,1,stable_diffusion_v_1_5,train
stable_diffusion_v_1_5\846_sdv5_00120.jpg,1,stable_diffusion_v_1_5,train
ADM\927_adm_174.jpg,1,ADM,train
Nature\ILSVRC2012_val_00020976.JPEG,0,Nature,train
ADM\321_adm_174.jpg,1,ADM,train
Nature\ILSVRC2012_val_00020587.JPEG,0,Nature,train
stable_diffusion_v_1_5\655_sdv5_00135.jpg,1,stable_diffusion_v_1_5,train
BigGAN\645_biggan_00163.jpg,1,BigGAN,train
ADM\782_adm_106.jpg,1,ADM,train
ADM\198_adm_34.jpg,1,ADM,train
ADM\190_adm_16.jpg,1,ADM,train
BigGAN\978_biggan_00021.jpg,1,BigGAN,train
Nature\ILSVRC2012_val_00044977.JPEG,0,Nature,train
Nature\n01770393_14044.JPEG,0,Nature,train
stable_diffusion_v_1_5\782_sdv5_00189.jpg,1,stable_diffusion_v_1_5,train
stable_diffusion_v_1_5\087_sdv5_00138.jpg,1,stable_diffusion_v_1_5,train
ADM\920_adm_189.jpg,1,ADM,train
stable_diffusion_v_1_5\686_sdv5_00007.jpg,1,stable_diffusion_v_1_5,train
ADM\273_adm_125.jpg,1,ADM,train
Nature\ILSVRC2012_val_00032662.JPEG,0,Nature,train
stable_diffusion_v_1_5\568_sdv5_00049.jpg,1,stable_diffusion_v_1_5,train
BigGAN\020_biggan_00043.jpg,1,BigGAN,train
stable_diffusion_v_1_5\740_sdv5_00070.jpg,1,stable_diffusion_v_1_5,train
stable_diffusion_v_1_5\209_sdv5_00135.jpg,1,stable_diffusion_v_1_5,train
Nature\n02110806_811.JPEG,0,Nature,train
Nature\n01770393_397.JPEG,0,Nature,train
Nature\ILSVRC2012_val_00018456.JPEG,0,Nature,train
Nature\n01770393_20616.JPEG,0,Nature,train
stable_diffusion_v_1_5\873_sdv5_00135.jpg,1,stable_diffusion_v_1_5,train
Nature\n01742172_8283.JPEG,0,Nature,train
Nature\ILSVRC2012_val_00044209.JPEG,0,Nature,train
stable_diffusion_v_1_5\728_sdv5_00103.jpg,1,stable_diffusion_v_1_5,train
ADM\37_adm_30.jpg,1,ADM,train
Nature\n01828970_15.JPEG,0,Nature,train
stable_diffusion_v_1_5\612_sdv5_00028.jpg,1,stable_diffusion_v_1_5,train
stable_diffusion_v_1_5\293_sdv5_00172.jpg,1,stable_diffusion_v_1_5,train
Nature\n01796340_10070.JPEG,0,Nature,train
stable_diffusion_v_1_5\022_sdv5_00043.jpg,1,stable_diffusion_v_1_5,train
ADM\720_adm_36.jpg,1,ADM,train
BigGAN\868_biggan_00089.jpg,1,BigGAN,train
BigGAN\496_biggan_00050.jpg,1,BigGAN,train
ADM\129_adm_104.jpg,1,ADM,train
BigGAN\259_biggan_00075.jpg,1,BigGAN,train
Nature\n01773797_5082.JPEG,0,Nature,train
BigGAN\458_biggan_00074.jpg,1,BigGAN,train
Nature\ILSVRC2012_val_00015684.JPEG,0,Nature,train
Nature\n01693334_4862.JPEG,0,Nature,train
ADM\691_adm_102.jpg,1,ADM,train
Nature\ILSVRC2012_val_00017384.JPEG,0,Nature,train
stable_diffusion_v_1_5\463_sdv5_00076.jpg,1,stable_diffusion_v_1_5,train
ADM\307_adm_139.jpg,1,ADM,train
Nature\n01924916_6402.JPEG,0,Nature,train
ADM\317_adm_112.jpg,1,ADM,train
stable_diffusion_v_1_5\932_sdv5_00122.jpg,1,stable_diffusion_v_1_5,train
stable_diffusion_v_1_5\527_sdv5_00134.jpg,1,stable_diffusion_v_1_5,train
Nature\ILSVRC2012_val_00020273.JPEG,0,Nature,train
ADM\729_adm_83.jpg,1,ADM,train
Nature\n01806143_5454.JPEG,0,Nature,train
Nature\n01910747_751.JPEG,0,Nature,train
Nature\n01531178_5049.JPEG,0,Nature,train
stable_diffusion_v_1_5\167_sdv5_00020.jpg,1,stable_diffusion_v_1_5,train
Nature\n02013706_6959.JPEG,0,Nature,train
Nature\n01773797_2301.JPEG,0,Nature,train
ADM\519_adm_174.jpg,1,ADM,train
Nature\n01693334_13323.JPEG,0,Nature,train
BigGAN\059_biggan_00040.jpg,1,BigGAN,train
stable_diffusion_v_1_5\133_sdv5_00185.jpg,1,stable_diffusion_v_1_5,train
ADM\170_adm_48.jpg,1,ADM,train
ADM\829_adm_133.jpg,1,ADM,train
Nature\n01820546_2708.JPEG,0,Nature,train
ADM\815_adm_66.jpg,1,ADM,train
ADM\152_adm_85.jpg,1,ADM,train
BigGAN\999_biggan_00108.jpg,1,BigGAN,train
BigGAN\888_biggan_00183.jpg,1,BigGAN,train
ADM\616_adm_183.jpg,1,ADM,train
BigGAN\706_biggan_00035.jpg,1,BigGAN,train
BigGAN\356_biggan_00069.jpg,1,BigGAN,train
BigGAN\138_biggan_00189.jpg,1,BigGAN,train
Nature\n01776313_23846.JPEG,0,Nature,train
ADM\857_adm_91.jpg,1,ADM,train
stable_diffusion_v_1_5\009_sdv5_00005.jpg,1,stable_diffusion_v_1_5,train
Nature\ILSVRC2012_val_00017069.JPEG,0,Nature,train
Nature\n02927161_23957.JPEG,0,Nature,train
Nature\n04317175_4353.JPEG,0,Nature,train
Nature\ILSVRC2012_val_00022643.JPEG,0,Nature,train
BigGAN\107_biggan_00008.jpg,1,BigGAN,train
stable_diffusion_v_1_5\563_sdv5_00084.jpg,1,stable_diffusion_v_1_5,train
ADM\858_adm_109.jpg,1,ADM,train
BigGAN\386_biggan_00128.jpg,1,BigGAN,train
Nature\n02018207_100.JPEG,0,Nature,train
Nature\n01608432_16479.JPEG,0,Nature,train
ADM\722_adm_159.jpg,1,ADM,train
Nature\n02011460_456.JPEG,0,Nature,train
ADM\562_adm_123.jpg,1,ADM,train
ADM\469_adm_30.jpg,1,ADM,train
Nature\n02113624_9342.JPEG,0,Nature,train
Nature\ILSVRC2012_val_00014977.JPEG,0,Nature,train
ADM\696_adm_25.jpg,1,ADM,train
ADM\394_adm_80.jpg,1,ADM,train
ADM\518_adm_25.jpg,1,ADM,train
stable_diffusion_v_1_5\503_sdv5_00032.jpg,1,stable_diffusion_v_1_5,train
stable_diffusion_v_1_5\183_sdv5_00020.jpg,1,stable_diffusion_v_1_5,train
stable_diffusion_v_1_5\038_sdv5_00021.jpg,1,stable_diffusion_v_1_5,train
ADM\297_adm_34.jpg,1,ADM,train
BigGAN\357_biggan_00119.jpg,1,BigGAN,train
BigGAN\582_biggan_00059.jpg,1,BigGAN,train
stable_diffusion_v_1_5\660_sdv5_00118.jpg,1,stable_diffusion_v_1_5,train
BigGAN\433_biggan_00127.jpg,1,BigGAN,train
BigGAN\024_biggan_00127.jpg,1,BigGAN,train
Nature\n01608432_5212.JPEG,0,Nature,train
stable_diffusion_v_1_5\016_sdv5_00001.jpg,1,stable_diffusion_v_1_5,train
ADM\490_adm_61.jpg,1,ADM,train
stable_diffusion_v_1_5\347_sdv5_00039.jpg,1,stable_diffusion_v_1_5,train
ADM\831_adm_16.jpg,1,ADM,train
ADM\465_adm_87.jpg,1,ADM,train
Nature\n02006656_2612.JPEG,0,Nature,train
stable_diffusion_v_1_5\094_sdv5_00027.jpg,1,stable_diffusion_v_1_5,train
ADM\884_adm_34.jpg,1,ADM,train
Nature\n01833805_6312.JPEG,0,Nature,train
stable_diffusion_v_1_5\044_sdv5_00073.jpg,1,stable_diffusion_v_1_5,train
ADM\737_adm_131.jpg,1,ADM,train
Nature\n01950731_31788.JPEG,0,Nature,train
Nature\n01735189_9726.JPEG,0,Nature,train
Nature\n02002556_3429.JPEG,0,Nature,train
Nature\ILSVRC2012_val_00016794.JPEG,0,Nature,train
Nature\ILSVRC2012_val_00045599.JPEG,0,Nature,train
Nature\n01944390_410.JPEG,0,Nature,train
stable_diffusion_v_1_5\052_sdv5_00123.jpg,1,stable_diffusion_v_1_5,train
ADM\879_adm_91.jpg,1,ADM,train
stable_diffusion_v_1_5\582_sdv5_00117.jpg,1,stable_diffusion_v_1_5,train
BigGAN\586_biggan_00016.jpg,1,BigGAN,train
ADM\615_adm_53.jpg,1,ADM,train
BigGAN\239_biggan_00075.jpg,1,BigGAN,train
BigGAN\008_biggan_00052.jpg,1,BigGAN,train
stable_diffusion_v_1_5\404_sdv5_00152.jpg,1,stable_diffusion_v_1_5,train
BigGAN\486_biggan_00059.jpg,1,BigGAN,train
stable_diffusion_v_1_5\499_sdv5_00024.jpg,1,stable_diffusion_v_1_5,train
stable_diffusion_v_1_5\362_sdv5_00042.jpg,1,stable_diffusion_v_1_5,train
Nature\n02859443_3844.JPEG,0,Nature,train
Nature\n01773797_5067.JPEG,0,Nature,train
Nature\n01819313_4814.JPEG,0,Nature,train
ADM\596_adm_178.jpg,1,ADM,train
ADM\720_adm_145.jpg,1,ADM,train
BigGAN\497_biggan_00055.jpg,1,BigGAN,train
Nature\n02012849_2842.JPEG,0,Nature,train
BigGAN\626_biggan_00043.jpg,1,BigGAN,train
Nature\n01739381_2432.JPEG,0,Nature,train
Nature\n01978287_3264.JPEG,0,Nature,train
stable_diffusion_v_1_5\858_sdv5_00107.jpg,1,stable_diffusion_v_1_5,train
Nature\n01968897_18585.JPEG,0,Nature,train
BigGAN\951_biggan_00143.jpg,1,BigGAN,train
Nature\n01753488_10860.JPEG,0,Nature,train
ADM\348_adm_34.jpg,1,ADM,train
ADM\985_adm_34.jpg,1,ADM,train
stable_diffusion_v_1_5\844_sdv5_00185.jpg,1,stable_diffusion_v_1_5,train
stable_diffusion_v_1_5\372_sdv5_00016.jpg,1,stable_diffusion_v_1_5,train
BigGAN\835_biggan_00018.jpg,1,BigGAN,train
BigGAN\593_biggan_00087.jpg,1,BigGAN,train
stable_diffusion_v_1_5\527_sdv5_00016.jpg,1,stable_diffusion_v_1_5,train
ADM\37_adm_191.jpg,1,ADM,train
stable_diffusion_v_1_5\386_sdv5_00189.jpg,1,stable_diffusion_v_1_5,train
Nature\n01924916_7835.JPEG,0,Nature,train
ADM\88_adm_148.jpg,1,ADM,train
Nature\n02786058_11858.JPEG,0,Nature,train
stable_diffusion_v_1_5\784_sdv5_00153.jpg,1,stable_diffusion_v_1_5,train
Nature\ILSVRC2012_val_00005203.JPEG,0,Nature,train
Nature\n02085620_1332.JPEG,0,Nature,train
ADM\951_adm_154.jpg,1,ADM,train
Nature\ILSVRC2012_val_00006594.JPEG,0,Nature,train
Nature\n01833805_13101.JPEG,0,Nature,train
stable_diffusion_v_1_5\608_sdv5_00138.jpg,1,stable_diffusion_v_1_5,train
stable_diffusion_v_1_5\171_sdv5_00039.jpg,1,stable_diffusion_v_1_5,train
stable_diffusion_v_1_5\600_sdv5_00033.jpg,1,stable_diffusion_v_1_5,train
stable_diffusion_v_1_5\199_sdv5_00004.jpg,1,stable_diffusion_v_1_5,train
stable_diffusion_v_1_5\124_sdv5_00108.jpg,1,stable_diffusion_v_1_5,train
BigGAN\815_biggan_00035.jpg,1,BigGAN,train
Nature\ILSVRC2012_val_00030397.JPEG,0,Nature,train
BigGAN\379_biggan_00026.jpg,1,BigGAN,train
Nature\n02011460_1403.JPEG,0,Nature,train
BigGAN\977_biggan_00097.jpg,1,BigGAN,train
Nature\n01608432_11251.JPEG,0,Nature,train
stable_diffusion_v_1_5\833_sdv5_00128.jpg,1,stable_diffusion_v_1_5,train
Nature\ILSVRC2012_val_00044706.JPEG,0,Nature,train
Nature\ILSVRC2012_val_00016564.JPEG,0,Nature,train
Nature\ILSVRC2012_val_00015510.JPEG,0,Nature,train
stable_diffusion_v_1_5\463_sdv5_00078.jpg,1,stable_diffusion_v_1_5,train
BigGAN\449_biggan_00122.jpg,1,BigGAN,train
stable_diffusion_v_1_5\512_sdv5_00084.jpg,1,stable_diffusion_v_1_5,train
ADM\245_adm_114.jpg,1,ADM,train
BigGAN\284_biggan_00148.jpg,1,BigGAN,train
ADM\106_adm_118.jpg,1,ADM,train
Nature\n01944390_21007.JPEG,0,Nature,train
Nature\n01986214_8051.JPEG,0,Nature,train
Nature\n01770081_8149.JPEG,0,Nature,train
stable_diffusion_v_1_5\949_sdv5_00109.jpg,1,stable_diffusion_v_1_5,train
ADM\314_adm_85.jpg,1,ADM,train
BigGAN\893_biggan_00032.jpg,1,BigGAN,train
stable_diffusion_v_1_5\318_sdv5_00154.jpg,1,stable_diffusion_v_1_5,train
Nature\n01860187_1936.JPEG,0,Nature,train
BigGAN\924_biggan_00143.jpg,1,BigGAN,train
BigGAN\921_biggan_00191.jpg,1,BigGAN,train
Nature\n01819313_2871.JPEG,0,Nature,train
ADM\153_adm_8.jpg,1,ADM,train
ADM\342_adm_59.jpg,1,ADM,train
stable_diffusion_v_1_5\208_sdv5_00100.jpg,1,stable_diffusion_v_1_5,train
BigGAN\936_biggan_00091.jpg,1,BigGAN,train
Nature\n01677366_6267.JPEG,0,Nature,train
stable_diffusion_v_1_5\625_sdv5_00100.jpg,1,stable_diffusion_v_1_5,train
BigGAN\796_biggan_00039.jpg,1,BigGAN,train
BigGAN\481_biggan_00120.jpg,1,BigGAN,train
stable_diffusion_v_1_5\448_sdv5_00027.jpg,1,stable_diffusion_v_1_5,train
ADM\654_adm_83.jpg,1,ADM,train
Nature\n01734418_1233.JPEG,0,Nature,train
ADM\378_adm_112.jpg,1,ADM,train
stable_diffusion_v_1_5\263_sdv5_00046.jpg,1,stable_diffusion_v_1_5,train
Nature\n01775062_2226.JPEG,0,Nature,train
BigGAN\810_biggan_00053.jpg,1,BigGAN,train
BigGAN\318_biggan_00110.jpg,1,BigGAN,train
ADM\605_adm_124.jpg,1,ADM,train
ADM\599_adm_141.jpg,1,ADM,train
ADM\691_adm_79.jpg,1,ADM,train
stable_diffusion_v_1_5\565_sdv5_00122.jpg,1,stable_diffusion_v_1_5,train
Nature\n01818515_8281.JPEG,0,Nature,train
stable_diffusion_v_1_5\174_sdv5_00175.jpg,1,stable_diffusion_v_1_5,train
stable_diffusion_v_1_5\031_sdv5_00053.jpg,1,stable_diffusion_v_1_5,train
BigGAN\529_biggan_00191.jpg,1,BigGAN,train
stable_diffusion_v_1_5\598_sdv5_00085.jpg,1,stable_diffusion_v_1_5,train
stable_diffusion_v_1_5\854_sdv5_00023.jpg,1,stable_diffusion_v_1_5,train
stable_diffusion_v_1_5\647_sdv5_00079.jpg,1,stable_diffusion_v_1_5,train
stable_diffusion_v_1_5\067_sdv5_00100.jpg,1,stable_diffusion_v_1_5,train
Nature\n02037110_9482.JPEG,0,Nature,train
Nature\n01698640_4944.JPEG,0,Nature,train
Nature\n01592084_6007.JPEG,0,Nature,train
ADM\999_adm_85.jpg,1,ADM,train
Nature\ILSVRC2012_val_00037472.JPEG,0,Nature,train
ADM\401_adm_36.jpg,1,ADM,train
stable_diffusion_v_1_5\930_sdv5_00170.jpg,1,stable_diffusion_v_1_5,train
stable_diffusion_v_1_5\848_sdv5_00079.jpg,1,stable_diffusion_v_1_5,train
BigGAN\194_biggan_00098.jpg,1,BigGAN,train
Nature\n02018207_1260.JPEG,0,Nature,train
stable_diffusion_v_1_5\292_sdv5_00161.jpg,1,stable_diffusion_v_1_5,train
Nature\n01819313_5809.JPEG,0,Nature,train
BigGAN\011_biggan_00106.jpg,1,BigGAN,train
BigGAN\968_biggan_00169.jpg,1,BigGAN,train
stable_diffusion_v_1_5\352_sdv5_00079.jpg,1,stable_diffusion_v_1_5,train
Nature\n01910747_9714.JPEG,0,Nature,train
stable_diffusion_v_1_5\251_sdv5_00100.jpg,1,stable_diffusion_v_1_5,train
stable_diffusion_v_1_5\353_sdv5_00100.jpg,1,stable_diffusion_v_1_5,train
stable_diffusion_v_1_5\943_sdv5_00070.jpg,1,stable_diffusion_v_1_5,train
Nature\n01950731_12135.JPEG,0,Nature,train
stable_diffusion_v_1_5\688_sdv5_00070.jpg,1,stable_diffusion_v_1_5,train
Nature\ILSVRC2012_val_00039859.JPEG,0,Nature,train
ADM\755_adm_61.jpg,1,ADM,train
ADM\302_adm_174.jpg,1,ADM,train
BigGAN\635_biggan_00035.jpg,1,BigGAN,train
stable_diffusion_v_1_5\167_sdv5_00070.jpg,1,stable_diffusion_v_1_5,train
BigGAN\772_biggan_00129.jpg,1,BigGAN,train
Nature\n02051845_15785.JPEG,0,Nature,train
BigGAN\760_biggan_00061.jpg,1,BigGAN,train
Nature\n01776313_8445.JPEG,0,Nature,train
Nature\n01774384_4056.JPEG,0,Nature,train
BigGAN\130_biggan_00156.jpg,1,BigGAN,train
Nature\n01601694_12257.JPEG,0,Nature,train
stable_diffusion_v_1_5\298_sdv5_00107.jpg,1,stable_diffusion_v_1_5,train
Nature\n01491361_8285.JPEG,0,Nature,train
Nature\n01773549_339.JPEG,0,Nature,train
Nature\n01514668_13688.JPEG,0,Nature,train
BigGAN\959_biggan_00157.jpg,1,BigGAN,train
Nature\n01855672_4015.JPEG,0,Nature,train
ADM\149_adm_85.jpg,1,ADM,train
Nature\n01855672_9451.JPEG,0,Nature,train
BigGAN\773_biggan_00102.jpg,1,BigGAN,train
stable_diffusion_v_1_5\972_sdv5_00077.jpg,1,stable_diffusion_v_1_5,train
ADM\180_adm_137.jpg,1,ADM,train
stable_diffusion_v_1_5\843_sdv5_00003.jpg,1,stable_diffusion_v_1_5,train
BigGAN\239_biggan_00159.jpg,1,BigGAN,train
ADM\328_adm_80.jpg,1,ADM,train
Nature\n04554684_9800.JPEG,0,Nature,train
BigGAN\066_biggan_00110.jpg,1,BigGAN,train
Nature\n02877765_2990.JPEG,0,Nature,train
Nature\n01877812_11079.JPEG,0,Nature,train
Nature\n01742172_12958.JPEG,0,Nature,train
stable_diffusion_v_1_5\094_sdv5_00006.jpg,1,stable_diffusion_v_1_5,train
stable_diffusion_v_1_5\965_sdv5_00075.jpg,1,stable_diffusion_v_1_5,train
ADM\724_adm_114.jpg,1,ADM,train
BigGAN\695_biggan_00091.jpg,1,BigGAN,train
ADM\992_adm_145.jpg,1,ADM,train
BigGAN\480_biggan_00061.jpg,1,BigGAN,train
stable_diffusion_v_1_5\683_sdv5_00085.jpg,1,stable_diffusion_v_1_5,train
Nature\n04552348_531.JPEG,0,Nature,train
stable_diffusion_v_1_5\070_sdv5_00105.jpg,1,stable_diffusion_v_1_5,train
stable_diffusion_v_1_5\707_sdv5_00057.jpg,1,stable_diffusion_v_1_5,train
ADM\506_adm_22.jpg,1,ADM,train
Nature\n01828970_5787.JPEG,0,Nature,train
Nature\n01560419_2894.JPEG,0,Nature,train
BigGAN\739_biggan_00093.jpg,1,BigGAN,train
Nature\n01773797_220.JPEG,0,Nature,train
stable_diffusion_v_1_5\962_sdv5_00135.jpg,1,stable_diffusion_v_1_5,train
stable_diffusion_v_1_5\664_sdv5_00045.jpg,1,stable_diffusion_v_1_5,train
ADM\457_adm_153.jpg,1,ADM,train
BigGAN\143_biggan_00074.jpg,1,BigGAN,train
Nature\n01443537_17434.JPEG,0,Nature,train
Nature\n01735189_6109.JPEG,0,Nature,train
BigGAN\224_biggan_00127.jpg,1,BigGAN,train
stable_diffusion_v_1_5\007_sdv5_00027.jpg,1,stable_diffusion_v_1_5,train
BigGAN\312_biggan_00186.jpg,1,BigGAN,train
stable_diffusion_v_1_5\885_sdv5_00139.jpg,1,stable_diffusion_v_1_5,train
BigGAN\472_biggan_00023.jpg,1,BigGAN,train
stable_diffusion_v_1_5\721_sdv5_00173.jpg,1,stable_diffusion_v_1_5,train
ADM\572_adm_102.jpg,1,ADM,train
BigGAN\294_biggan_00115.jpg,1,BigGAN,train
stable_diffusion_v_1_5\283_sdv5_00179.jpg,1,stable_diffusion_v_1_5,train
BigGAN\845_biggan_00097.jpg,1,BigGAN,train
Nature\n01531178_18728.JPEG,0,Nature,train
ADM\566_adm_7.jpg,1,ADM,train
stable_diffusion_v_1_5\194_sdv5_00006.jpg,1,stable_diffusion_v_1_5,train
ADM\743_adm_182.jpg,1,ADM,train
stable_diffusion_v_1_5\581_sdv5_00188.jpg,1,stable_diffusion_v_1_5,train
Nature\ILSVRC2012_val_00000888.JPEG,0,Nature,train
BigGAN\462_biggan_00062.jpg,1,BigGAN,train
stable_diffusion_v_1_5\812_sdv5_00033.jpg,1,stable_diffusion_v_1_5,train
ADM\562_adm_63.jpg,1,ADM,train
Nature\n01944390_5785.JPEG,0,Nature,train
Nature\n02109525_14508.JPEG,0,Nature,train
ADM\872_adm_104.jpg,1,ADM,train
stable_diffusion_v_1_5\755_sdv5_00057.jpg,1,stable_diffusion_v_1_5,train
BigGAN\440_biggan_00185.jpg,1,BigGAN,train
stable_diffusion_v_1_5\853_sdv5_00003.jpg,1,stable_diffusion_v_1_5,train
stable_diffusion_v_1_5\398_sdv5_00009.jpg,1,stable_diffusion_v_1_5,train
BigGAN\954_biggan_00034.jpg,1,BigGAN,train
BigGAN\652_biggan_00114.jpg,1,BigGAN,train
stable_diffusion_v_1_5\622_sdv5_00046.jpg,1,stable_diffusion_v_1_5,train
BigGAN\770_biggan_00169.jpg,1,BigGAN,train
ADM\249_adm_77.jpg,1,ADM,train
Nature\n01818515_7822.JPEG,0,Nature,train
ADM\103_adm_48.jpg,1,ADM,train
BigGAN\908_biggan_00050.jpg,1,BigGAN,train
ADM\520_adm_153.jpg,1,ADM,train
BigGAN\149_biggan_00127.jpg,1,BigGAN,train
stable_diffusion_v_1_5\590_sdv5_00067.jpg,1,stable_diffusion_v_1_5,train
BigGAN\207_biggan_00138.jpg,1,BigGAN,train
stable_diffusion_v_1_5\797_sdv5_00031.jpg,1,stable_diffusion_v_1_5,train
Nature\n01950731_17793.JPEG,0,Nature,train
BigGAN\159_biggan_00010.jpg,1,BigGAN,train
ADM\888_adm_174.jpg,1,ADM,train
BigGAN\486_biggan_00020.jpg,1,BigGAN,train
Nature\n01742172_9824.JPEG,0,Nature,train
ADM\594_adm_112.jpg,1,ADM,train
BigGAN\479_biggan_00190.jpg,1,BigGAN,train
stable_diffusion_v_1_5\175_sdv5_00028.jpg,1,stable_diffusion_v_1_5,train
Nature\n01843383_8221.JPEG,0,Nature,train
ADM\461_adm_175.jpg,1,ADM,train
BigGAN\420_biggan_00023.jpg,1,BigGAN,train
BigGAN\638_biggan_00020.jpg,1,BigGAN,train
ADM\700_adm_30.jpg,1,ADM,train
BigGAN\278_biggan_00143.jpg,1,BigGAN,train
ADM\277_adm_153.jpg,1,ADM,train
Nature\n02002556_2341.JPEG,0,Nature,train
Nature\n02012849_9971.JPEG,0,Nature,train
stable_diffusion_v_1_5\267_sdv5_00061.jpg,1,stable_diffusion_v_1_5,train
stable_diffusion_v_1_5\043_sdv5_00136.jpg,1,stable_diffusion_v_1_5,train
BigGAN\317_biggan_00193.jpg,1,BigGAN,train
BigGAN\773_biggan_00060.jpg,1,BigGAN,train
stable_diffusion_v_1_5\091_sdv5_00083.jpg,1,stable_diffusion_v_1_5,train
Nature\n01614925_7773.JPEG,0,Nature,train
BigGAN\789_biggan_00159.jpg,1,BigGAN,train
ADM\813_adm_174.jpg,1,ADM,train
stable_diffusion_v_1_5\286_sdv5_00146.jpg,1,stable_diffusion_v_1_5,train
stable_diffusion_v_1_5\524_sdv5_00196.jpg,1,stable_diffusion_v_1_5,train
BigGAN\305_biggan_00145.jpg,1,BigGAN,train
stable_diffusion_v_1_5\633_sdv5_00136.jpg,1,stable_diffusion_v_1_5,train
stable_diffusion_v_1_5\658_sdv5_00186.jpg,1,stable_diffusion_v_1_5,train
ADM\139_adm_11.jpg,1,ADM,train
stable_diffusion_v_1_5\142_sdv5_00157.jpg,1,stable_diffusion_v_1_5,train
ADM\544_adm_186.jpg,1,ADM,train
ADM\921_adm_57.jpg,1,ADM,train
Nature\n01950731_8970.JPEG,0,Nature,train
Nature\ILSVRC2012_val_00026476.JPEG,0,Nature,train
ADM\537_adm_34.jpg,1,ADM,train
stable_diffusion_v_1_5\785_sdv5_00110.jpg,1,stable_diffusion_v_1_5,train
stable_diffusion_v_1_5\067_sdv5_00009.jpg,1,stable_diffusion_v_1_5,train
Nature\n11939491_27752.JPEG,0,Nature,train
ADM\482_adm_61.jpg,1,ADM,train
stable_diffusion_v_1_5\506_sdv5_00172.jpg,1,stable_diffusion_v_1_5,train
ADM\198_adm_115.jpg,1,ADM,train
ADM\449_adm_92.jpg,1,ADM,train
Nature\n01968897_3487.JPEG,0,Nature,train
ADM\799_adm_104.jpg,1,ADM,train
Nature\n01819313_2166.JPEG,0,Nature,train
ADM\323_adm_172.jpg,1,ADM,train
Nature\ILSVRC2012_val_00006805.JPEG,0,Nature,train
ADM\726_adm_47.jpg,1,ADM,train
Nature\n01693334_5188.JPEG,0,Nature,train
Nature\n01582220_9874.JPEG,0,Nature,train
BigGAN\425_biggan_00035.jpg,1,BigGAN,train
stable_diffusion_v_1_5\438_sdv5_00180.jpg,1,stable_diffusion_v_1_5,train
BigGAN\279_biggan_00193.jpg,1,BigGAN,train
Nature\n02028035_829.JPEG,0,Nature,train
stable_diffusion_v_1_5\432_sdv5_00148.jpg,1,stable_diffusion_v_1_5,train
stable_diffusion_v_1_5\513_sdv5_00167.jpg,1,stable_diffusion_v_1_5,train
stable_diffusion_v_1_5\276_sdv5_00017.jpg,1,stable_diffusion_v_1_5,train
ADM\328_adm_107.jpg,1,ADM,train
Nature\n01775062_6688.JPEG,0,Nature,train
Nature\n01608432_15215.JPEG,0,Nature,train
stable_diffusion_v_1_5\578_sdv5_00063.jpg,1,stable_diffusion_v_1_5,train
BigGAN\353_biggan_00127.jpg,1,BigGAN,train
Nature\n01531178_17814.JPEG,0,Nature,train
ADM\862_adm_8.jpg,1,ADM,train
BigGAN\291_biggan_00083.jpg,1,BigGAN,train
BigGAN\520_biggan_00010.jpg,1,BigGAN,train
BigGAN\269_biggan_00005.jpg,1,BigGAN,train
ADM\919_adm_60.jpg,1,ADM,train
BigGAN\838_biggan_00171.jpg,1,BigGAN,train
ADM\104_adm_66.jpg,1,ADM,train
ADM\694_adm_93.jpg,1,ADM,train
Nature\n01944390_1983.JPEG,0,Nature,train
ADM\947_adm_120.jpg,1,ADM,train
BigGAN\860_biggan_00020.jpg,1,BigGAN,train
ADM\239_adm_110.jpg,1,ADM,train
ADM\28_adm_8.jpg,1,ADM,train
Nature\n01843383_5555.JPEG,0,Nature,train
Nature\n01818515_11499.JPEG,0,Nature,train
ADM\291_adm_51.jpg,1,ADM,train
Nature\n01860187_28105.JPEG,0,Nature,train
Nature\n01883070_17396.JPEG,0,Nature,train
stable_diffusion_v_1_5\631_sdv5_00101.jpg,1,stable_diffusion_v_1_5,train
BigGAN\887_biggan_00070.jpg,1,BigGAN,train
Nature\n01531178_20730.JPEG,0,Nature,train
ADM\447_adm_106.jpg,1,ADM,train
stable_diffusion_v_1_5\671_sdv5_00145.jpg,1,stable_diffusion_v_1_5,train
BigGAN\378_biggan_00117.jpg,1,BigGAN,train
ADM\849_adm_185.jpg,1,ADM,train
ADM\447_adm_4.jpg,1,ADM,train
stable_diffusion_v_1_5\795_sdv5_00000.jpg,1,stable_diffusion_v_1_5,train
ADM\229_adm_159.jpg,1,ADM,train
stable_diffusion_v_1_5\493_sdv5_00136.jpg,1,stable_diffusion_v_1_5,train
BigGAN\177_biggan_00108.jpg,1,BigGAN,train
BigGAN\858_biggan_00167.jpg,1,BigGAN,train
ADM\33_adm_127.jpg,1,ADM,train
stable_diffusion_v_1_5\816_sdv5_00068.jpg,1,stable_diffusion_v_1_5,train
Nature\n01820546_3983.JPEG,0,Nature,train
BigGAN\920_biggan_00024.jpg,1,BigGAN,train
ADM\943_adm_161.jpg,1,ADM,train
Nature\ILSVRC2012_val_00037611.JPEG,0,Nature,train
Nature\n01592084_5645.JPEG,0,Nature,train
Nature\n01877812_7865.JPEG,0,Nature,train
Nature\n01592084_1952.JPEG,0,Nature,train
ADM\658_adm_159.jpg,1,ADM,train
stable_diffusion_v_1_5\864_sdv5_00095.jpg,1,stable_diffusion_v_1_5,train
BigGAN\636_biggan_00074.jpg,1,BigGAN,train
ADM\285_adm_34.jpg,1,ADM,train
ADM\422_adm_147.jpg,1,ADM,train
ADM\424_adm_36.jpg,1,ADM,train
ADM\171_adm_123.jpg,1,ADM,train
ADM\268_adm_44.jpg,1,ADM,train
ADM\973_adm_120.jpg,1,ADM,train
BigGAN\357_biggan_00079.jpg,1,BigGAN,train
BigGAN\557_biggan_00039.jpg,1,BigGAN,train
ADM\29_adm_76.jpg,1,ADM,train
Nature\n01582220_5268.JPEG,0,Nature,train
stable_diffusion_v_1_5\762_sdv5_00026.jpg,1,stable_diffusion_v_1_5,train
Nature\n01592084_1937.JPEG,0,Nature,train
ADM\793_adm_165.jpg,1,ADM,train
stable_diffusion_v_1_5\426_sdv5_00114.jpg,1,stable_diffusion_v_1_5,train
Nature\ILSVRC2012_val_00011834.JPEG,0,Nature,train
ADM\131_adm_153.jpg,1,ADM,train
BigGAN\225_biggan_00074.jpg,1,BigGAN,train
Nature\n01531178_108.JPEG,0,Nature,train
ADM\127_adm_165.jpg,1,ADM,train
Nature\n02051845_5641.JPEG,0,Nature,train
Nature\n01775062_2526.JPEG,0,Nature,train
stable_diffusion_v_1_5\553_sdv5_00039.jpg,1,stable_diffusion_v_1_5,train
BigGAN\088_biggan_00067.jpg,1,BigGAN,train
Nature\ILSVRC2012_val_00041584.JPEG,0,Nature,train
BigGAN\500_biggan_00146.jpg,1,BigGAN,train
ADM\172_adm_137.jpg,1,ADM,train
Nature\n03724870_20195.JPEG,0,Nature,train
Nature\n01514859_3322.JPEG,0,Nature,train
stable_diffusion_v_1_5\456_sdv5_00079.jpg,1,stable_diffusion_v_1_5,train
Nature\n01498041_7435.JPEG,0,Nature,train
BigGAN\663_biggan_00123.jpg,1,BigGAN,train
Nature\n01986214_12023.JPEG,0,Nature,train
stable_diffusion_v_1_5\044_sdv5_00042.jpg,1,stable_diffusion_v_1_5,train
ADM\732_adm_7.jpg,1,ADM,train
Nature\n01820546_792.JPEG,0,Nature,train
BigGAN\293_biggan_00198.jpg,1,BigGAN,train
ADM\291_adm_153.jpg,1,ADM,train
Nature\n01943899_7957.JPEG,0,Nature,train
Nature\n01514668_10979.JPEG,0,Nature,train
stable_diffusion_v_1_5\251_sdv5_00003.jpg,1,stable_diffusion_v_1_5,train
stable_diffusion_v_1_5\417_sdv5_00064.jpg,1,stable_diffusion_v_1_5,train
stable_diffusion_v_1_5\541_sdv5_00128.jpg,1,stable_diffusion_v_1_5,train
Nature\ILSVRC2012_val_00038864.JPEG,0,Nature,train
BigGAN\354_biggan_00186.jpg,1,BigGAN,train
BigGAN\470_biggan_00111.jpg,1,BigGAN,train
stable_diffusion_v_1_5\295_sdv5_00093.jpg,1,stable_diffusion_v_1_5,train
stable_diffusion_v_1_5\633_sdv5_00195.jpg,1,stable_diffusion_v_1_5,train
ADM\677_adm_174.jpg,1,ADM,train
Nature\n01984695_380.JPEG,0,Nature,train
Nature\n01774384_6301.JPEG,0,Nature,train
ADM\818_adm_191.jpg,1,ADM,train
Nature\ILSVRC2012_val_00048175.JPEG,0,Nature,train
stable_diffusion_v_1_5\964_sdv5_00078.jpg,1,stable_diffusion_v_1_5,train
stable_diffusion_v_1_5\238_sdv5_00039.jpg,1,stable_diffusion_v_1_5,train
ADM\705_adm_78.jpg,1,ADM,train
Nature\n01773797_5217.JPEG,0,Nature,train
stable_diffusion_v_1_5\582_sdv5_00118.jpg,1,stable_diffusion_v_1_5,train
Nature\n01774384_3762.JPEG,0,Nature,train
ADM\457_adm_154.jpg,1,ADM,train
Nature\n01950731_9522.JPEG,0,Nature,train
Nature\n02012849_13181.JPEG,0,Nature,train
BigGAN\243_biggan_00072.jpg,1,BigGAN,train
Nature\n01756291_12391.JPEG,0,Nature,train
Nature\ILSVRC2012_val_00024012.JPEG,0,Nature,train
BigGAN\140_biggan_00017.jpg,1,BigGAN,train
BigGAN\340_biggan_00081.jpg,1,BigGAN,train
stable_diffusion_v_1_5\621_sdv5_00182.jpg,1,stable_diffusion_v_1_5,train
BigGAN\345_biggan_00062.jpg,1,BigGAN,train
ADM\972_adm_70.jpg,1,ADM,train
BigGAN\925_biggan_00002.jpg,1,BigGAN,train
ADM\942_adm_123.jpg,1,ADM,train
Nature\n01955084_3563.JPEG,0,Nature,train
Nature\n01824575_5558.JPEG,0,Nature,train
stable_diffusion_v_1_5\995_sdv5_00062.jpg,1,stable_diffusion_v_1_5,train
Nature\n01582220_8699.JPEG,0,Nature,train
stable_diffusion_v_1_5\816_sdv5_00195.jpg,1,stable_diffusion_v_1_5,train
stable_diffusion_v_1_5\034_sdv5_00087.jpg,1,stable_diffusion_v_1_5,train
ADM\953_adm_63.jpg,1,ADM,train
ADM\306_adm_7.jpg,1,ADM,train
ADM\618_adm_175.jpg,1,ADM,train
stable_diffusion_v_1_5\173_sdv5_00145.jpg,1,stable_diffusion_v_1_5,train
ADM\464_adm_83.jpg,1,ADM,train
BigGAN\818_biggan_00169.jpg,1,BigGAN,train
stable_diffusion_v_1_5\796_sdv5_00020.jpg,1,stable_diffusion_v_1_5,train
ADM\846_adm_86.jpg,1,ADM,train
ADM\50_adm_90.jpg,1,ADM,train
ADM\203_adm_91.jpg,1,ADM,train
Nature\n01494475_3741.JPEG,0,Nature,train
BigGAN\597_biggan_00143.jpg,1,BigGAN,train
BigGAN\491_biggan_00007.jpg,1,BigGAN,train
BigGAN\088_biggan_00040.jpg,1,BigGAN,train
BigGAN\125_biggan_00127.jpg,1,BigGAN,train
ADM\989_adm_42.jpg,1,ADM,train
BigGAN\490_biggan_00170.jpg,1,BigGAN,train
Nature\ILSVRC2012_val_00010861.JPEG,0,Nature,train
Nature\n02013706_6377.JPEG,0,Nature,train
ADM\232_adm_174.jpg,1,ADM,train
stable_diffusion_v_1_5\764_sdv5_00058.jpg,1,stable_diffusion_v_1_5,train
Nature\n03544143_11283.JPEG,0,Nature,train
ADM\873_adm_7.jpg,1,ADM,train
Nature\n02018207_8541.JPEG,0,Nature,train
Nature\n01774384_2332.JPEG,0,Nature,train
stable_diffusion_v_1_5\918_sdv5_00170.jpg,1,stable_diffusion_v_1_5,train
Nature\ILSVRC2012_val_00035837.JPEG,0,Nature,train
ADM\570_adm_165.jpg,1,ADM,train
Nature\n01614925_6618.JPEG,0,Nature,train
stable_diffusion_v_1_5\471_sdv5_00186.jpg,1,stable_diffusion_v_1_5,train
ADM\66_adm_11.jpg,1,ADM,train
Nature\n01944390_5237.JPEG,0,Nature,train
ADM\959_adm_140.jpg,1,ADM,train
stable_diffusion_v_1_5\090_sdv5_00051.jpg,1,stable_diffusion_v_1_5,train
Nature\n01818515_2819.JPEG,0,Nature,train
BigGAN\219_biggan_00039.jpg,1,BigGAN,train
stable_diffusion_v_1_5\109_sdv5_00077.jpg,1,stable_diffusion_v_1_5,train
BigGAN\589_biggan_00074.jpg,1,BigGAN,train
BigGAN\645_biggan_00006.jpg,1,BigGAN,train
ADM\450_adm_179.jpg,1,ADM,train
stable_diffusion_v_1_5\912_sdv5_00057.jpg,1,stable_diffusion_v_1_5,train
stable_diffusion_v_1_5\008_sdv5_00084.jpg,1,stable_diffusion_v_1_5,train
Nature\n01930112_10325.JPEG,0,Nature,train
Nature\n01833805_4829.JPEG,0,Nature,train
Nature\ILSVRC2012_val_00048804.JPEG,0,Nature,train
Nature\n01950731_26161.JPEG,0,Nature,train
ADM\796_adm_30.jpg,1,ADM,train
BigGAN\876_biggan_00061.jpg,1,BigGAN,train
ADM\421_adm_171.jpg,1,ADM,train
stable_diffusion_v_1_5\910_sdv5_00123.jpg,1,stable_diffusion_v_1_5,train
Nature\n01943899_2559.JPEG,0,Nature,train
Nature\n01514859_3981.JPEG,0,Nature,train
Nature\n01847000_10186.JPEG,0,Nature,train
ADM\35_adm_31.jpg,1,ADM,train
stable_diffusion_v_1_5\881_sdv5_00011.jpg,1,stable_diffusion_v_1_5,train
Nature\n02011460_5026.JPEG,0,Nature,train
Nature\n01773797_6410.JPEG,0,Nature,train
Nature\n01592084_3146.JPEG,0,Nature,train
stable_diffusion_v_1_5\906_sdv5_00121.jpg,1,stable_diffusion_v_1_5,train
ADM\600_adm_174.jpg,1,ADM,train
BigGAN\423_biggan_00170.jpg,1,BigGAN,train
stable_diffusion_v_1_5\165_sdv5_00047.jpg,1,stable_diffusion_v_1_5,train
ADM\76_adm_60.jpg,1,ADM,train
ADM\387_adm_104.jpg,1,ADM,train
BigGAN\926_biggan_00056.jpg,1,BigGAN,train
BigGAN\800_biggan_00143.jpg,1,BigGAN,train
BigGAN\055_biggan_00052.jpg,1,BigGAN,train
Nature\n01614925_567.JPEG,0,Nature,train
ADM\148_adm_142.jpg,1,ADM,train
ADM\837_adm_113.jpg,1,ADM,train
ADM\517_adm_19.jpg,1,ADM,train
ADM\842_adm_63.jpg,1,ADM,train
Nature\n01914609_4914.JPEG,0,Nature,train
Nature\n01986214_3775.JPEG,0,Nature,train
BigGAN\371_biggan_00069.jpg,1,BigGAN,train
stable_diffusion_v_1_5\819_sdv5_00134.jpg,1,stable_diffusion_v_1_5,train
BigGAN\739_biggan_00181.jpg,1,BigGAN,train
Nature\n01514668_18144.JPEG,0,Nature,train
Nature\ILSVRC2012_val_00038407.JPEG,0,Nature,train
ADM\195_adm_11.jpg,1,ADM,train
Nature\n01828970_6017.JPEG,0,Nature,train
BigGAN\518_biggan_00035.jpg,1,BigGAN,train
BigGAN\733_biggan_00054.jpg,1,BigGAN,train
ADM\298_adm_90.jpg,1,ADM,train
Nature\n01601694_8694.JPEG,0,Nature,train
stable_diffusion_v_1_5\659_sdv5_00154.jpg,1,stable_diffusion_v_1_5,train
Nature\n02028035_4210.JPEG,0,Nature,train
BigGAN\204_biggan_00016.jpg,1,BigGAN,train
BigGAN\067_biggan_00128.jpg,1,BigGAN,train
Nature\n01914609_13695.JPEG,0,Nature,train
ADM\322_adm_115.jpg,1,ADM,train
Nature\n01601694_12844.JPEG,0,Nature,train
Nature\n01774384_13080.JPEG,0,Nature,train
BigGAN\802_biggan_00043.jpg,1,BigGAN,train
Nature\n01582220_5803.JPEG,0,Nature,train
Nature\n02106662_26570.JPEG,0,Nature,train
BigGAN\319_biggan_00176.jpg,1,BigGAN,train
stable_diffusion_v_1_5\694_sdv5_00172.jpg,1,stable_diffusion_v_1_5,train
ADM\63_adm_91.jpg,1,ADM,train
Nature\n01847000_15130.JPEG,0,Nature,train
BigGAN\686_biggan_00127.jpg,1,BigGAN,train
BigGAN\770_biggan_00143.jpg,1,BigGAN,train
BigGAN\926_biggan_00064.jpg,1,BigGAN,train
Nature\n01773797_935.JPEG,0,Nature,train
stable_diffusion_v_1_5\119_sdv5_00033.jpg,1,stable_diffusion_v_1_5,train
stable_diffusion_v_1_5\841_sdv5_00135.jpg,1,stable_diffusion_v_1_5,train
ADM\969_adm_100.jpg,1,ADM,train
ADM\729_adm_128.jpg,1,ADM,train
Nature\n01818515_9056.JPEG,0,Nature,train
ADM\221_adm_7.jpg,1,ADM,train
ADM\582_adm_45.jpg,1,ADM,train
BigGAN\453_biggan_00198.jpg,1,BigGAN,train
BigGAN\213_biggan_00138.jpg,1,BigGAN,train
stable_diffusion_v_1_5\776_sdv5_00128.jpg,1,stable_diffusion_v_1_5,train
BigGAN\628_biggan_00070.jpg,1,BigGAN,train
Nature\n01775062_8740.JPEG,0,Nature,train
Nature\ILSVRC2012_val_00043597.JPEG,0,Nature,train
Nature\n01855672_15697.JPEG,0,Nature,train
Nature\n01592084_3796.JPEG,0,Nature,train
Nature\n01855672_3808.JPEG,0,Nature,train
ADM\119_adm_14.jpg,1,ADM,train
ADM\544_adm_33.jpg,1,ADM,train
stable_diffusion_v_1_5\053_sdv5_00117.jpg,1,stable_diffusion_v_1_5,train
ADM\939_adm_61.jpg,1,ADM,train
ADM\864_adm_29.jpg,1,ADM,train
ADM\647_adm_118.jpg,1,ADM,train
ADM\151_adm_138.jpg,1,ADM,train
ADM\274_adm_0.jpg,1,ADM,train
stable_diffusion_v_1_5\440_sdv5_00124.jpg,1,stable_diffusion_v_1_5,train
ADM\732_adm_136.jpg,1,ADM,train
BigGAN\941_biggan_00123.jpg,1,BigGAN,train
BigGAN\085_biggan_00110.jpg,1,BigGAN,train
Nature\n01734418_2680.JPEG,0,Nature,train
Nature\n01985128_28704.JPEG,0,Nature,train
stable_diffusion_v_1_5\726_sdv5_00117.jpg,1,stable_diffusion_v_1_5,train
Nature\n01592084_3628.JPEG,0,Nature,train
Nature\n01770393_8190.JPEG,0,Nature,train
Nature\n01776313_18687.JPEG,0,Nature,train
Nature\ILSVRC2012_val_00048708.JPEG,0,Nature,train
stable_diffusion_v_1_5\369_sdv5_00105.jpg,1,stable_diffusion_v_1_5,train
BigGAN\233_biggan_00074.jpg,1,BigGAN,train
BigGAN\447_biggan_00104.jpg,1,BigGAN,train
BigGAN\221_biggan_00020.jpg,1,BigGAN,train
BigGAN\197_biggan_00079.jpg,1,BigGAN,train
BigGAN\698_biggan_00175.jpg,1,BigGAN,train
Nature\n02011460_4609.JPEG,0,Nature,train
ADM\686_adm_91.jpg,1,ADM,train
stable_diffusion_v_1_5\867_sdv5_00186.jpg,1,stable_diffusion_v_1_5,train
stable_diffusion_v_1_5\187_sdv5_00154.jpg,1,stable_diffusion_v_1_5,train
Nature\ILSVRC2012_val_00042786.JPEG,0,Nature,train
Nature\n01735189_4229.JPEG,0,Nature,train
Nature\n01944390_6144.JPEG,0,Nature,train
ADM\567_adm_2.jpg,1,ADM,train
BigGAN\608_biggan_00143.jpg,1,BigGAN,train
BigGAN\042_biggan_00173.jpg,1,BigGAN,train
BigGAN\029_biggan_00144.jpg,1,BigGAN,train
BigGAN\282_biggan_00146.jpg,1,BigGAN,train
Nature\n02094433_5296.JPEG,0,Nature,train
BigGAN\935_biggan_00083.jpg,1,BigGAN,train
Nature\n01608432_2093.JPEG,0,Nature,train
ADM\860_adm_141.jpg,1,ADM,train
Nature\n01820546_4769.JPEG,0,Nature,train
Nature\n01614925_9190.JPEG,0,Nature,train
stable_diffusion_v_1_5\828_sdv5_00179.jpg,1,stable_diffusion_v_1_5,train
ADM\561_adm_185.jpg,1,ADM,train
ADM\386_adm_157.jpg,1,ADM,train
Nature\n01753488_11102.JPEG,0,Nature,train
Nature\n01828970_7127.JPEG,0,Nature,train
BigGAN\827_biggan_00126.jpg,1,BigGAN,train
BigGAN\937_biggan_00105.jpg,1,BigGAN,train
Nature\n01755581_7291.JPEG,0,Nature,train
Nature\n02006656_2219.JPEG,0,Nature,train
Nature\n01531178_10241.JPEG,0,Nature,train
BigGAN\378_biggan_00075.jpg,1,BigGAN,train
Nature\n01770081_12811.JPEG,0,Nature,train
Nature\n01537544_3956.JPEG,0,Nature,train
ADM\890_adm_156.jpg,1,ADM,train
BigGAN\768_biggan_00173.jpg,1,BigGAN,train
stable_diffusion_v_1_5\455_sdv5_00115.jpg,1,stable_diffusion_v_1_5,train
ADM\392_adm_90.jpg,1,ADM,train
Nature\ILSVRC2012_val_00021677.JPEG,0,Nature,train
Nature\n01819313_7165.JPEG,0,Nature,train
BigGAN\228_biggan_00123.jpg,1,BigGAN,train
Nature\n01843383_8104.JPEG,0,Nature,train
stable_diffusion_v_1_5\882_sdv5_00027.jpg,1,stable_diffusion_v_1_5,train
stable_diffusion_v_1_5\689_sdv5_00115.jpg,1,stable_diffusion_v_1_5,train
BigGAN\320_biggan_00196.jpg,1,BigGAN,train
Nature\n01824575_2024.JPEG,0,Nature,train
Nature\n01828970_2137.JPEG,0,Nature,train
Nature\n02037110_2525.JPEG,0,Nature,train
ADM\635_adm_85.jpg,1,ADM,train
BigGAN\950_biggan_00155.jpg,1,BigGAN,train
Nature\n01860187_2854.JPEG,0,Nature,train
stable_diffusion_v_1_5\306_sdv5_00132.jpg,1,stable_diffusion_v_1_5,train
stable_diffusion_v_1_5\089_sdv5_00184.jpg,1,stable_diffusion_v_1_5,train
stable_diffusion_v_1_5\661_sdv5_00027.jpg,1,stable_diffusion_v_1_5,train
stable_diffusion_v_1_5\192_sdv5_00105.jpg,1,stable_diffusion_v_1_5,train
ADM\378_adm_114.jpg,1,ADM,train
Nature\n01776313_10572.JPEG,0,Nature,train
stable_diffusion_v_1_5\917_sdv5_00100.jpg,1,stable_diffusion_v_1_5,train
Nature\n02013706_2952.JPEG,0,Nature,train
BigGAN\087_biggan_00073.jpg,1,BigGAN,train
ADM\852_adm_51.jpg,1,ADM,train
ADM\444_adm_16.jpg,1,ADM,train
ADM\994_adm_28.jpg,1,ADM,train
ADM\730_adm_69.jpg,1,ADM,train
Nature\n01950731_16414.JPEG,0,Nature,train
Nature\n01592084_6388.JPEG,0,Nature,train
BigGAN\691_biggan_00119.jpg,1,BigGAN,train
Nature\n01910747_3528.JPEG,0,Nature,train
BigGAN\978_biggan_00039.jpg,1,BigGAN,train
stable_diffusion_v_1_5\222_sdv5_00129.jpg,1,stable_diffusion_v_1_5,train
Nature\n01734418_4878.JPEG,0,Nature,train
BigGAN\906_biggan_00140.jpg,1,BigGAN,train
BigGAN\748_biggan_00060.jpg,1,BigGAN,train
Nature\n01950731_14977.JPEG,0,Nature,train
stable_diffusion_v_1_5\110_sdv5_00171.jpg,1,stable_diffusion_v_1_5,train
ADM\821_adm_106.jpg,1,ADM,train
Nature\n01614925_2195.JPEG,0,Nature,train
BigGAN\988_biggan_00060.jpg,1,BigGAN,train
stable_diffusion_v_1_5\715_sdv5_00160.jpg,1,stable_diffusion_v_1_5,train
BigGAN\436_biggan_00189.jpg,1,BigGAN,train
ADM\688_adm_10.jpg,1,ADM,train
BigGAN\679_biggan_00024.jpg,1,BigGAN,train
stable_diffusion_v_1_5\585_sdv5_00170.jpg,1,stable_diffusion_v_1_5,train
Nature\n01775062_9864.JPEG,0,Nature,train
BigGAN\083_biggan_00108.jpg,1,BigGAN,train
stable_diffusion_v_1_5\610_sdv5_00088.jpg,1,stable_diffusion_v_1_5,train
BigGAN\866_biggan_00143.jpg,1,BigGAN,train
Nature\n02007558_3415.JPEG,0,Nature,train
ADM\763_adm_34.jpg,1,ADM,train
BigGAN\235_biggan_00074.jpg,1,BigGAN,train
Nature\ILSVRC2012_val_00047696.JPEG,0,Nature,train
Nature\n03207743_11822.JPEG,0,Nature,train
ADM\694_adm_45.jpg,1,ADM,train
BigGAN\366_biggan_00039.jpg,1,BigGAN,train
BigGAN\389_biggan_00033.jpg,1,BigGAN,train
ADM\741_adm_166.jpg,1,ADM,train
BigGAN\514_biggan_00127.jpg,1,BigGAN,train
BigGAN\351_biggan_00072.jpg,1,BigGAN,train
stable_diffusion_v_1_5\875_sdv5_00100.jpg,1,stable_diffusion_v_1_5,train
ADM\139_adm_133.jpg,1,ADM,train
stable_diffusion_v_1_5\378_sdv5_00059.jpg,1,stable_diffusion_v_1_5,train
Nature\n02007558_547.JPEG,0,Nature,train
BigGAN\780_biggan_00173.jpg,1,BigGAN,train
stable_diffusion_v_1_5\851_sdv5_00195.jpg,1,stable_diffusion_v_1_5,train
Nature\ILSVRC2012_val_00011339.JPEG,0,Nature,train
ADM\394_adm_20.jpg,1,ADM,train
ADM\976_adm_44.jpg,1,ADM,train
ADM\38_adm_6.jpg,1,ADM,train
stable_diffusion_v_1_5\296_sdv5_00003.jpg,1,stable_diffusion_v_1_5,train
ADM\863_adm_87.jpg,1,ADM,train
ADM\382_adm_78.jpg,1,ADM,train
stable_diffusion_v_1_5\756_sdv5_00160.jpg,1,stable_diffusion_v_1_5,train
BigGAN\072_biggan_00082.jpg,1,BigGAN,train
Nature\n02037110_2776.JPEG,0,Nature,train
BigGAN\498_biggan_00190.jpg,1,BigGAN,train
BigGAN\167_biggan_00039.jpg,1,BigGAN,train
Nature\n01630670_168.JPEG,0,Nature,train
Nature\n01531178_11260.JPEG,0,Nature,train
BigGAN\295_biggan_00127.jpg,1,BigGAN,train
stable_diffusion_v_1_5\550_sdv5_00183.jpg,1,stable_diffusion_v_1_5,train
Nature\n01739381_7880.JPEG,0,Nature,train
BigGAN\843_biggan_00074.jpg,1,BigGAN,train
Nature\n02894605_74549.JPEG,0,Nature,train
ADM\907_adm_145.jpg,1,ADM,train
stable_diffusion_v_1_5\143_sdv5_00010.jpg,1,stable_diffusion_v_1_5,train
ADM\937_adm_164.jpg,1,ADM,train
ADM\504_adm_152.jpg,1,ADM,train
Nature\n03492542_34821.JPEG,0,Nature,train
ADM\253_adm_168.jpg,1,ADM,train
ADM\433_adm_91.jpg,1,ADM,train
stable_diffusion_v_1_5\155_sdv5_00101.jpg,1,stable_diffusion_v_1_5,train
stable_diffusion_v_1_5\301_sdv5_00064.jpg,1,stable_diffusion_v_1_5,train
Nature\n01685808_5329.JPEG,0,Nature,train
ADM\814_adm_113.jpg,1,ADM,train
BigGAN\602_biggan_00069.jpg,1,BigGAN,train
BigGAN\473_biggan_00145.jpg,1,BigGAN,train
Nature\n01773797_3111.JPEG,0,Nature,train
Nature\ILSVRC2012_val_00013987.JPEG,0,Nature,train
ADM\547_adm_44.jpg,1,ADM,train
ADM\889_adm_165.jpg,1,ADM,train
Nature\n02018207_12192.JPEG,0,Nature,train
Nature\n01614925_1517.JPEG,0,Nature,train
BigGAN\872_biggan_00172.jpg,1,BigGAN,train
stable_diffusion_v_1_5\388_sdv5_00094.jpg,1,stable_diffusion_v_1_5,train
stable_diffusion_v_1_5\631_sdv5_00149.jpg,1,stable_diffusion_v_1_5,train
stable_diffusion_v_1_5\770_sdv5_00137.jpg,1,stable_diffusion_v_1_5,train
Nature\n01950731_9946.JPEG,0,Nature,train
Nature\ILSVRC2012_val_00033220.JPEG,0,Nature,train
ADM\124_adm_174.jpg,1,ADM,train
Nature\ILSVRC2012_val_00008888.JPEG,0,Nature,train
stable_diffusion_v_1_5\374_sdv5_00155.jpg,1,stable_diffusion_v_1_5,train
BigGAN\358_biggan_00039.jpg,1,BigGAN,train
stable_diffusion_v_1_5\160_sdv5_00034.jpg,1,stable_diffusion_v_1_5,train
Nature\n01677366_37483.JPEG,0,Nature,train
Nature\n01742172_20419.JPEG,0,Nature,train
stable_diffusion_v_1_5\095_sdv5_00105.jpg,1,stable_diffusion_v_1_5,train
BigGAN\411_biggan_00084.jpg,1,BigGAN,train
ADM\788_adm_183.jpg,1,ADM,train
ADM\180_adm_136.jpg,1,ADM,train
Nature\n01773797_5882.JPEG,0,Nature,train
BigGAN\395_biggan_00035.jpg,1,BigGAN,train
Nature\ILSVRC2012_val_00011420.JPEG,0,Nature,train
Nature\n01537544_6125.JPEG,0,Nature,train
ADM\582_adm_53.jpg,1,ADM,train
ADM\685_adm_104.jpg,1,ADM,train
stable_diffusion_v_1_5\106_sdv5_00185.jpg,1,stable_diffusion_v_1_5,train
Nature\n01773797_1184.JPEG,0,Nature,train
stable_diffusion_v_1_5\807_sdv5_00110.jpg,1,stable_diffusion_v_1_5,train
ADM\899_adm_4.jpg,1,ADM,train
Nature\n01693334_10376.JPEG,0,Nature,train
Nature\ILSVRC2012_val_00002691.JPEG,0,Nature,train
stable_diffusion_v_1_5\788_sdv5_00138.jpg,1,stable_diffusion_v_1_5,train
Nature\n02002556_465.JPEG,0,Nature,train
ADM\790_adm_40.jpg,1,ADM,train
ADM\756_adm_140.jpg,1,ADM,train
stable_diffusion_v_1_5\493_sdv5_00050.jpg,1,stable_diffusion_v_1_5,train
stable_diffusion_v_1_5\518_sdv5_00051.jpg,1,stable_diffusion_v_1_5,train
BigGAN\677_biggan_00143.jpg,1,BigGAN,train
stable_diffusion_v_1_5\589_sdv5_00131.jpg,1,stable_diffusion_v_1_5,train
ADM\401_adm_85.jpg,1,ADM,train
Nature\n01829413_2719.JPEG,0,Nature,train
stable_diffusion_v_1_5\213_sdv5_00187.jpg,1,stable_diffusion_v_1_5,train
Nature\n01829413_3405.JPEG,0,Nature,train
ADM\135_adm_85.jpg,1,ADM,train
stable_diffusion_v_1_5\131_sdv5_00006.jpg,1,stable_diffusion_v_1_5,train
BigGAN\726_biggan_00020.jpg,1,BigGAN,train
BigGAN\039_biggan_00186.jpg,1,BigGAN,train
Nature\n01601694_4289.JPEG,0,Nature,train
Nature\n01514859_6849.JPEG,0,Nature,train
stable_diffusion_v_1_5\708_sdv5_00120.jpg,1,stable_diffusion_v_1_5,train
stable_diffusion_v_1_5\236_sdv5_00195.jpg,1,stable_diffusion_v_1_5,train
ADM\675_adm_187.jpg,1,ADM,train
Nature\n01986214_9886.JPEG,0,Nature,train
BigGAN\518_biggan_00181.jpg,1,BigGAN,train
ADM\732_adm_107.jpg,1,ADM,train
Nature\n02013706_2849.JPEG,0,Nature,train
ADM\990_adm_153.jpg,1,ADM,train
stable_diffusion_v_1_5\695_sdv5_00100.jpg,1,stable_diffusion_v_1_5,train
Nature\ILSVRC2012_val_00044385.JPEG,0,Nature,train
stable_diffusion_v_1_5\553_sdv5_00144.jpg,1,stable_diffusion_v_1_5,train
stable_diffusion_v_1_5\462_sdv5_00033.jpg,1,stable_diffusion_v_1_5,train
BigGAN\435_biggan_00138.jpg,1,BigGAN,train
stable_diffusion_v_1_5\522_sdv5_00195.jpg,1,stable_diffusion_v_1_5,train
BigGAN\853_biggan_00149.jpg,1,BigGAN,train
stable_diffusion_v_1_5\492_sdv5_00044.jpg,1,stable_diffusion_v_1_5,train
Nature\n01847000_14868.JPEG,0,Nature,train
Nature\n02011460_1303.JPEG,0,Nature,train
stable_diffusion_v_1_5\283_sdv5_00157.jpg,1,stable_diffusion_v_1_5,train
BigGAN\240_biggan_00143.jpg,1,BigGAN,train
ADM\788_adm_120.jpg,1,ADM,train
stable_diffusion_v_1_5\751_sdv5_00069.jpg,1,stable_diffusion_v_1_5,train
Nature\ILSVRC2012_val_00027492.JPEG,0,Nature,train
stable_diffusion_v_1_5\339_sdv5_00021.jpg,1,stable_diffusion_v_1_5,train
Nature\n01514859_4045.JPEG,0,Nature,train
Nature\ILSVRC2012_val_00024630.JPEG,0,Nature,train
stable_diffusion_v_1_5\050_sdv5_00152.jpg,1,stable_diffusion_v_1_5,train
stable_diffusion_v_1_5\051_sdv5_00054.jpg,1,stable_diffusion_v_1_5,train
BigGAN\847_biggan_00198.jpg,1,BigGAN,train
stable_diffusion_v_1_5\722_sdv5_00120.jpg,1,stable_diffusion_v_1_5,train
ADM\866_adm_8.jpg,1,ADM,train
ADM\117_adm_85.jpg,1,ADM,train
ADM\208_adm_181.jpg,1,ADM,train
Nature\n01775062_4471.JPEG,0,Nature,train
BigGAN\770_biggan_00173.jpg,1,BigGAN,train
Nature\ILSVRC2012_val_00038622.JPEG,0,Nature,train
Nature\n01739381_465.JPEG,0,Nature,train
Nature\n01986214_15724.JPEG,0,Nature,train
stable_diffusion_v_1_5\091_sdv5_00170.jpg,1,stable_diffusion_v_1_5,train
Nature\n01560419_776.JPEG,0,Nature,train
Nature\n01776313_79601.JPEG,0,Nature,train
stable_diffusion_v_1_5\554_sdv5_00070.jpg,1,stable_diffusion_v_1_5,train
stable_diffusion_v_1_5\785_sdv5_00130.jpg,1,stable_diffusion_v_1_5,train
BigGAN\552_biggan_00114.jpg,1,BigGAN,train
BigGAN\669_biggan_00096.jpg,1,BigGAN,train
ADM\33_adm_7.jpg,1,ADM,train
BigGAN\311_biggan_00127.jpg,1,BigGAN,train
Nature\n02013706_2007.JPEG,0,Nature,train
stable_diffusion_v_1_5\429_sdv5_00093.jpg,1,stable_diffusion_v_1_5,train
stable_diffusion_v_1_5\495_sdv5_00007.jpg,1,stable_diffusion_v_1_5,train
stable_diffusion_v_1_5\934_sdv5_00129.jpg,1,stable_diffusion_v_1_5,train
stable_diffusion_v_1_5\500_sdv5_00102.jpg,1,stable_diffusion_v_1_5,train
Nature\n01667114_281.JPEG,0,Nature,train
BigGAN\520_biggan_00127.jpg,1,BigGAN,train
stable_diffusion_v_1_5\510_sdv5_00184.jpg,1,stable_diffusion_v_1_5,train
BigGAN\714_biggan_00177.jpg,1,BigGAN,train
stable_diffusion_v_1_5\216_sdv5_00011.jpg,1,stable_diffusion_v_1_5,train
BigGAN\661_biggan_00162.jpg,1,BigGAN,train
Nature\n01955084_8969.JPEG,0,Nature,train
Nature\n02012849_11172.JPEG,0,Nature,train
Nature\ILSVRC2012_val_00001556.JPEG,0,Nature,train
stable_diffusion_v_1_5\808_sdv5_00027.jpg,1,stable_diffusion_v_1_5,train
BigGAN\958_biggan_00061.jpg,1,BigGAN,train
Nature\n02051845_8184.JPEG,0,Nature,train
Nature\n01770393_26126.JPEG,0,Nature,train
BigGAN\942_biggan_00042.jpg,1,BigGAN,train
BigGAN\856_biggan_00107.jpg,1,BigGAN,train
Nature\n01608432_2879.JPEG,0,Nature,train
Nature\n01806143_9401.JPEG,0,Nature,train
stable_diffusion_v_1_5\770_sdv5_00031.jpg,1,stable_diffusion_v_1_5,train
stable_diffusion_v_1_5\772_sdv5_00027.jpg,1,stable_diffusion_v_1_5,train
stable_diffusion_v_1_5\750_sdv5_00184.jpg,1,stable_diffusion_v_1_5,train
Nature\n02105056_12607.JPEG,0,Nature,train
BigGAN\874_biggan_00061.jpg,1,BigGAN,train
stable_diffusion_v_1_5\791_sdv5_00020.jpg,1,stable_diffusion_v_1_5,train
ADM\548_adm_7.jpg,1,ADM,train
Nature\n02011460_2127.JPEG,0,Nature,train
Nature\n01930112_12436.JPEG,0,Nature,train
BigGAN\944_biggan_00006.jpg,1,BigGAN,train
BigGAN\740_biggan_00188.jpg,1,BigGAN,train
stable_diffusion_v_1_5\890_sdv5_00146.jpg,1,stable_diffusion_v_1_5,train
BigGAN\367_biggan_00034.jpg,1,BigGAN,train
BigGAN\990_biggan_00006.jpg,1,BigGAN,train
BigGAN\819_biggan_00037.jpg,1,BigGAN,train
ADM\841_adm_7.jpg,1,ADM,train
stable_diffusion_v_1_5\393_sdv5_00009.jpg,1,stable_diffusion_v_1_5,train
Nature\n02011460_2368.JPEG,0,Nature,train
BigGAN\927_biggan_00032.jpg,1,BigGAN,train
BigGAN\450_biggan_00113.jpg,1,BigGAN,train
Nature\ILSVRC2012_val_00036356.JPEG,0,Nature,train
stable_diffusion_v_1_5\389_sdv5_00140.jpg,1,stable_diffusion_v_1_5,train
Nature\n01855672_14258.JPEG,0,Nature,train
ADM\248_adm_98.jpg,1,ADM,train
ADM\242_adm_174.jpg,1,ADM,train
stable_diffusion_v_1_5\904_sdv5_00074.jpg,1,stable_diffusion_v_1_5,train
Nature\n01986214_9543.JPEG,0,Nature,train
Nature\n01828970_5430.JPEG,0,Nature,train
stable_diffusion_v_1_5\768_sdv5_00170.jpg,1,stable_diffusion_v_1_5,train
stable_diffusion_v_1_5\781_sdv5_00136.jpg,1,stable_diffusion_v_1_5,train
Nature\ILSVRC2012_val_00025254.JPEG,0,Nature,train
BigGAN\658_biggan_00180.jpg,1,BigGAN,train
ADM\889_adm_20.jpg,1,ADM,train
ADM\467_adm_131.jpg,1,ADM,train
stable_diffusion_v_1_5\051_sdv5_00020.jpg,1,stable_diffusion_v_1_5,train
Nature\n01968897_1918.JPEG,0,Nature,train
ADM\103_adm_153.jpg,1,ADM,train
Nature\n01751748_6355.JPEG,0,Nature,train
BigGAN\926_biggan_00053.jpg,1,BigGAN,train
stable_diffusion_v_1_5\271_sdv5_00135.jpg,1,stable_diffusion_v_1_5,train
Nature\n01773549_1607.JPEG,0,Nature,train
ADM\667_adm_177.jpg,1,ADM,train
BigGAN\114_biggan_00051.jpg,1,BigGAN,train
stable_diffusion_v_1_5\119_sdv5_00075.jpg,1,stable_diffusion_v_1_5,train
stable_diffusion_v_1_5\917_sdv5_00107.jpg,1,stable_diffusion_v_1_5,train
stable_diffusion_v_1_5\411_sdv5_00115.jpg,1,stable_diffusion_v_1_5,train
Nature\n01582220_10245.JPEG,0,Nature,train
BigGAN\936_biggan_00033.jpg,1,BigGAN,train
BigGAN\986_biggan_00083.jpg,1,BigGAN,train
ADM\297_adm_174.jpg,1,ADM,train
stable_diffusion_v_1_5\989_sdv5_00191.jpg,1,stable_diffusion_v_1_5,train
Nature\n01749939_1459.JPEG,0,Nature,train
BigGAN\482_biggan_00156.jpg,1,BigGAN,train
Nature\n01944390_10218.JPEG,0,Nature,train
ADM\33_adm_71.jpg,1,ADM,train
ADM\587_adm_90.jpg,1,ADM,train
stable_diffusion_v_1_5\839_sdv5_00176.jpg,1,stable_diffusion_v_1_5,train
Nature\ILSVRC2012_val_00047052.JPEG,0,Nature,train
BigGAN\336_biggan_00103.jpg,1,BigGAN,train
Nature\n01883070_6940.JPEG,0,Nature,train
stable_diffusion_v_1_5\246_sdv5_00088.jpg,1,stable_diffusion_v_1_5,train
Nature\n01930112_13804.JPEG,0,Nature,train
Nature\n01950731_12104.JPEG,0,Nature,train
stable_diffusion_v_1_5\473_sdv5_00195.jpg,1,stable_diffusion_v_1_5,train
Nature\n02013706_1964.JPEG,0,Nature,train
BigGAN\966_biggan_00075.jpg,1,BigGAN,train
ADM\763_adm_107.jpg,1,ADM,train
ADM\85_adm_41.jpg,1,ADM,train
stable_diffusion_v_1_5\013_sdv5_00055.jpg,1,stable_diffusion_v_1_5,train
ADM\393_adm_45.jpg,1,ADM,train
ADM\649_adm_19.jpg,1,ADM,train
ADM\534_adm_104.jpg,1,ADM,train
ADM\282_adm_72.jpg,1,ADM,train
stable_diffusion_v_1_5\619_sdv5_00010.jpg,1,stable_diffusion_v_1_5,train
Nature\n01531178_13497.JPEG,0,Nature,train
BigGAN\479_biggan_00066.jpg,1,BigGAN,train
BigGAN\904_biggan_00157.jpg,1,BigGAN,train
Nature\n01914609_2557.JPEG,0,Nature,train
Nature\n01944390_1555.JPEG,0,Nature,train
stable_diffusion_v_1_5\111_sdv5_00061.jpg,1,stable_diffusion_v_1_5,train
Nature\ILSVRC2012_val_00044010.JPEG,0,Nature,train
stable_diffusion_v_1_5\639_sdv5_00156.jpg,1,stable_diffusion_v_1_5,train
ADM\74_adm_161.jpg,1,ADM,train
Nature\n02011460_800.JPEG,0,Nature,train
BigGAN\262_biggan_00188.jpg,1,BigGAN,train
ADM\574_adm_106.jpg,1,ADM,train
BigGAN\723_biggan_00020.jpg,1,BigGAN,train
stable_diffusion_v_1_5\995_sdv5_00146.jpg,1,stable_diffusion_v_1_5,train
Nature\n01820546_3376.JPEG,0,Nature,train
Nature\n01677366_30346.JPEG,0,Nature,train
stable_diffusion_v_1_5\530_sdv5_00085.jpg,1,stable_diffusion_v_1_5,train
Nature\n01560419_9017.JPEG,0,Nature,train
ADM\652_adm_171.jpg,1,ADM,train
stable_diffusion_v_1_5\815_sdv5_00136.jpg,1,stable_diffusion_v_1_5,train
BigGAN\014_biggan_00062.jpg,1,BigGAN,train
stable_diffusion_v_1_5\693_sdv5_00103.jpg,1,stable_diffusion_v_1_5,train
BigGAN\939_biggan_00032.jpg,1,BigGAN,train
stable_diffusion_v_1_5\720_sdv5_00189.jpg,1,stable_diffusion_v_1_5,train
BigGAN\728_biggan_00189.jpg,1,BigGAN,train
stable_diffusion_v_1_5\125_sdv5_00048.jpg,1,stable_diffusion_v_1_5,train
BigGAN\896_biggan_00127.jpg,1,BigGAN,train
Nature\n01770081_4213.JPEG,0,Nature,train
ADM\485_adm_51.jpg,1,ADM,train
ADM\518_adm_101.jpg,1,ADM,train
Nature\n01491361_210.JPEG,0,Nature,train
BigGAN\799_biggan_00048.jpg,1,BigGAN,train
stable_diffusion_v_1_5\191_sdv5_00130.jpg,1,stable_diffusion_v_1_5,train
Nature\n02007558_5788.JPEG,0,Nature,train
BigGAN\002_biggan_00010.jpg,1,BigGAN,train
BigGAN\739_biggan_00162.jpg,1,BigGAN,train
BigGAN\665_biggan_00143.jpg,1,BigGAN,train
stable_diffusion_v_1_5\869_sdv5_00115.jpg,1,stable_diffusion_v_1_5,train
ADM\352_adm_122.jpg,1,ADM,train
Nature\ILSVRC2012_val_00040903.JPEG,0,Nature,train
Nature\n01819313_5464.JPEG,0,Nature,train
BigGAN\176_biggan_00037.jpg,1,BigGAN,train
stable_diffusion_v_1_5\246_sdv5_00003.jpg,1,stable_diffusion_v_1_5,train
Nature\n01582220_2091.JPEG,0,Nature,train
BigGAN\375_biggan_00055.jpg,1,BigGAN,train
stable_diffusion_v_1_5\937_sdv5_00026.jpg,1,stable_diffusion_v_1_5,train
ADM\875_adm_125.jpg,1,ADM,train
stable_diffusion_v_1_5\043_sdv5_00028.jpg,1,stable_diffusion_v_1_5,train
stable_diffusion_v_1_5\030_sdv5_00091.jpg,1,stable_diffusion_v_1_5,train
Nature\ILSVRC2012_val_00047337.JPEG,0,Nature,train
Nature\n01608432_14491.JPEG,0,Nature,train
Nature\ILSVRC2012_val_00024025.JPEG,0,Nature,train
Nature\n01806143_4694.JPEG,0,Nature,train
BigGAN\197_biggan_00016.jpg,1,BigGAN,train
Nature\ILSVRC2012_val_00033769.JPEG,0,Nature,train
stable_diffusion_v_1_5\389_sdv5_00086.jpg,1,stable_diffusion_v_1_5,train
ADM\35_adm_95.jpg,1,ADM,train
ADM\250_adm_91.jpg,1,ADM,train
stable_diffusion_v_1_5\282_sdv5_00091.jpg,1,stable_diffusion_v_1_5,train
BigGAN\311_biggan_00141.jpg,1,BigGAN,train
Nature\n01742172_8824.JPEG,0,Nature,train
ADM\253_adm_109.jpg,1,ADM,train
ADM\853_adm_10.jpg,1,ADM,train
BigGAN\353_biggan_00028.jpg,1,BigGAN,train
stable_diffusion_v_1_5\277_sdv5_00052.jpg,1,stable_diffusion_v_1_5,train
Nature\n01968897_20109.JPEG,0,Nature,train
Nature\n02006656_3797.JPEG,0,Nature,train
BigGAN\558_biggan_00074.jpg,1,BigGAN,train
stable_diffusion_v_1_5\207_sdv5_00063.jpg,1,stable_diffusion_v_1_5,train
stable_diffusion_v_1_5\148_sdv5_00035.jpg,1,stable_diffusion_v_1_5,train
BigGAN\097_biggan_00045.jpg,1,BigGAN,train
stable_diffusion_v_1_5\021_sdv5_00053.jpg,1,stable_diffusion_v_1_5,train
BigGAN\598_biggan_00058.jpg,1,BigGAN,train
ADM\972_adm_16.jpg,1,ADM,train
stable_diffusion_v_1_5\732_sdv5_00103.jpg,1,stable_diffusion_v_1_5,train
Nature\n02007558_12484.JPEG,0,Nature,train
ADM\403_adm_34.jpg,1,ADM,train
stable_diffusion_v_1_5\342_sdv5_00011.jpg,1,stable_diffusion_v_1_5,train
Nature\n01773797_2969.JPEG,0,Nature,train
BigGAN\843_biggan_00060.jpg,1,BigGAN,train
ADM\998_adm_174.jpg,1,ADM,train
stable_diffusion_v_1_5\948_sdv5_00055.jpg,1,stable_diffusion_v_1_5,train
BigGAN\142_biggan_00186.jpg,1,BigGAN,train
stable_diffusion_v_1_5\343_sdv5_00170.jpg,1,stable_diffusion_v_1_5,train
BigGAN\781_biggan_00043.jpg,1,BigGAN,train
ADM\993_adm_5.jpg,1,ADM,train
Nature\n03791053_10516.JPEG,0,Nature,train
Nature\n01955084_6640.JPEG,0,Nature,train
stable_diffusion_v_1_5\899_sdv5_00193.jpg,1,stable_diffusion_v_1_5,train
BigGAN\402_biggan_00105.jpg,1,BigGAN,train
ADM\705_adm_157.jpg,1,ADM,train
Nature\n02510455_2076.JPEG,0,Nature,train
Nature\n01742172_4243.JPEG,0,Nature,train
Nature\n02051845_4830.JPEG,0,Nature,train
BigGAN\340_biggan_00093.jpg,1,BigGAN,train
Nature\n01773797_5023.JPEG,0,Nature,train
stable_diffusion_v_1_5\091_sdv5_00074.jpg,1,stable_diffusion_v_1_5,train
ADM\491_adm_22.jpg,1,ADM,train
Nature\n02013706_3718.JPEG,0,Nature,train
ADM\795_adm_42.jpg,1,ADM,train
ADM\513_adm_55.jpg,1,ADM,train
Nature\ILSVRC2012_val_00020991.JPEG,0,Nature,train
stable_diffusion_v_1_5\373_sdv5_00101.jpg,1,stable_diffusion_v_1_5,train
stable_diffusion_v_1_5\066_sdv5_00166.jpg,1,stable_diffusion_v_1_5,train
BigGAN\788_biggan_00074.jpg,1,BigGAN,train
stable_diffusion_v_1_5\720_sdv5_00027.jpg,1,stable_diffusion_v_1_5,train
stable_diffusion_v_1_5\826_sdv5_00052.jpg,1,stable_diffusion_v_1_5,train
stable_diffusion_v_1_5\779_sdv5_00143.jpg,1,stable_diffusion_v_1_5,train
BigGAN\650_biggan_00142.jpg,1,BigGAN,train
ADM\413_adm_8.jpg,1,ADM,train
BigGAN\227_biggan_00153.jpg,1,BigGAN,train
Nature\n01833805_3933.JPEG,0,Nature,train
ADM\999_adm_141.jpg,1,ADM,train
Nature\n01847000_7706.JPEG,0,Nature,train
BigGAN\916_biggan_00086.jpg,1,BigGAN,train
Nature\n02013706_4097.JPEG,0,Nature,train
Nature\n01773797_4632.JPEG,0,Nature,train
Nature\n01818515_4275.JPEG,0,Nature,train
ADM\404_adm_1.jpg,1,ADM,train
BigGAN\801_biggan_00020.jpg,1,BigGAN,train
stable_diffusion_v_1_5\664_sdv5_00139.jpg,1,stable_diffusion_v_1_5,train
ADM\947_adm_42.jpg,1,ADM,train
BigGAN\916_biggan_00185.jpg,1,BigGAN,train
Nature\n01537544_4305.JPEG,0,Nature,train
Nature\n02013706_4361.JPEG,0,Nature,train
stable_diffusion_v_1_5\389_sdv5_00060.jpg,1,stable_diffusion_v_1_5,train
Nature\n01829413_2486.JPEG,0,Nature,train
stable_diffusion_v_1_5\308_sdv5_00021.jpg,1,stable_diffusion_v_1_5,train
stable_diffusion_v_1_5\877_sdv5_00188.jpg,1,stable_diffusion_v_1_5,train
stable_diffusion_v_1_5\931_sdv5_00195.jpg,1,stable_diffusion_v_1_5,train
ADM\37_adm_7.jpg,1,ADM,train
ADM\608_adm_178.jpg,1,ADM,train
BigGAN\216_biggan_00053.jpg,1,BigGAN,train
Nature\n01820546_1119.JPEG,0,Nature,train
BigGAN\600_biggan_00175.jpg,1,BigGAN,train
stable_diffusion_v_1_5\975_sdv5_00087.jpg,1,stable_diffusion_v_1_5,train
BigGAN\536_biggan_00062.jpg,1,BigGAN,train
Nature\n02077923_10221.JPEG,0,Nature,train
ADM\77_adm_66.jpg,1,ADM,train
stable_diffusion_v_1_5\172_sdv5_00159.jpg,1,stable_diffusion_v_1_5,train
ADM\305_adm_36.jpg,1,ADM,train
ADM\750_adm_100.jpg,1,ADM,train
Nature\n03976467_9003.JPEG,0,Nature,train
Nature\n01608432_5572.JPEG,0,Nature,train
stable_diffusion_v_1_5\433_sdv5_00070.jpg,1,stable_diffusion_v_1_5,train
BigGAN\200_biggan_00127.jpg,1,BigGAN,train
ADM\166_adm_153.jpg,1,ADM,train
ADM\352_adm_153.jpg,1,ADM,train
ADM\208_adm_166.jpg,1,ADM,train
BigGAN\367_biggan_00060.jpg,1,BigGAN,train
Nature\n01950731_27910.JPEG,0,Nature,train
ADM\483_adm_77.jpg,1,ADM,train
BigGAN\376_biggan_00006.jpg,1,BigGAN,train
Nature\n01914609_1880.JPEG,0,Nature,train
BigGAN\858_biggan_00143.jpg,1,BigGAN,train
stable_diffusion_v_1_5\226_sdv5_00007.jpg,1,stable_diffusion_v_1_5,train
stable_diffusion_v_1_5\801_sdv5_00100.jpg,1,stable_diffusion_v_1_5,train
Nature\n01768244_5495.JPEG,0,Nature,train
stable_diffusion_v_1_5\349_sdv5_00195.jpg,1,stable_diffusion_v_1_5,train
BigGAN\374_biggan_00058.jpg,1,BigGAN,train
Nature\n01943899_16917.JPEG,0,Nature,train
stable_diffusion_v_1_5\755_sdv5_00052.jpg,1,stable_diffusion_v_1_5,train
Nature\n01806143_11483.JPEG,0,Nature,train
BigGAN\824_biggan_00061.jpg,1,BigGAN,train
BigGAN\899_biggan_00185.jpg,1,BigGAN,train
Nature\n01734418_9259.JPEG,0,Nature,train
ADM\534_adm_93.jpg,1,ADM,train
BigGAN\594_biggan_00020.jpg,1,BigGAN,train
Nature\n01950731_13159.JPEG,0,Nature,train
stable_diffusion_v_1_5\265_sdv5_00101.jpg,1,stable_diffusion_v_1_5,train
BigGAN\153_biggan_00035.jpg,1,BigGAN,train
Nature\n01755581_4778.JPEG,0,Nature,train
BigGAN\193_biggan_00020.jpg,1,BigGAN,train
ADM\892_adm_171.jpg,1,ADM,train
stable_diffusion_v_1_5\223_sdv5_00022.jpg,1,stable_diffusion_v_1_5,train
BigGAN\022_biggan_00048.jpg,1,BigGAN,train
Nature\ILSVRC2012_val_00009814.JPEG,0,Nature,train
stable_diffusion_v_1_5\207_sdv5_00191.jpg,1,stable_diffusion_v_1_5,train
Nature\n01775062_419.JPEG,0,Nature,train
stable_diffusion_v_1_5\525_sdv5_00018.jpg,1,stable_diffusion_v_1_5,train
BigGAN\803_biggan_00109.jpg,1,BigGAN,train
ADM\514_adm_92.jpg,1,ADM,train
Nature\n01614925_221.JPEG,0,Nature,train
Nature\n01819313_1175.JPEG,0,Nature,train
stable_diffusion_v_1_5\953_sdv5_00085.jpg,1,stable_diffusion_v_1_5,train
stable_diffusion_v_1_5\855_sdv5_00003.jpg,1,stable_diffusion_v_1_5,train
Nature\n01739381_4938.JPEG,0,Nature,train
Nature\n01775062_8767.JPEG,0,Nature,train
stable_diffusion_v_1_5\164_sdv5_00011.jpg,1,stable_diffusion_v_1_5,train
ADM\842_adm_102.jpg,1,ADM,train
Nature\n01847000_7827.JPEG,0,Nature,train
stable_diffusion_v_1_5\649_sdv5_00118.jpg,1,stable_diffusion_v_1_5,train
ADM\745_adm_91.jpg,1,ADM,train
BigGAN\900_biggan_00078.jpg,1,BigGAN,train
ADM\955_adm_12.jpg,1,ADM,train
stable_diffusion_v_1_5\287_sdv5_00123.jpg,1,stable_diffusion_v_1_5,train
Nature\ILSVRC2012_val_00004234.JPEG,0,Nature,train
Nature\n01632458_4133.JPEG,0,Nature,train
Nature\n01806143_8222.JPEG,0,Nature,train
ADM\724_adm_109.jpg,1,ADM,train
BigGAN\173_biggan_00189.jpg,1,BigGAN,train
ADM\81_adm_82.jpg,1,ADM,train
stable_diffusion_v_1_5\624_sdv5_00051.jpg,1,stable_diffusion_v_1_5,train
BigGAN\129_biggan_00039.jpg,1,BigGAN,train
Nature\n01820546_3828.JPEG,0,Nature,train
Nature\n01698640_909.JPEG,0,Nature,train
ADM\795_adm_156.jpg,1,ADM,train
ADM\169_adm_42.jpg,1,ADM,train
Nature\n01806143_8355.JPEG,0,Nature,train
ADM\934_adm_149.jpg,1,ADM,train
BigGAN\753_biggan_00118.jpg,1,BigGAN,train
Nature\n02011460_6295.JPEG,0,Nature,train
ADM\170_adm_174.jpg,1,ADM,train
Nature\ILSVRC2012_val_00012844.JPEG,0,Nature,train
BigGAN\974_biggan_00137.jpg,1,BigGAN,train
stable_diffusion_v_1_5\301_sdv5_00196.jpg,1,stable_diffusion_v_1_5,train
Nature\n01860187_1054.JPEG,0,Nature,train
stable_diffusion_v_1_5\949_sdv5_00006.jpg,1,stable_diffusion_v_1_5,train
stable_diffusion_v_1_5\332_sdv5_00107.jpg,1,stable_diffusion_v_1_5,train
ADM\404_adm_156.jpg,1,ADM,train
BigGAN\901_biggan_00039.jpg,1,BigGAN,train
Nature\n01773797_1268.JPEG,0,Nature,train
ADM\691_adm_153.jpg,1,ADM,train
Nature\n01847000_7452.JPEG,0,Nature,train
Nature\n01687978_4236.JPEG,0,Nature,train
stable_diffusion_v_1_5\638_sdv5_00023.jpg,1,stable_diffusion_v_1_5,train
Nature\ILSVRC2012_val_00023601.JPEG,0,Nature,train
Nature\n01614925_9843.JPEG,0,Nature,train
BigGAN\324_biggan_00094.jpg,1,BigGAN,train
Nature\n01944390_2079.JPEG,0,Nature,train
ADM\823_adm_47.jpg,1,ADM,train
ADM\33_adm_184.jpg,1,ADM,train
BigGAN\495_biggan_00191.jpg,1,BigGAN,train
Nature\n01693334_5681.JPEG,0,Nature,train
stable_diffusion_v_1_5\205_sdv5_00027.jpg,1,stable_diffusion_v_1_5,train
stable_diffusion_v_1_5\712_sdv5_00177.jpg,1,stable_diffusion_v_1_5,train
ADM\568_adm_149.jpg,1,ADM,train
Nature\ILSVRC2012_val_00002263.JPEG,0,Nature,train
BigGAN\447_biggan_00095.jpg,1,BigGAN,train
BigGAN\078_biggan_00185.jpg,1,BigGAN,train
Nature\n01820546_2673.JPEG,0,Nature,train
ADM\482_adm_74.jpg,1,ADM,train
Nature\n01773549_54.JPEG,0,Nature,train
ADM\705_adm_153.jpg,1,ADM,train
stable_diffusion_v_1_5\554_sdv5_00018.jpg,1,stable_diffusion_v_1_5,train
Nature\n01601694_4402.JPEG,0,Nature,train
Nature\n04501370_16973.JPEG,0,Nature,train
Nature\n04209133_6341.JPEG,0,Nature,train
ADM\171_adm_104.jpg,1,ADM,train
Nature\n02109961_1465.JPEG,0,Nature,train
stable_diffusion_v_1_5\759_sdv5_00180.jpg,1,stable_diffusion_v_1_5,train
ADM\281_adm_148.jpg,1,ADM,train
Nature\n12144580_20014.JPEG,0,Nature,train
stable_diffusion_v_1_5\022_sdv5_00062.jpg,1,stable_diffusion_v_1_5,train
Nature\n01773549_1966.JPEG,0,Nature,train
ADM\981_adm_146.jpg,1,ADM,train
Nature\n01770393_3690.JPEG,0,Nature,train
Nature\n01630670_6179.JPEG,0,Nature,train
stable_diffusion_v_1_5\472_sdv5_00014.jpg,1,stable_diffusion_v_1_5,train
BigGAN\423_biggan_00123.jpg,1,BigGAN,train
stable_diffusion_v_1_5\348_sdv5_00105.jpg,1,stable_diffusion_v_1_5,train
ADM\244_adm_48.jpg,1,ADM,train
stable_diffusion_v_1_5\694_sdv5_00146.jpg,1,stable_diffusion_v_1_5,train
stable_diffusion_v_1_5\096_sdv5_00085.jpg,1,stable_diffusion_v_1_5,train
BigGAN\079_biggan_00115.jpg,1,BigGAN,train
ADM\832_adm_174.jpg,1,ADM,train
BigGAN\026_biggan_00070.jpg,1,BigGAN,train
Nature\ILSVRC2012_val_00012742.JPEG,0,Nature,train
stable_diffusion_v_1_5\102_sdv5_00135.jpg,1,stable_diffusion_v_1_5,train
stable_diffusion_v_1_5\878_sdv5_00193.jpg,1,stable_diffusion_v_1_5,train
stable_diffusion_v_1_5\536_sdv5_00153.jpg,1,stable_diffusion_v_1_5,train
ADM\468_adm_133.jpg,1,ADM,train
ADM\460_adm_104.jpg,1,ADM,train
BigGAN\712_biggan_00050.jpg,1,BigGAN,train
ADM\152_adm_39.jpg,1,ADM,train
stable_diffusion_v_1_5\257_sdv5_00070.jpg,1,stable_diffusion_v_1_5,train
stable_diffusion_v_1_5\747_sdv5_00049.jpg,1,stable_diffusion_v_1_5,train
Nature\n01742172_3906.JPEG,0,Nature,train
ADM\46_adm_174.jpg,1,ADM,train
Nature\n01944390_8167.JPEG,0,Nature,train
BigGAN\578_biggan_00023.jpg,1,BigGAN,train
ADM\668_adm_125.jpg,1,ADM,train
BigGAN\266_biggan_00074.jpg,1,BigGAN,train
BigGAN\047_biggan_00193.jpg,1,BigGAN,train
BigGAN\546_biggan_00074.jpg,1,BigGAN,train
BigGAN\422_biggan_00091.jpg,1,BigGAN,train
Nature\n01632777_14150.JPEG,0,Nature,train
ADM\556_adm_98.jpg,1,ADM,train
ADM\782_adm_178.jpg,1,ADM,train
BigGAN\214_biggan_00014.jpg,1,BigGAN,train
Nature\n01860187_1465.JPEG,0,Nature,train
ADM\166_adm_140.jpg,1,ADM,train
BigGAN\103_biggan_00011.jpg,1,BigGAN,train
Nature\n01770081_2606.JPEG,0,Nature,train
Nature\n01775062_1041.JPEG,0,Nature,train
stable_diffusion_v_1_5\563_sdv5_00009.jpg,1,stable_diffusion_v_1_5,train
Nature\n01955084_7065.JPEG,0,Nature,train
Nature\n02002556_1292.JPEG,0,Nature,train
Nature\n01514668_14104.JPEG,0,Nature,train
stable_diffusion_v_1_5\572_sdv5_00069.jpg,1,stable_diffusion_v_1_5,train
stable_diffusion_v_1_5\020_sdv5_00165.jpg,1,stable_diffusion_v_1_5,train
stable_diffusion_v_1_5\115_sdv5_00020.jpg,1,stable_diffusion_v_1_5,train
ADM\974_adm_138.jpg,1,ADM,train
ADM\378_adm_12.jpg,1,ADM,train
ADM\707_adm_39.jpg,1,ADM,train
BigGAN\769_biggan_00012.jpg,1,BigGAN,train
stable_diffusion_v_1_5\508_sdv5_00149.jpg,1,stable_diffusion_v_1_5,train
stable_diffusion_v_1_5\150_sdv5_00163.jpg,1,stable_diffusion_v_1_5,train
ADM\406_adm_126.jpg,1,ADM,train
