filename,class,width,height,quality
ILSVRC2012_val_00048969.JPEG,val.X\n01440764,490,500,96
ILSVRC2012_val_00000236.JPEG,val.X\n01443537,500,500,96
ILSVRC2012_val_00003735.JPEG,val.X\n01443537,500,491,96
ILSVRC2012_val_00006007.JPEG,val.X\n01443537,482,500,96
ILSVRC2012_val_00018075.JPEG,val.X\n01443537,500,451,96
ILSVRC2012_val_00030217.JPEG,val.X\n01443537,500,500,96
ILSVRC2012_val_00032235.JPEG,val.X\n01443537,500,468,96
ILSVRC2012_val_00037846.JPEG,val.X\n01443537,494,500,96
ILSVRC2012_val_00045761.JPEG,val.X\n01443537,500,500,96
ILSVRC2012_val_00048864.JPEG,val.X\n01443537,500,451,96
ILSVRC2012_val_00048890.JPEG,val.X\n01491361,493,500,96
ILSVRC2012_val_00031169.JPEG,val.X\n01494475,500,496,96
ILSVRC2012_val_00031424.JPEG,val.X\n01494475,500,469,96
ILSVRC2012_val_00004306.JPEG,val.X\n01514668,500,478,96
ILSVRC2012_val_00009510.JPEG,val.X\n01514668,500,500,96
ILSVRC2012_val_00010208.JPEG,val.X\n01514668,497,500,96
ILSVRC2012_val_00011403.JPEG,val.X\n01514668,500,500,96
ILSVRC2012_val_00015242.JPEG,val.X\n01514668,500,499,96
ILSVRC2012_val_00016781.JPEG,val.X\n01514668,500,482,96
ILSVRC2012_val_00019721.JPEG,val.X\n01514668,500,500,96
ILSVRC2012_val_00020106.JPEG,val.X\n01514668,485,500,96
ILSVRC2012_val_00023551.JPEG,val.X\n01514668,500,500,96
ILSVRC2012_val_00027207.JPEG,val.X\n01514668,451,500,96
ILSVRC2012_val_00043387.JPEG,val.X\n01514668,500,500,96
ILSVRC2012_val_00001114.JPEG,val.X\n01514859,500,500,96
ILSVRC2012_val_00004183.JPEG,val.X\n01514859,500,500,96
ILSVRC2012_val_00005535.JPEG,val.X\n01514859,500,500,96
ILSVRC2012_val_00012528.JPEG,val.X\n01514859,481,500,96
ILSVRC2012_val_00026271.JPEG,val.X\n01514859,481,500,96
ILSVRC2012_val_00031481.JPEG,val.X\n01514859,500,470,96
ILSVRC2012_val_00032162.JPEG,val.X\n01514859,500,461,96
ILSVRC2012_val_00032930.JPEG,val.X\n01514859,498,500,96
ILSVRC2012_val_00035141.JPEG,val.X\n01514859,500,484,96
ILSVRC2012_val_00045551.JPEG,val.X\n01514859,500,486,96
ILSVRC2012_val_00048242.JPEG,val.X\n01514859,500,467,96
ILSVRC2012_val_00000570.JPEG,val.X\n01531178,500,479,96
ILSVRC2012_val_00002668.JPEG,val.X\n01531178,500,453,96
ILSVRC2012_val_00004243.JPEG,val.X\n01531178,455,500,96
ILSVRC2012_val_00005567.JPEG,val.X\n01531178,500,455,96
ILSVRC2012_val_00015431.JPEG,val.X\n01531178,500,487,96
ILSVRC2012_val_00015863.JPEG,val.X\n01531178,500,500,96
ILSVRC2012_val_00015903.JPEG,val.X\n01531178,500,488,96
ILSVRC2012_val_00017391.JPEG,val.X\n01531178,500,500,96
ILSVRC2012_val_00019236.JPEG,val.X\n01531178,500,472,96
ILSVRC2012_val_00031630.JPEG,val.X\n01531178,459,500,96
ILSVRC2012_val_00032154.JPEG,val.X\n01531178,453,500,96
ILSVRC2012_val_00032710.JPEG,val.X\n01531178,500,467,96
ILSVRC2012_val_00032993.JPEG,val.X\n01531178,500,500,96
ILSVRC2012_val_00037611.JPEG,val.X\n01531178,469,500,96
ILSVRC2012_val_00041836.JPEG,val.X\n01531178,491,500,96
ILSVRC2012_val_00044706.JPEG,val.X\n01531178,462,500,96
ILSVRC2012_val_00000414.JPEG,val.X\n01537544,461,500,96
ILSVRC2012_val_00001462.JPEG,val.X\n01537544,472,500,96
ILSVRC2012_val_00002071.JPEG,val.X\n01537544,500,500,96
ILSVRC2012_val_00002449.JPEG,val.X\n01537544,499,500,96
ILSVRC2012_val_00003557.JPEG,val.X\n01537544,486,462,96
ILSVRC2012_val_00008420.JPEG,val.X\n01537544,457,500,96
ILSVRC2012_val_00011646.JPEG,val.X\n01537544,500,461,96
ILSVRC2012_val_00012939.JPEG,val.X\n01537544,500,475,96
ILSVRC2012_val_00021300.JPEG,val.X\n01537544,450,500,96
ILSVRC2012_val_00023438.JPEG,val.X\n01537544,500,467,96
ILSVRC2012_val_00025428.JPEG,val.X\n01537544,481,500,96
ILSVRC2012_val_00026259.JPEG,val.X\n01537544,469,500,96
ILSVRC2012_val_00027145.JPEG,val.X\n01537544,462,500,96
ILSVRC2012_val_00027498.JPEG,val.X\n01537544,500,487,96
ILSVRC2012_val_00028024.JPEG,val.X\n01537544,500,462,96
ILSVRC2012_val_00039571.JPEG,val.X\n01537544,458,500,96
ILSVRC2012_val_00000198.JPEG,val.X\n01560419,466,500,96
ILSVRC2012_val_00000217.JPEG,val.X\n01560419,473,500,96
ILSVRC2012_val_00001720.JPEG,val.X\n01560419,500,484,96
ILSVRC2012_val_00001751.JPEG,val.X\n01560419,500,500,96
ILSVRC2012_val_00006321.JPEG,val.X\n01560419,473,500,96
ILSVRC2012_val_00006603.JPEG,val.X\n01560419,496,500,96
ILSVRC2012_val_00011267.JPEG,val.X\n01560419,500,485,96
ILSVRC2012_val_00011420.JPEG,val.X\n01560419,456,500,96
ILSVRC2012_val_00014678.JPEG,val.X\n01560419,500,455,96
ILSVRC2012_val_00021085.JPEG,val.X\n01560419,500,490,96
ILSVRC2012_val_00025526.JPEG,val.X\n01560419,500,500,96
ILSVRC2012_val_00026929.JPEG,val.X\n01560419,500,500,96
ILSVRC2012_val_00029835.JPEG,val.X\n01560419,500,494,96
ILSVRC2012_val_00030283.JPEG,val.X\n01560419,500,500,96
ILSVRC2012_val_00041990.JPEG,val.X\n01560419,500,477,96
ILSVRC2012_val_00042048.JPEG,val.X\n01560419,500,457,96
ILSVRC2012_val_00044009.JPEG,val.X\n01560419,500,489,96
ILSVRC2012_val_00003665.JPEG,val.X\n01582220,499,500,96
ILSVRC2012_val_00008786.JPEG,val.X\n01582220,488,500,96
ILSVRC2012_val_00016794.JPEG,val.X\n01582220,500,500,96
ILSVRC2012_val_00021956.JPEG,val.X\n01582220,500,500,96
ILSVRC2012_val_00024025.JPEG,val.X\n01582220,500,500,96
ILSVRC2012_val_00030017.JPEG,val.X\n01582220,500,473,96
ILSVRC2012_val_00030845.JPEG,val.X\n01582220,500,500,96
ILSVRC2012_val_00033150.JPEG,val.X\n01582220,500,476,96
ILSVRC2012_val_00033483.JPEG,val.X\n01582220,500,500,96
ILSVRC2012_val_00035348.JPEG,val.X\n01582220,500,493,96
ILSVRC2012_val_00036015.JPEG,val.X\n01582220,500,472,96
ILSVRC2012_val_00037806.JPEG,val.X\n01582220,500,500,96
ILSVRC2012_val_00039004.JPEG,val.X\n01582220,500,498,96
ILSVRC2012_val_00044192.JPEG,val.X\n01582220,477,500,96
ILSVRC2012_val_00044507.JPEG,val.X\n01582220,500,470,96
ILSVRC2012_val_00046917.JPEG,val.X\n01582220,500,470,96
ILSVRC2012_val_00047827.JPEG,val.X\n01582220,500,495,96
ILSVRC2012_val_00000837.JPEG,val.X\n01592084,500,474,96
ILSVRC2012_val_00002681.JPEG,val.X\n01592084,500,459,96
ILSVRC2012_val_00005224.JPEG,val.X\n01592084,500,466,96
ILSVRC2012_val_00007912.JPEG,val.X\n01592084,497,500,96
ILSVRC2012_val_00010861.JPEG,val.X\n01592084,478,500,96
ILSVRC2012_val_00012836.JPEG,val.X\n01592084,500,463,96
ILSVRC2012_val_00017756.JPEG,val.X\n01592084,500,497,96
ILSVRC2012_val_00017916.JPEG,val.X\n01592084,500,500,96
ILSVRC2012_val_00017976.JPEG,val.X\n01592084,500,500,96
ILSVRC2012_val_00020469.JPEG,val.X\n01592084,483,500,96
ILSVRC2012_val_00023907.JPEG,val.X\n01592084,478,500,96
ILSVRC2012_val_00024012.JPEG,val.X\n01592084,500,500,96
ILSVRC2012_val_00025476.JPEG,val.X\n01592084,500,490,96
ILSVRC2012_val_00025692.JPEG,val.X\n01592084,500,470,96
ILSVRC2012_val_00032102.JPEG,val.X\n01592084,499,500,96
ILSVRC2012_val_00035947.JPEG,val.X\n01592084,500,476,96
ILSVRC2012_val_00036534.JPEG,val.X\n01592084,450,500,96
ILSVRC2012_val_00037328.JPEG,val.X\n01592084,500,500,96
ILSVRC2012_val_00038192.JPEG,val.X\n01592084,500,459,96
ILSVRC2012_val_00042506.JPEG,val.X\n01592084,500,476,96
ILSVRC2012_val_00044038.JPEG,val.X\n01592084,500,488,96
ILSVRC2012_val_00045198.JPEG,val.X\n01592084,496,500,96
ILSVRC2012_val_00046422.JPEG,val.X\n01592084,500,500,96
ILSVRC2012_val_00009401.JPEG,val.X\n01601694,500,467,96
ILSVRC2012_val_00012797.JPEG,val.X\n01601694,500,484,96
ILSVRC2012_val_00013223.JPEG,val.X\n01601694,500,500,96
ILSVRC2012_val_00014673.JPEG,val.X\n01601694,500,490,96
ILSVRC2012_val_00015264.JPEG,val.X\n01601694,500,500,96
ILSVRC2012_val_00024643.JPEG,val.X\n01601694,500,500,96
ILSVRC2012_val_00025524.JPEG,val.X\n01601694,500,500,96
ILSVRC2012_val_00030011.JPEG,val.X\n01601694,500,500,96
ILSVRC2012_val_00038159.JPEG,val.X\n01601694,500,465,96
ILSVRC2012_val_00040903.JPEG,val.X\n01601694,500,500,96
ILSVRC2012_val_00000328.JPEG,val.X\n01608432,500,500,96
ILSVRC2012_val_00000739.JPEG,val.X\n01608432,500,500,96
ILSVRC2012_val_00000888.JPEG,val.X\n01608432,500,500,96
ILSVRC2012_val_00025047.JPEG,val.X\n01608432,500,450,96
ILSVRC2012_val_00025636.JPEG,val.X\n01608432,500,500,96
ILSVRC2012_val_00030292.JPEG,val.X\n01608432,480,500,96
ILSVRC2012_val_00036356.JPEG,val.X\n01608432,500,488,96
ILSVRC2012_val_00037878.JPEG,val.X\n01608432,474,500,96
ILSVRC2012_val_00038111.JPEG,val.X\n01608432,488,500,96
ILSVRC2012_val_00007712.JPEG,val.X\n01614925,500,468,96
ILSVRC2012_val_00008151.JPEG,val.X\n01614925,500,475,96
ILSVRC2012_val_00010889.JPEG,val.X\n01614925,455,500,96
ILSVRC2012_val_00013702.JPEG,val.X\n01614925,500,464,96
ILSVRC2012_val_00014192.JPEG,val.X\n01614925,496,500,96
ILSVRC2012_val_00017994.JPEG,val.X\n01614925,500,471,96
ILSVRC2012_val_00026050.JPEG,val.X\n01614925,500,500,96
ILSVRC2012_val_00026707.JPEG,val.X\n01614925,500,500,96
ILSVRC2012_val_00027079.JPEG,val.X\n01614925,500,473,96
ILSVRC2012_val_00032320.JPEG,val.X\n01614925,500,458,96
ILSVRC2012_val_00038636.JPEG,val.X\n01614925,451,500,96
ILSVRC2012_val_00039605.JPEG,val.X\n01614925,451,500,96
ILSVRC2012_val_00039859.JPEG,val.X\n01614925,500,497,96
ILSVRC2012_val_00040404.JPEG,val.X\n01614925,487,500,96
ILSVRC2012_val_00045612.JPEG,val.X\n01614925,450,500,96
ILSVRC2012_val_00046632.JPEG,val.X\n01614925,500,500,96
ILSVRC2012_val_00002511.JPEG,val.X\n01622779,500,500,96
ILSVRC2012_val_00004345.JPEG,val.X\n01622779,500,500,96
ILSVRC2012_val_00004859.JPEG,val.X\n01622779,500,470,96
ILSVRC2012_val_00006916.JPEG,val.X\n01622779,499,500,96
ILSVRC2012_val_00008049.JPEG,val.X\n01622779,500,464,96
ILSVRC2012_val_00010457.JPEG,val.X\n01622779,500,500,96
ILSVRC2012_val_00011414.JPEG,val.X\n01622779,500,500,96
ILSVRC2012_val_00016292.JPEG,val.X\n01622779,462,500,96
ILSVRC2012_val_00021133.JPEG,val.X\n01622779,471,500,96
ILSVRC2012_val_00021335.JPEG,val.X\n01622779,459,500,96
ILSVRC2012_val_00022709.JPEG,val.X\n01622779,500,500,96
ILSVRC2012_val_00025913.JPEG,val.X\n01622779,499,500,96
ILSVRC2012_val_00026579.JPEG,val.X\n01622779,483,500,96
ILSVRC2012_val_00031890.JPEG,val.X\n01622779,500,490,96
ILSVRC2012_val_00032875.JPEG,val.X\n01622779,498,500,96
ILSVRC2012_val_00034405.JPEG,val.X\n01622779,484,500,96
ILSVRC2012_val_00034593.JPEG,val.X\n01622779,463,500,96
ILSVRC2012_val_00035608.JPEG,val.X\n01622779,500,500,96
ILSVRC2012_val_00047963.JPEG,val.X\n01622779,500,500,96
ILSVRC2012_val_00048175.JPEG,val.X\n01622779,500,498,96
ILSVRC2012_val_00049990.JPEG,val.X\n01622779,468,500,96
ILSVRC2012_val_00031289.JPEG,val.X\n01632458,492,500,96
ILSVRC2012_val_00020430.JPEG,val.X\n01632777,500,480,96
ILSVRC2012_val_00042302.JPEG,val.X\n01632777,500,499,96
ILSVRC2012_val_00032966.JPEG,val.X\n01644900,500,495,96
ILSVRC2012_val_00033769.JPEG,val.X\n01644900,500,465,96
ILSVRC2012_val_00047623.JPEG,val.X\n01644900,500,500,96
ILSVRC2012_val_00026634.JPEG,val.X\n01664065,487,500,96
ILSVRC2012_val_00046069.JPEG,val.X\n01664065,500,485,96
ILSVRC2012_val_00036815.JPEG,val.X\n01667114,500,475,96
ILSVRC2012_val_00032135.JPEG,val.X\n01667778,500,500,96
ILSVRC2012_val_00011339.JPEG,val.X\n01675722,465,500,96
ILSVRC2012_val_00027776.JPEG,val.X\n01675722,453,500,96
ILSVRC2012_val_00033858.JPEG,val.X\n01675722,500,488,96
ILSVRC2012_val_00014317.JPEG,val.X\n01677366,500,471,96
ILSVRC2012_val_00030016.JPEG,val.X\n01685808,500,460,96
ILSVRC2012_val_00029880.JPEG,val.X\n01687978,500,495,96
ILSVRC2012_val_00040115.JPEG,val.X\n01687978,486,500,96
ILSVRC2012_val_00018857.JPEG,val.X\n01693334,490,500,96
ILSVRC2012_val_00014794.JPEG,val.X\n01695060,500,500,96
ILSVRC2012_val_00019652.JPEG,val.X\n01695060,466,500,96
ILSVRC2012_val_00036971.JPEG,val.X\n01695060,500,489,96
ILSVRC2012_val_00048828.JPEG,val.X\n01698640,500,499,96
ILSVRC2012_val_00019722.JPEG,val.X\n01728572,500,454,96
ILSVRC2012_val_00022901.JPEG,val.X\n01728572,500,479,96
ILSVRC2012_val_00026992.JPEG,val.X\n01728572,500,500,96
ILSVRC2012_val_00014472.JPEG,val.X\n01729977,500,494,96
ILSVRC2012_val_00021197.JPEG,val.X\n01729977,500,458,96
ILSVRC2012_val_00031456.JPEG,val.X\n01729977,500,500,96
ILSVRC2012_val_00019383.JPEG,val.X\n01734418,478,500,96
ILSVRC2012_val_00020273.JPEG,val.X\n01734418,500,462,96
ILSVRC2012_val_00022504.JPEG,val.X\n01734418,498,500,96
ILSVRC2012_val_00025325.JPEG,val.X\n01734418,500,488,96
ILSVRC2012_val_00028503.JPEG,val.X\n01734418,500,454,96
ILSVRC2012_val_00002679.JPEG,val.X\n01735189,490,500,96
ILSVRC2012_val_00008888.JPEG,val.X\n01739381,453,500,96
ILSVRC2012_val_00017269.JPEG,val.X\n01739381,458,500,96
ILSVRC2012_val_00017557.JPEG,val.X\n01739381,494,500,96
ILSVRC2012_val_00022392.JPEG,val.X\n01739381,500,458,96
ILSVRC2012_val_00022643.JPEG,val.X\n01739381,500,457,96
ILSVRC2012_val_00022816.JPEG,val.X\n01739381,463,500,96
ILSVRC2012_val_00000337.JPEG,val.X\n01740131,500,452,96
ILSVRC2012_val_00005663.JPEG,val.X\n01740131,500,456,96
ILSVRC2012_val_00023295.JPEG,val.X\n01740131,500,463,96
ILSVRC2012_val_00034612.JPEG,val.X\n01740131,474,500,96
ILSVRC2012_val_00045858.JPEG,val.X\n01740131,500,473,96
ILSVRC2012_val_00001879.JPEG,val.X\n01742172,457,500,96
ILSVRC2012_val_00010797.JPEG,val.X\n01742172,489,500,96
ILSVRC2012_val_00015643.JPEG,val.X\n01742172,500,469,96
ILSVRC2012_val_00018456.JPEG,val.X\n01742172,500,500,96
ILSVRC2012_val_00027484.JPEG,val.X\n01742172,500,455,96
ILSVRC2012_val_00031608.JPEG,val.X\n01742172,500,500,96
ILSVRC2012_val_00039669.JPEG,val.X\n01742172,487,500,96
ILSVRC2012_val_00016564.JPEG,val.X\n01749939,458,500,96
ILSVRC2012_val_00044459.JPEG,val.X\n01749939,500,457,96
ILSVRC2012_val_00006751.JPEG,val.X\n01751748,500,500,96
ILSVRC2012_val_00030039.JPEG,val.X\n01751748,500,500,96
ILSVRC2012_val_00036291.JPEG,val.X\n01751748,500,500,96
ILSVRC2012_val_00039026.JPEG,val.X\n01755581,500,500,96
ILSVRC2012_val_00049975.JPEG,val.X\n01755581,500,500,96
ILSVRC2012_val_00041994.JPEG,val.X\n01756291,500,500,96
ILSVRC2012_val_00045599.JPEG,val.X\n01756291,500,500,96
ILSVRC2012_val_00014664.JPEG,val.X\n01770081,500,500,96
ILSVRC2012_val_00022039.JPEG,val.X\n01770081,476,500,96
ILSVRC2012_val_00022764.JPEG,val.X\n01770081,500,500,96
ILSVRC2012_val_00031952.JPEG,val.X\n01770081,500,484,96
ILSVRC2012_val_00048708.JPEG,val.X\n01770081,473,500,96
ILSVRC2012_val_00047609.JPEG,val.X\n01770393,500,468,96
ILSVRC2012_val_00001053.JPEG,val.X\n01773157,457,500,96
ILSVRC2012_val_00042786.JPEG,val.X\n01773157,500,500,96
ILSVRC2012_val_00004271.JPEG,val.X\n01773549,451,500,96
ILSVRC2012_val_00011677.JPEG,val.X\n01773549,459,500,96
ILSVRC2012_val_00024056.JPEG,val.X\n01773549,499,500,96
ILSVRC2012_val_00038493.JPEG,val.X\n01773549,500,500,96
ILSVRC2012_val_00040800.JPEG,val.X\n01773549,500,484,96
ILSVRC2012_val_00000040.JPEG,val.X\n01773797,500,500,96
ILSVRC2012_val_00009108.JPEG,val.X\n01773797,500,499,96
ILSVRC2012_val_00012707.JPEG,val.X\n01773797,498,500,96
ILSVRC2012_val_00020991.JPEG,val.X\n01773797,500,474,96
ILSVRC2012_val_00025556.JPEG,val.X\n01773797,500,500,96
ILSVRC2012_val_00026600.JPEG,val.X\n01773797,500,500,96
ILSVRC2012_val_00028779.JPEG,val.X\n01773797,500,463,96
ILSVRC2012_val_00029756.JPEG,val.X\n01773797,500,500,96
ILSVRC2012_val_00033225.JPEG,val.X\n01773797,482,500,96
ILSVRC2012_val_00034273.JPEG,val.X\n01773797,500,500,96
ILSVRC2012_val_00037727.JPEG,val.X\n01773797,500,473,96
ILSVRC2012_val_00039370.JPEG,val.X\n01773797,493,500,96
ILSVRC2012_val_00043646.JPEG,val.X\n01773797,500,499,96
ILSVRC2012_val_00047551.JPEG,val.X\n01773797,500,500,96
ILSVRC2012_val_00048714.JPEG,val.X\n01773797,480,500,96
ILSVRC2012_val_00004164.JPEG,val.X\n01774384,500,500,96
ILSVRC2012_val_00039231.JPEG,val.X\n01774384,500,471,96
ILSVRC2012_val_00003320.JPEG,val.X\n01774750,500,500,96
ILSVRC2012_val_00011712.JPEG,val.X\n01774750,485,500,96
ILSVRC2012_val_00017541.JPEG,val.X\n01774750,500,494,96
ILSVRC2012_val_00024109.JPEG,val.X\n01774750,479,500,96
ILSVRC2012_val_00026492.JPEG,val.X\n01774750,496,500,96
ILSVRC2012_val_00028317.JPEG,val.X\n01774750,500,500,96
ILSVRC2012_val_00030405.JPEG,val.X\n01774750,500,482,96
ILSVRC2012_val_00032091.JPEG,val.X\n01774750,500,500,96
ILSVRC2012_val_00041311.JPEG,val.X\n01774750,499,500,96
ILSVRC2012_val_00042831.JPEG,val.X\n01774750,500,457,96
ILSVRC2012_val_00012410.JPEG,val.X\n01796340,500,461,96
ILSVRC2012_val_00020587.JPEG,val.X\n01796340,480,500,96
ILSVRC2012_val_00022095.JPEG,val.X\n01796340,480,500,96
ILSVRC2012_val_00024630.JPEG,val.X\n01796340,500,450,96
ILSVRC2012_val_00031432.JPEG,val.X\n01796340,488,500,96
ILSVRC2012_val_00034515.JPEG,val.X\n01796340,500,500,96
ILSVRC2012_val_00041288.JPEG,val.X\n01796340,500,500,96
ILSVRC2012_val_00022211.JPEG,val.X\n01798484,500,455,96
ILSVRC2012_val_00023099.JPEG,val.X\n01798484,500,451,96
ILSVRC2012_val_00025251.JPEG,val.X\n01798484,500,496,96
ILSVRC2012_val_00032113.JPEG,val.X\n01798484,492,500,96
ILSVRC2012_val_00040513.JPEG,val.X\n01798484,500,500,96
ILSVRC2012_val_00040656.JPEG,val.X\n01798484,474,500,96
ILSVRC2012_val_00041621.JPEG,val.X\n01798484,500,475,96
ILSVRC2012_val_00041832.JPEG,val.X\n01798484,497,500,96
ILSVRC2012_val_00008245.JPEG,val.X\n01806143,500,480,96
ILSVRC2012_val_00017068.JPEG,val.X\n01806143,500,500,96
ILSVRC2012_val_00028208.JPEG,val.X\n01806143,476,500,96
ILSVRC2012_val_00028656.JPEG,val.X\n01806143,500,500,96
ILSVRC2012_val_00032072.JPEG,val.X\n01806143,500,500,96
ILSVRC2012_val_00038324.JPEG,val.X\n01806143,500,500,96
ILSVRC2012_val_00001163.JPEG,val.X\n01818515,500,500,96
ILSVRC2012_val_00003987.JPEG,val.X\n01818515,500,455,96
ILSVRC2012_val_00007474.JPEG,val.X\n01818515,500,494,96
ILSVRC2012_val_00010477.JPEG,val.X\n01818515,500,500,96
ILSVRC2012_val_00013768.JPEG,val.X\n01818515,500,499,96
ILSVRC2012_val_00027656.JPEG,val.X\n01818515,467,500,96
ILSVRC2012_val_00029210.JPEG,val.X\n01818515,500,500,96
ILSVRC2012_val_00029991.JPEG,val.X\n01818515,500,484,96
ILSVRC2012_val_00030148.JPEG,val.X\n01818515,500,485,96
ILSVRC2012_val_00030397.JPEG,val.X\n01818515,500,453,96
ILSVRC2012_val_00034347.JPEG,val.X\n01818515,492,500,96
ILSVRC2012_val_00036744.JPEG,val.X\n01818515,500,500,96
ILSVRC2012_val_00036879.JPEG,val.X\n01818515,500,498,96
ILSVRC2012_val_00040359.JPEG,val.X\n01818515,500,472,96
ILSVRC2012_val_00041556.JPEG,val.X\n01818515,500,485,96
ILSVRC2012_val_00043794.JPEG,val.X\n01818515,500,462,96
ILSVRC2012_val_00047587.JPEG,val.X\n01818515,478,500,96
ILSVRC2012_val_00047696.JPEG,val.X\n01818515,500,500,96
ILSVRC2012_val_00048265.JPEG,val.X\n01818515,500,500,96
ILSVRC2012_val_00006687.JPEG,val.X\n01819313,500,500,96
ILSVRC2012_val_00022806.JPEG,val.X\n01819313,500,453,96
ILSVRC2012_val_00032843.JPEG,val.X\n01819313,466,500,96
ILSVRC2012_val_00040129.JPEG,val.X\n01819313,494,500,96
ILSVRC2012_val_00042665.JPEG,val.X\n01819313,496,500,96
ILSVRC2012_val_00044966.JPEG,val.X\n01819313,500,480,96
ILSVRC2012_val_00049682.JPEG,val.X\n01819313,500,500,96
ILSVRC2012_val_00003884.JPEG,val.X\n01820546,500,453,96
ILSVRC2012_val_00005800.JPEG,val.X\n01820546,475,500,96
ILSVRC2012_val_00006715.JPEG,val.X\n01820546,500,499,96
ILSVRC2012_val_00018036.JPEG,val.X\n01820546,500,478,96
ILSVRC2012_val_00019716.JPEG,val.X\n01820546,500,456,96
ILSVRC2012_val_00020552.JPEG,val.X\n01820546,500,484,96
ILSVRC2012_val_00021278.JPEG,val.X\n01820546,496,500,96
ILSVRC2012_val_00025979.JPEG,val.X\n01820546,463,500,96
ILSVRC2012_val_00027008.JPEG,val.X\n01820546,464,500,96
ILSVRC2012_val_00029654.JPEG,val.X\n01820546,500,471,96
ILSVRC2012_val_00030391.JPEG,val.X\n01820546,500,500,96
ILSVRC2012_val_00033340.JPEG,val.X\n01820546,479,500,96
ILSVRC2012_val_00034784.JPEG,val.X\n01820546,500,489,96
ILSVRC2012_val_00036652.JPEG,val.X\n01820546,500,450,96
ILSVRC2012_val_00037145.JPEG,val.X\n01820546,491,500,96
ILSVRC2012_val_00045007.JPEG,val.X\n01820546,450,500,96
ILSVRC2012_val_00046356.JPEG,val.X\n01820546,497,500,96
ILSVRC2012_val_00002263.JPEG,val.X\n01824575,450,500,96
ILSVRC2012_val_00003450.JPEG,val.X\n01824575,453,500,96
ILSVRC2012_val_00005733.JPEG,val.X\n01824575,500,500,96
ILSVRC2012_val_00008593.JPEG,val.X\n01824575,500,456,96
ILSVRC2012_val_00013212.JPEG,val.X\n01824575,500,451,96
ILSVRC2012_val_00026679.JPEG,val.X\n01824575,500,462,96
ILSVRC2012_val_00027478.JPEG,val.X\n01824575,479,500,96
ILSVRC2012_val_00036702.JPEG,val.X\n01824575,460,500,96
ILSVRC2012_val_00039531.JPEG,val.X\n01824575,500,483,96
ILSVRC2012_val_00046251.JPEG,val.X\n01824575,500,466,96
ILSVRC2012_val_00000420.JPEG,val.X\n01828970,500,461,96
ILSVRC2012_val_00001336.JPEG,val.X\n01828970,500,500,96
ILSVRC2012_val_00001678.JPEG,val.X\n01828970,500,500,96
ILSVRC2012_val_00002388.JPEG,val.X\n01828970,472,500,96
ILSVRC2012_val_00008221.JPEG,val.X\n01828970,500,465,96
ILSVRC2012_val_00008236.JPEG,val.X\n01828970,500,500,96
ILSVRC2012_val_00011237.JPEG,val.X\n01828970,462,500,96
ILSVRC2012_val_00011489.JPEG,val.X\n01828970,500,498,96
ILSVRC2012_val_00014165.JPEG,val.X\n01828970,500,484,96
ILSVRC2012_val_00014346.JPEG,val.X\n01828970,500,500,96
ILSVRC2012_val_00017252.JPEG,val.X\n01828970,484,500,96
ILSVRC2012_val_00018310.JPEG,val.X\n01828970,500,460,96
ILSVRC2012_val_00021753.JPEG,val.X\n01828970,476,500,96
ILSVRC2012_val_00024106.JPEG,val.X\n01828970,500,498,96
ILSVRC2012_val_00032062.JPEG,val.X\n01828970,500,500,96
ILSVRC2012_val_00033434.JPEG,val.X\n01828970,458,500,96
ILSVRC2012_val_00034492.JPEG,val.X\n01828970,498,500,96
ILSVRC2012_val_00037031.JPEG,val.X\n01828970,500,459,96
ILSVRC2012_val_00040014.JPEG,val.X\n01828970,486,500,96
ILSVRC2012_val_00045200.JPEG,val.X\n01828970,469,500,96
ILSVRC2012_val_00045393.JPEG,val.X\n01828970,479,500,96
ILSVRC2012_val_00048142.JPEG,val.X\n01828970,500,500,96
ILSVRC2012_val_00005282.JPEG,val.X\n01829413,453,500,96
ILSVRC2012_val_00007793.JPEG,val.X\n01829413,500,500,96
ILSVRC2012_val_00009994.JPEG,val.X\n01829413,462,500,96
ILSVRC2012_val_00014256.JPEG,val.X\n01829413,500,500,96
ILSVRC2012_val_00020976.JPEG,val.X\n01829413,472,500,96
ILSVRC2012_val_00029283.JPEG,val.X\n01829413,491,500,96
ILSVRC2012_val_00035804.JPEG,val.X\n01829413,500,500,96
ILSVRC2012_val_00041697.JPEG,val.X\n01829413,500,500,96
ILSVRC2012_val_00044209.JPEG,val.X\n01829413,500,460,96
ILSVRC2012_val_00047943.JPEG,val.X\n01829413,500,458,96
ILSVRC2012_val_00003064.JPEG,val.X\n01833805,500,500,96
ILSVRC2012_val_00004234.JPEG,val.X\n01833805,500,458,96
ILSVRC2012_val_00005873.JPEG,val.X\n01833805,500,494,96
ILSVRC2012_val_00007390.JPEG,val.X\n01833805,500,500,96
ILSVRC2012_val_00010570.JPEG,val.X\n01833805,500,500,96
ILSVRC2012_val_00011894.JPEG,val.X\n01833805,500,497,96
ILSVRC2012_val_00013434.JPEG,val.X\n01833805,500,500,96
ILSVRC2012_val_00013610.JPEG,val.X\n01833805,500,450,96
ILSVRC2012_val_00015854.JPEG,val.X\n01833805,500,500,96
ILSVRC2012_val_00016746.JPEG,val.X\n01833805,500,497,96
ILSVRC2012_val_00017251.JPEG,val.X\n01833805,500,468,96
ILSVRC2012_val_00021281.JPEG,val.X\n01833805,500,457,96
ILSVRC2012_val_00029356.JPEG,val.X\n01833805,480,500,96
ILSVRC2012_val_00029571.JPEG,val.X\n01833805,500,470,96
ILSVRC2012_val_00030278.JPEG,val.X\n01833805,500,477,96
ILSVRC2012_val_00032159.JPEG,val.X\n01833805,500,500,96
ILSVRC2012_val_00037002.JPEG,val.X\n01833805,467,500,96
ILSVRC2012_val_00038443.JPEG,val.X\n01833805,468,500,96
ILSVRC2012_val_00038563.JPEG,val.X\n01833805,500,500,96
ILSVRC2012_val_00041200.JPEG,val.X\n01833805,500,489,96
ILSVRC2012_val_00041498.JPEG,val.X\n01833805,496,500,96
ILSVRC2012_val_00043465.JPEG,val.X\n01833805,458,500,96
ILSVRC2012_val_00048838.JPEG,val.X\n01833805,500,459,96
ILSVRC2012_val_00005901.JPEG,val.X\n01843383,487,500,96
ILSVRC2012_val_00009974.JPEG,val.X\n01843383,482,500,96
ILSVRC2012_val_00015298.JPEG,val.X\n01843383,500,453,96
ILSVRC2012_val_00018780.JPEG,val.X\n01843383,500,452,96
ILSVRC2012_val_00023390.JPEG,val.X\n01843383,500,475,96
ILSVRC2012_val_00024525.JPEG,val.X\n01843383,500,460,96
ILSVRC2012_val_00025785.JPEG,val.X\n01843383,500,500,96
ILSVRC2012_val_00030702.JPEG,val.X\n01843383,500,499,96
ILSVRC2012_val_00049093.JPEG,val.X\n01843383,500,499,96
ILSVRC2012_val_00003828.JPEG,val.X\n01847000,500,500,96
ILSVRC2012_val_00014416.JPEG,val.X\n01847000,462,500,96
ILSVRC2012_val_00017887.JPEG,val.X\n01847000,500,500,96
ILSVRC2012_val_00030448.JPEG,val.X\n01847000,500,456,96
ILSVRC2012_val_00032503.JPEG,val.X\n01847000,500,455,96
ILSVRC2012_val_00035054.JPEG,val.X\n01847000,500,500,96
ILSVRC2012_val_00041838.JPEG,val.X\n01847000,500,500,96
ILSVRC2012_val_00043484.JPEG,val.X\n01847000,500,500,96
ILSVRC2012_val_00045837.JPEG,val.X\n01847000,500,490,96
ILSVRC2012_val_00002997.JPEG,val.X\n01855672,500,500,96
ILSVRC2012_val_00004226.JPEG,val.X\n01855672,500,450,96
ILSVRC2012_val_00016580.JPEG,val.X\n01855672,464,500,96
ILSVRC2012_val_00025667.JPEG,val.X\n01855672,500,458,96
ILSVRC2012_val_00025924.JPEG,val.X\n01855672,500,459,96
ILSVRC2012_val_00032295.JPEG,val.X\n01855672,500,480,96
ILSVRC2012_val_00033076.JPEG,val.X\n01855672,500,467,96
ILSVRC2012_val_00036969.JPEG,val.X\n01855672,500,454,96
ILSVRC2012_val_00045520.JPEG,val.X\n01855672,500,455,96
ILSVRC2012_val_00000466.JPEG,val.X\n01860187,500,500,96
ILSVRC2012_val_00001044.JPEG,val.X\n01860187,454,500,96
ILSVRC2012_val_00001732.JPEG,val.X\n01860187,500,460,96
ILSVRC2012_val_00001867.JPEG,val.X\n01860187,500,486,96
ILSVRC2012_val_00004627.JPEG,val.X\n01860187,500,456,96
ILSVRC2012_val_00006562.JPEG,val.X\n01860187,500,500,96
ILSVRC2012_val_00010035.JPEG,val.X\n01860187,454,500,96
ILSVRC2012_val_00017207.JPEG,val.X\n01860187,500,500,96
ILSVRC2012_val_00017931.JPEG,val.X\n01860187,500,455,96
ILSVRC2012_val_00021594.JPEG,val.X\n01860187,500,500,96
ILSVRC2012_val_00028395.JPEG,val.X\n01860187,500,500,96
ILSVRC2012_val_00029298.JPEG,val.X\n01860187,500,473,96
ILSVRC2012_val_00030887.JPEG,val.X\n01860187,500,458,96
ILSVRC2012_val_00033604.JPEG,val.X\n01860187,500,500,96
ILSVRC2012_val_00039426.JPEG,val.X\n01860187,500,468,96
ILSVRC2012_val_00040025.JPEG,val.X\n01860187,500,500,96
ILSVRC2012_val_00042128.JPEG,val.X\n01860187,500,491,96
ILSVRC2012_val_00042480.JPEG,val.X\n01860187,500,500,96
ILSVRC2012_val_00047317.JPEG,val.X\n01860187,471,500,96
ILSVRC2012_val_00019476.JPEG,val.X\n01877812,500,469,96
ILSVRC2012_val_00005865.JPEG,val.X\n01883070,500,453,96
ILSVRC2012_val_00014545.JPEG,val.X\n01883070,489,500,96
ILSVRC2012_val_00014931.JPEG,val.X\n01883070,500,463,96
ILSVRC2012_val_00027195.JPEG,val.X\n01883070,500,462,96
ILSVRC2012_val_00036687.JPEG,val.X\n01883070,500,500,96
ILSVRC2012_val_00005058.JPEG,val.X\n01914609,500,489,96
ILSVRC2012_val_00038901.JPEG,val.X\n01914609,500,500,96
ILSVRC2012_val_00041548.JPEG,val.X\n01914609,500,455,96
ILSVRC2012_val_00047226.JPEG,val.X\n01914609,500,470,96
ILSVRC2012_val_00018855.JPEG,val.X\n01924916,475,500,96
ILSVRC2012_val_00042155.JPEG,val.X\n01924916,500,473,96
ILSVRC2012_val_00044839.JPEG,val.X\n01924916,461,500,96
ILSVRC2012_val_00017054.JPEG,val.X\n01930112,458,500,96
ILSVRC2012_val_00033050.JPEG,val.X\n01930112,464,500,96
ILSVRC2012_val_00013503.JPEG,val.X\n01944390,500,456,96
ILSVRC2012_val_00019782.JPEG,val.X\n01944390,500,498,96
ILSVRC2012_val_00023206.JPEG,val.X\n01944390,500,500,96
ILSVRC2012_val_00030012.JPEG,val.X\n01944390,500,497,96
ILSVRC2012_val_00040123.JPEG,val.X\n01944390,500,500,96
ILSVRC2012_val_00021059.JPEG,val.X\n01950731,500,468,96
ILSVRC2012_val_00027270.JPEG,val.X\n01950731,500,459,96
ILSVRC2012_val_00028918.JPEG,val.X\n01950731,493,500,96
ILSVRC2012_val_00029013.JPEG,val.X\n01950731,500,461,96
ILSVRC2012_val_00029111.JPEG,val.X\n01950731,500,500,96
ILSVRC2012_val_00032139.JPEG,val.X\n01950731,462,500,96
ILSVRC2012_val_00033555.JPEG,val.X\n01950731,487,500,96
ILSVRC2012_val_00033786.JPEG,val.X\n01950731,500,495,96
ILSVRC2012_val_00034076.JPEG,val.X\n01950731,462,500,96
ILSVRC2012_val_00035855.JPEG,val.X\n01950731,500,454,96
ILSVRC2012_val_00037044.JPEG,val.X\n01950731,500,462,96
ILSVRC2012_val_00039915.JPEG,val.X\n01950731,500,467,96
ILSVRC2012_val_00039974.JPEG,val.X\n01950731,490,500,96
ILSVRC2012_val_00041924.JPEG,val.X\n01950731,500,500,96
ILSVRC2012_val_00044708.JPEG,val.X\n01950731,500,453,96
ILSVRC2012_val_00046587.JPEG,val.X\n01950731,500,500,96
ILSVRC2012_val_00002715.JPEG,val.X\n01968897,500,500,96
ILSVRC2012_val_00016495.JPEG,val.X\n01968897,500,496,96
ILSVRC2012_val_00033931.JPEG,val.X\n01968897,500,479,96
ILSVRC2012_val_00033974.JPEG,val.X\n01968897,500,495,96
ILSVRC2012_val_00037009.JPEG,val.X\n01968897,500,500,96
ILSVRC2012_val_00043170.JPEG,val.X\n01968897,500,493,96
ILSVRC2012_val_00015120.JPEG,val.X\n01978287,500,500,96
ILSVRC2012_val_00008870.JPEG,val.X\n01978455,500,470,96
ILSVRC2012_val_00023601.JPEG,val.X\n01978455,500,455,96
ILSVRC2012_val_00008156.JPEG,val.X\n01984695,470,500,96
ILSVRC2012_val_00002944.JPEG,val.X\n01985128,500,495,96
ILSVRC2012_val_00013744.JPEG,val.X\n01985128,474,500,96
ILSVRC2012_val_00019574.JPEG,val.X\n01985128,500,461,96
ILSVRC2012_val_00029243.JPEG,val.X\n01986214,452,500,96
ILSVRC2012_val_00001277.JPEG,val.X\n02002556,500,476,96
ILSVRC2012_val_00007369.JPEG,val.X\n02002556,500,500,96
ILSVRC2012_val_00025291.JPEG,val.X\n02002556,500,451,96
ILSVRC2012_val_00027926.JPEG,val.X\n02002556,500,500,96
ILSVRC2012_val_00030049.JPEG,val.X\n02002556,500,500,96
ILSVRC2012_val_00031575.JPEG,val.X\n02002556,500,477,96
ILSVRC2012_val_00031666.JPEG,val.X\n02002556,484,500,96
ILSVRC2012_val_00032580.JPEG,val.X\n02002556,500,500,96
ILSVRC2012_val_00034176.JPEG,val.X\n02002556,500,476,96
ILSVRC2012_val_00035528.JPEG,val.X\n02002556,467,500,96
ILSVRC2012_val_00035837.JPEG,val.X\n02002556,500,500,96
ILSVRC2012_val_00038356.JPEG,val.X\n02002556,465,500,96
ILSVRC2012_val_00041881.JPEG,val.X\n02002556,500,500,96
ILSVRC2012_val_00046533.JPEG,val.X\n02002556,471,500,96
ILSVRC2012_val_00000735.JPEG,val.X\n02006656,500,500,96
ILSVRC2012_val_00013256.JPEG,val.X\n02006656,487,500,96
ILSVRC2012_val_00017069.JPEG,val.X\n02006656,500,491,96
ILSVRC2012_val_00018489.JPEG,val.X\n02006656,500,500,96
ILSVRC2012_val_00021933.JPEG,val.X\n02006656,473,500,96
ILSVRC2012_val_00048666.JPEG,val.X\n02006656,500,499,96
ILSVRC2012_val_00049077.JPEG,val.X\n02006656,485,500,96
ILSVRC2012_val_00000939.JPEG,val.X\n02007558,500,500,96
ILSVRC2012_val_00008887.JPEG,val.X\n02007558,457,500,96
ILSVRC2012_val_00009988.JPEG,val.X\n02007558,500,500,96
ILSVRC2012_val_00011918.JPEG,val.X\n02007558,497,500,96
ILSVRC2012_val_00016016.JPEG,val.X\n02007558,500,460,96
ILSVRC2012_val_00017796.JPEG,val.X\n02007558,500,482,96
ILSVRC2012_val_00019951.JPEG,val.X\n02007558,500,455,96
ILSVRC2012_val_00022313.JPEG,val.X\n02007558,500,457,96
ILSVRC2012_val_00029724.JPEG,val.X\n02007558,474,500,96
ILSVRC2012_val_00030095.JPEG,val.X\n02007558,477,500,96
ILSVRC2012_val_00031931.JPEG,val.X\n02007558,500,500,96
ILSVRC2012_val_00038600.JPEG,val.X\n02007558,500,472,96
ILSVRC2012_val_00045784.JPEG,val.X\n02007558,500,479,96
ILSVRC2012_val_00047041.JPEG,val.X\n02007558,500,500,96
ILSVRC2012_val_00047052.JPEG,val.X\n02007558,500,487,96
ILSVRC2012_val_00049783.JPEG,val.X\n02007558,500,500,96
ILSVRC2012_val_00000363.JPEG,val.X\n02011460,500,473,96
ILSVRC2012_val_00013929.JPEG,val.X\n02011460,500,459,96
ILSVRC2012_val_00015510.JPEG,val.X\n02011460,460,500,96
ILSVRC2012_val_00019172.JPEG,val.X\n02011460,500,468,96
ILSVRC2012_val_00025023.JPEG,val.X\n02011460,494,500,96
ILSVRC2012_val_00028920.JPEG,val.X\n02011460,500,500,96
ILSVRC2012_val_00038197.JPEG,val.X\n02011460,469,500,96
ILSVRC2012_val_00038416.JPEG,val.X\n02011460,500,489,96
ILSVRC2012_val_00042193.JPEG,val.X\n02011460,500,465,96
ILSVRC2012_val_00044565.JPEG,val.X\n02011460,492,500,96
ILSVRC2012_val_00046602.JPEG,val.X\n02011460,500,455,96
ILSVRC2012_val_00002002.JPEG,val.X\n02012849,468,500,96
ILSVRC2012_val_00006144.JPEG,val.X\n02012849,500,484,96
ILSVRC2012_val_00006711.JPEG,val.X\n02012849,483,500,96
ILSVRC2012_val_00016126.JPEG,val.X\n02012849,500,482,96
ILSVRC2012_val_00042638.JPEG,val.X\n02012849,500,458,96
ILSVRC2012_val_00043150.JPEG,val.X\n02012849,500,500,96
ILSVRC2012_val_00005203.JPEG,val.X\n02013706,500,485,96
ILSVRC2012_val_00006805.JPEG,val.X\n02013706,477,500,96
ILSVRC2012_val_00007564.JPEG,val.X\n02013706,500,486,96
ILSVRC2012_val_00010308.JPEG,val.X\n02013706,500,500,96
ILSVRC2012_val_00012475.JPEG,val.X\n02013706,482,500,96
ILSVRC2012_val_00016152.JPEG,val.X\n02013706,477,500,96
ILSVRC2012_val_00024162.JPEG,val.X\n02013706,500,500,96
ILSVRC2012_val_00026942.JPEG,val.X\n02013706,500,491,96
ILSVRC2012_val_00029329.JPEG,val.X\n02013706,453,500,96
ILSVRC2012_val_00031304.JPEG,val.X\n02013706,475,500,96
ILSVRC2012_val_00035722.JPEG,val.X\n02013706,500,485,96
ILSVRC2012_val_00039389.JPEG,val.X\n02013706,500,468,96
ILSVRC2012_val_00042703.JPEG,val.X\n02013706,500,463,96
ILSVRC2012_val_00042829.JPEG,val.X\n02013706,498,500,96
ILSVRC2012_val_00047509.JPEG,val.X\n02013706,480,500,96
ILSVRC2012_val_00047809.JPEG,val.X\n02013706,500,488,96
ILSVRC2012_val_00001165.JPEG,val.X\n02018207,500,500,96
ILSVRC2012_val_00007153.JPEG,val.X\n02018207,500,500,96
ILSVRC2012_val_00008842.JPEG,val.X\n02018207,500,500,96
ILSVRC2012_val_00021851.JPEG,val.X\n02018207,478,500,96
ILSVRC2012_val_00027996.JPEG,val.X\n02018207,499,500,96
ILSVRC2012_val_00001073.JPEG,val.X\n02018795,500,483,96
ILSVRC2012_val_00012436.JPEG,val.X\n02018795,455,500,96
ILSVRC2012_val_00018570.JPEG,val.X\n02018795,451,500,96
ILSVRC2012_val_00029510.JPEG,val.X\n02018795,500,500,96
ILSVRC2012_val_00038522.JPEG,val.X\n02018795,461,500,96
ILSVRC2012_val_00040285.JPEG,val.X\n02018795,500,459,96
ILSVRC2012_val_00049480.JPEG,val.X\n02018795,500,500,96
ILSVRC2012_val_00001643.JPEG,val.X\n02027492,500,493,96
ILSVRC2012_val_00002691.JPEG,val.X\n02027492,452,500,96
ILSVRC2012_val_00008756.JPEG,val.X\n02027492,486,500,96
ILSVRC2012_val_00023226.JPEG,val.X\n02027492,500,483,96
ILSVRC2012_val_00043597.JPEG,val.X\n02027492,500,500,96
ILSVRC2012_val_00046769.JPEG,val.X\n02027492,486,500,96
ILSVRC2012_val_00000470.JPEG,val.X\n02028035,500,490,96
ILSVRC2012_val_00001521.JPEG,val.X\n02028035,500,451,96
ILSVRC2012_val_00002170.JPEG,val.X\n02028035,500,461,96
ILSVRC2012_val_00006499.JPEG,val.X\n02028035,500,500,96
ILSVRC2012_val_00006580.JPEG,val.X\n02028035,462,500,96
ILSVRC2012_val_00013808.JPEG,val.X\n02028035,500,500,96
ILSVRC2012_val_00014977.JPEG,val.X\n02028035,500,473,96
ILSVRC2012_val_00020680.JPEG,val.X\n02028035,500,500,96
ILSVRC2012_val_00023199.JPEG,val.X\n02028035,498,500,96
ILSVRC2012_val_00024958.JPEG,val.X\n02028035,488,500,96
ILSVRC2012_val_00030672.JPEG,val.X\n02028035,500,483,96
ILSVRC2012_val_00031922.JPEG,val.X\n02028035,500,453,96
ILSVRC2012_val_00033333.JPEG,val.X\n02028035,500,500,96
ILSVRC2012_val_00038002.JPEG,val.X\n02028035,500,488,96
ILSVRC2012_val_00044481.JPEG,val.X\n02028035,500,492,96
ILSVRC2012_val_00047784.JPEG,val.X\n02028035,461,500,96
ILSVRC2012_val_00004583.JPEG,val.X\n02037110,500,497,96
ILSVRC2012_val_00011196.JPEG,val.X\n02037110,500,500,96
ILSVRC2012_val_00012844.JPEG,val.X\n02037110,500,491,96
ILSVRC2012_val_00014991.JPEG,val.X\n02037110,500,463,96
ILSVRC2012_val_00023492.JPEG,val.X\n02037110,468,500,96
ILSVRC2012_val_00026476.JPEG,val.X\n02037110,500,500,96
ILSVRC2012_val_00029089.JPEG,val.X\n02037110,486,500,96
ILSVRC2012_val_00032627.JPEG,val.X\n02037110,500,500,96
ILSVRC2012_val_00041535.JPEG,val.X\n02037110,484,500,96
ILSVRC2012_val_00045300.JPEG,val.X\n02037110,454,500,96
ILSVRC2012_val_00005363.JPEG,val.X\n02051845,500,500,96
ILSVRC2012_val_00006383.JPEG,val.X\n02051845,500,500,96
ILSVRC2012_val_00014594.JPEG,val.X\n02051845,469,500,96
ILSVRC2012_val_00018800.JPEG,val.X\n02051845,500,458,96
ILSVRC2012_val_00019198.JPEG,val.X\n02051845,500,500,96
ILSVRC2012_val_00020148.JPEG,val.X\n02051845,498,500,96
ILSVRC2012_val_00021063.JPEG,val.X\n02051845,500,484,96
ILSVRC2012_val_00021509.JPEG,val.X\n02051845,481,500,96
ILSVRC2012_val_00021677.JPEG,val.X\n02051845,500,500,96
ILSVRC2012_val_00025528.JPEG,val.X\n02051845,493,500,96
ILSVRC2012_val_00027363.JPEG,val.X\n02051845,500,471,96
ILSVRC2012_val_00032890.JPEG,val.X\n02051845,500,464,96
ILSVRC2012_val_00035810.JPEG,val.X\n02051845,500,471,96
ILSVRC2012_val_00036344.JPEG,val.X\n02051845,500,467,96
ILSVRC2012_val_00038118.JPEG,val.X\n02051845,500,497,96
ILSVRC2012_val_00038863.JPEG,val.X\n02051845,500,468,96
ILSVRC2012_val_00039706.JPEG,val.X\n02051845,500,500,96
ILSVRC2012_val_00047047.JPEG,val.X\n02051845,500,472,96
ILSVRC2012_val_00048664.JPEG,val.X\n02051845,500,497,96
ILSVRC2012_val_00002090.JPEG,val.X\n02058221,458,500,96
ILSVRC2012_val_00005890.JPEG,val.X\n02058221,500,461,96
ILSVRC2012_val_00026716.JPEG,val.X\n02058221,496,500,96
ILSVRC2012_val_00038864.JPEG,val.X\n02058221,500,500,96
ILSVRC2012_val_00040987.JPEG,val.X\n02058221,500,500,96
ILSVRC2012_val_00043108.JPEG,val.X\n02058221,500,458,96
ILSVRC2012_val_00029409.JPEG,val.X\n02077923,500,457,96
n01491361_210.JPEG,train.X4\n01491361,500,490,96
n01491361_3525.JPEG,train.X4\n01491361,500,500,96
n01491361_5778.JPEG,train.X4\n01491361,467,500,96
n01491361_6719.JPEG,train.X4\n01491361,500,499,96
n01491361_8285.JPEG,train.X4\n01491361,462,500,96
n01496331_12414.JPEG,train.X4\n01496331,481,500,96
n01496331_17187.JPEG,train.X4\n01496331,494,500,96
n01496331_23066.JPEG,train.X4\n01496331,500,500,96
n01496331_29308.JPEG,train.X4\n01496331,500,465,96
n01496331_29716.JPEG,train.X4\n01496331,500,477,96
n01496331_3635.JPEG,train.X4\n01496331,500,483,96
n01496331_5744.JPEG,train.X4\n01496331,480,481,96
n01630670_168.JPEG,train.X4\n01630670,500,459,96
n01630670_5187.JPEG,train.X4\n01630670,468,500,96
n01630670_6150.JPEG,train.X4\n01630670,488,500,96
n01630670_6163.JPEG,train.X4\n01630670,500,500,96
n01630670_6179.JPEG,train.X4\n01630670,500,472,96
n01630670_7420.JPEG,train.X4\n01630670,500,462,96
n01630670_7728.JPEG,train.X4\n01630670,500,466,96
n01630670_8201.JPEG,train.X4\n01630670,493,500,96
n01630670_8564.JPEG,train.X4\n01630670,500,500,96
n01630670_973.JPEG,train.X4\n01630670,499,500,96
n01667778_14150.JPEG,train.X4\n01667778,500,474,96
n01667778_14481.JPEG,train.X4\n01667778,500,495,96
n01667778_17852.JPEG,train.X4\n01667778,500,500,96
n01667778_18055.JPEG,train.X4\n01667778,500,500,96
n01667778_2220.JPEG,train.X4\n01667778,485,500,96
n01667778_22793.JPEG,train.X4\n01667778,500,500,96
n01667778_2327.JPEG,train.X4\n01667778,500,462,96
n01667778_23387.JPEG,train.X4\n01667778,500,481,96
n01667778_2645.JPEG,train.X4\n01667778,500,500,96
n01667778_3001.JPEG,train.X4\n01667778,484,500,96
n01667778_3540.JPEG,train.X4\n01667778,490,500,96
n01667778_3958.JPEG,train.X4\n01667778,500,450,96
n01667778_5044.JPEG,train.X4\n01667778,500,500,96
n01667778_5898.JPEG,train.X4\n01667778,500,500,96
n01667778_6038.JPEG,train.X4\n01667778,500,500,96
n01667778_6114.JPEG,train.X4\n01667778,500,484,96
n01667778_6538.JPEG,train.X4\n01667778,500,473,96
n01667778_6580.JPEG,train.X4\n01667778,500,500,96
n01667778_7042.JPEG,train.X4\n01667778,500,500,96
n01667778_7100.JPEG,train.X4\n01667778,458,500,96
n01667778_8923.JPEG,train.X4\n01667778,500,500,96
n01667778_8976.JPEG,train.X4\n01667778,500,451,96
n01675722_1079.JPEG,train.X4\n01675722,500,482,96
n01675722_195.JPEG,train.X4\n01675722,462,500,96
n01675722_4104.JPEG,train.X4\n01675722,500,499,96
n01675722_4186.JPEG,train.X4\n01675722,500,482,96
n01675722_7459.JPEG,train.X4\n01675722,480,500,96
n01675722_7546.JPEG,train.X4\n01675722,500,496,96
n01729322_10540.JPEG,train.X4\n01729322,500,500,96
n01729322_10754.JPEG,train.X4\n01729322,479,500,96
n01729322_1112.JPEG,train.X4\n01729322,461,500,96
n01729322_11707.JPEG,train.X4\n01729322,500,474,96
n01729322_12247.JPEG,train.X4\n01729322,500,500,96
n01729322_13079.JPEG,train.X4\n01729322,500,473,96
n01729322_15230.JPEG,train.X4\n01729322,500,451,96
n01729322_15707.JPEG,train.X4\n01729322,500,474,96
n01729322_16462.JPEG,train.X4\n01729322,474,500,96
n01729322_17408.JPEG,train.X4\n01729322,481,500,96
n01729322_17686.JPEG,train.X4\n01729322,481,500,96
n01729322_17782.JPEG,train.X4\n01729322,463,474,96
n01729322_1816.JPEG,train.X4\n01729322,500,493,96
n01729322_19173.JPEG,train.X4\n01729322,500,474,96
n01729322_2853.JPEG,train.X4\n01729322,500,500,96
n01729322_3649.JPEG,train.X4\n01729322,499,500,96
n01729322_3932.JPEG,train.X4\n01729322,500,453,96
n01729322_4216.JPEG,train.X4\n01729322,500,453,96
n01729322_4499.JPEG,train.X4\n01729322,500,500,96
n01729322_4621.JPEG,train.X4\n01729322,498,500,96
n01729322_5167.JPEG,train.X4\n01729322,486,500,96
n01729322_519.JPEG,train.X4\n01729322,462,500,96
n01729322_6213.JPEG,train.X4\n01729322,500,458,96
n01729322_9707.JPEG,train.X4\n01729322,500,470,96
n01729322_9792.JPEG,train.X4\n01729322,500,488,96
n01739381_106.JPEG,train.X4\n01739381,486,500,96
n01739381_1897.JPEG,train.X4\n01739381,500,500,96
n01739381_2432.JPEG,train.X4\n01739381,500,500,96
n01739381_2744.JPEG,train.X4\n01739381,491,500,96
n01739381_3706.JPEG,train.X4\n01739381,450,500,96
n01739381_3809.JPEG,train.X4\n01739381,495,480,96
n01739381_3903.JPEG,train.X4\n01739381,500,461,96
n01739381_465.JPEG,train.X4\n01739381,500,467,96
n01739381_4665.JPEG,train.X4\n01739381,500,477,96
n01739381_4669.JPEG,train.X4\n01739381,463,500,96
n01739381_4755.JPEG,train.X4\n01739381,498,500,96
n01739381_4938.JPEG,train.X4\n01739381,500,500,96
n01739381_5107.JPEG,train.X4\n01739381,500,500,96
n01739381_6296.JPEG,train.X4\n01739381,500,464,96
n01739381_7880.JPEG,train.X4\n01739381,500,491,96
n01742172_10337.JPEG,train.X4\n01742172,500,500,96
n01742172_10513.JPEG,train.X4\n01742172,500,500,96
n01742172_10565.JPEG,train.X4\n01742172,500,459,96
n01742172_10903.JPEG,train.X4\n01742172,500,498,96
n01742172_11347.JPEG,train.X4\n01742172,486,500,96
n01742172_11656.JPEG,train.X4\n01742172,500,454,96
n01742172_1209.JPEG,train.X4\n01742172,500,455,96
n01742172_125.JPEG,train.X4\n01742172,500,472,96
n01742172_12958.JPEG,train.X4\n01742172,459,500,96
n01742172_1315.JPEG,train.X4\n01742172,500,500,96
n01742172_14198.JPEG,train.X4\n01742172,500,500,96
n01742172_1770.JPEG,train.X4\n01742172,500,459,96
n01742172_1794.JPEG,train.X4\n01742172,486,500,96
n01742172_1838.JPEG,train.X4\n01742172,475,500,96
n01742172_19035.JPEG,train.X4\n01742172,468,484,96
n01742172_19047.JPEG,train.X4\n01742172,482,500,96
n01742172_19222.JPEG,train.X4\n01742172,500,477,96
n01742172_19235.JPEG,train.X4\n01742172,488,500,96
n01742172_19841.JPEG,train.X4\n01742172,496,500,96
n01742172_19975.JPEG,train.X4\n01742172,459,500,96
n01742172_20133.JPEG,train.X4\n01742172,482,500,96
n01742172_20406.JPEG,train.X4\n01742172,500,493,96
n01742172_20419.JPEG,train.X4\n01742172,500,457,96
n01742172_2148.JPEG,train.X4\n01742172,471,500,96
n01742172_21870.JPEG,train.X4\n01742172,500,500,96
n01742172_2225.JPEG,train.X4\n01742172,500,500,96
n01742172_2701.JPEG,train.X4\n01742172,500,491,96
n01742172_2754.JPEG,train.X4\n01742172,487,500,96
n01742172_3057.JPEG,train.X4\n01742172,500,450,96
n01742172_3564.JPEG,train.X4\n01742172,500,479,96
n01742172_367.JPEG,train.X4\n01742172,500,471,96
n01742172_3807.JPEG,train.X4\n01742172,500,500,96
n01742172_3859.JPEG,train.X4\n01742172,500,500,96
n01742172_3906.JPEG,train.X4\n01742172,499,500,96
n01742172_4133.JPEG,train.X4\n01742172,500,462,96
n01742172_4243.JPEG,train.X4\n01742172,500,483,96
n01742172_4260.JPEG,train.X4\n01742172,500,499,96
n01742172_4678.JPEG,train.X4\n01742172,500,451,96
n01742172_4836.JPEG,train.X4\n01742172,490,500,96
n01742172_5462.JPEG,train.X4\n01742172,492,500,96
n01742172_704.JPEG,train.X4\n01742172,500,470,96
n01742172_7898.JPEG,train.X4\n01742172,500,475,96
n01742172_8283.JPEG,train.X4\n01742172,500,482,96
n01742172_8450.JPEG,train.X4\n01742172,500,484,96
n01742172_8484.JPEG,train.X4\n01742172,500,500,96
n01742172_8616.JPEG,train.X4\n01742172,494,500,96
n01742172_8662.JPEG,train.X4\n01742172,450,500,96
n01742172_8824.JPEG,train.X4\n01742172,500,462,96
n01742172_9267.JPEG,train.X4\n01742172,497,500,96
n01742172_9824.JPEG,train.X4\n01742172,475,500,96
n01755581_10076.JPEG,train.X4\n01755581,500,466,96
n01755581_11031.JPEG,train.X4\n01755581,497,500,96
n01755581_12133.JPEG,train.X4\n01755581,499,500,96
n01755581_12779.JPEG,train.X4\n01755581,500,477,96
n01755581_13091.JPEG,train.X4\n01755581,500,500,96
n01755581_13711.JPEG,train.X4\n01755581,482,500,96
n01755581_3085.JPEG,train.X4\n01755581,500,486,96
n01755581_3724.JPEG,train.X4\n01755581,500,475,96
n01755581_461.JPEG,train.X4\n01755581,500,467,96
n01755581_4778.JPEG,train.X4\n01755581,473,500,96
n01755581_5148.JPEG,train.X4\n01755581,500,451,96
n01755581_5486.JPEG,train.X4\n01755581,500,468,96
n01755581_6077.JPEG,train.X4\n01755581,500,450,96
n01755581_7008.JPEG,train.X4\n01755581,500,462,96
n01755581_7291.JPEG,train.X4\n01755581,500,480,96
n01755581_8063.JPEG,train.X4\n01755581,500,500,96
n01755581_8644.JPEG,train.X4\n01755581,500,489,96
n01755581_9151.JPEG,train.X4\n01755581,500,451,96
n01755581_9486.JPEG,train.X4\n01755581,476,500,96
n01770393_10760.JPEG,train.X4\n01770393,475,500,96
n01770393_11035.JPEG,train.X4\n01770393,454,500,96
n01770393_11120.JPEG,train.X4\n01770393,485,500,96
n01770393_11411.JPEG,train.X4\n01770393,500,454,96
n01770393_11663.JPEG,train.X4\n01770393,464,500,96
n01770393_1228.JPEG,train.X4\n01770393,500,500,96
n01770393_14044.JPEG,train.X4\n01770393,500,454,96
n01770393_1443.JPEG,train.X4\n01770393,500,450,96
n01770393_14970.JPEG,train.X4\n01770393,500,500,96
n01770393_1647.JPEG,train.X4\n01770393,500,454,96
n01770393_184.JPEG,train.X4\n01770393,500,467,96
n01770393_18951.JPEG,train.X4\n01770393,500,500,96
n01770393_19131.JPEG,train.X4\n01770393,500,500,96
n01770393_19966.JPEG,train.X4\n01770393,500,500,96
n01770393_203.JPEG,train.X4\n01770393,500,469,96
n01770393_20319.JPEG,train.X4\n01770393,500,458,96
n01770393_20607.JPEG,train.X4\n01770393,500,469,96
n01770393_20616.JPEG,train.X4\n01770393,500,450,96
n01770393_21197.JPEG,train.X4\n01770393,500,488,96
n01770393_21341.JPEG,train.X4\n01770393,500,464,96
n01770393_21405.JPEG,train.X4\n01770393,500,500,96
n01770393_22651.JPEG,train.X4\n01770393,500,500,96
n01770393_23398.JPEG,train.X4\n01770393,500,500,96
n01770393_237.JPEG,train.X4\n01770393,488,500,96
n01770393_2450.JPEG,train.X4\n01770393,450,500,96
n01770393_26126.JPEG,train.X4\n01770393,500,482,96
n01770393_2671.JPEG,train.X4\n01770393,500,468,96
n01770393_27241.JPEG,train.X4\n01770393,500,471,96
n01770393_27502.JPEG,train.X4\n01770393,500,500,96
n01770393_2975.JPEG,train.X4\n01770393,484,500,96
n01770393_31162.JPEG,train.X4\n01770393,451,500,96
n01770393_3246.JPEG,train.X4\n01770393,500,499,96
n01770393_3294.JPEG,train.X4\n01770393,470,500,96
n01770393_3431.JPEG,train.X4\n01770393,499,500,96
n01770393_3690.JPEG,train.X4\n01770393,487,500,96
n01770393_397.JPEG,train.X4\n01770393,483,500,96
n01770393_4074.JPEG,train.X4\n01770393,500,500,96
n01770393_4097.JPEG,train.X4\n01770393,500,456,96
n01770393_464.JPEG,train.X4\n01770393,474,500,96
n01770393_4779.JPEG,train.X4\n01770393,500,455,96
n01770393_5285.JPEG,train.X4\n01770393,500,479,96
n01770393_5883.JPEG,train.X4\n01770393,500,477,96
n01770393_6033.JPEG,train.X4\n01770393,500,498,96
n01770393_680.JPEG,train.X4\n01770393,464,500,96
n01770393_703.JPEG,train.X4\n01770393,500,456,96
n01770393_7150.JPEG,train.X4\n01770393,455,500,96
n01770393_7745.JPEG,train.X4\n01770393,500,483,96
n01770393_8039.JPEG,train.X4\n01770393,500,468,96
n01770393_8190.JPEG,train.X4\n01770393,462,500,96
n01770393_8815.JPEG,train.X4\n01770393,491,500,96
n01770393_9035.JPEG,train.X4\n01770393,500,497,96
n01770393_9632.JPEG,train.X4\n01770393,467,500,96
n01770393_9708.JPEG,train.X4\n01770393,482,500,96
n01770393_9723.JPEG,train.X4\n01770393,500,481,96
n01774750_1004.JPEG,train.X4\n01774750,500,474,96
n01774750_10089.JPEG,train.X4\n01774750,500,464,96
n01774750_10135.JPEG,train.X4\n01774750,500,451,96
n01774750_10214.JPEG,train.X4\n01774750,500,471,96
n01774750_10422.JPEG,train.X4\n01774750,500,469,96
n01774750_10750.JPEG,train.X4\n01774750,475,500,96
n01774750_11326.JPEG,train.X4\n01774750,500,474,96
n01774750_11370.JPEG,train.X4\n01774750,500,498,96
n01774750_11407.JPEG,train.X4\n01774750,500,474,96
n01774750_11499.JPEG,train.X4\n01774750,500,489,96
n01774750_11746.JPEG,train.X4\n01774750,453,500,96
n01774750_11785.JPEG,train.X4\n01774750,500,469,96
n01774750_11833.JPEG,train.X4\n01774750,494,500,96
n01774750_11857.JPEG,train.X4\n01774750,496,500,96
n01774750_11962.JPEG,train.X4\n01774750,500,467,96
n01774750_11975.JPEG,train.X4\n01774750,500,458,96
n01774750_1262.JPEG,train.X4\n01774750,500,496,96
n01774750_13162.JPEG,train.X4\n01774750,500,500,96
n01774750_13163.JPEG,train.X4\n01774750,500,478,96
n01774750_13262.JPEG,train.X4\n01774750,500,473,96
n01774750_13425.JPEG,train.X4\n01774750,500,500,96
n01774750_13668.JPEG,train.X4\n01774750,500,500,96
n01774750_1504.JPEG,train.X4\n01774750,500,500,96
n01774750_187.JPEG,train.X4\n01774750,500,500,96
n01774750_1873.JPEG,train.X4\n01774750,500,468,96
n01774750_2185.JPEG,train.X4\n01774750,500,500,96
n01774750_252.JPEG,train.X4\n01774750,500,500,96
n01774750_2604.JPEG,train.X4\n01774750,453,474,96
n01774750_2879.JPEG,train.X4\n01774750,453,500,96
n01774750_2883.JPEG,train.X4\n01774750,500,491,96
n01774750_3019.JPEG,train.X4\n01774750,500,479,96
n01774750_3402.JPEG,train.X4\n01774750,500,500,96
n01774750_3504.JPEG,train.X4\n01774750,469,500,96
n01774750_368.JPEG,train.X4\n01774750,500,452,96
n01774750_3962.JPEG,train.X4\n01774750,500,483,96
n01774750_4145.JPEG,train.X4\n01774750,500,482,96
n01774750_4303.JPEG,train.X4\n01774750,500,454,96
n01774750_473.JPEG,train.X4\n01774750,459,500,96
n01774750_495.JPEG,train.X4\n01774750,500,485,96
n01774750_5319.JPEG,train.X4\n01774750,483,500,96
n01774750_535.JPEG,train.X4\n01774750,500,495,96
n01774750_5624.JPEG,train.X4\n01774750,483,500,96
n01774750_5646.JPEG,train.X4\n01774750,500,500,96
n01774750_5918.JPEG,train.X4\n01774750,481,500,96
n01774750_6256.JPEG,train.X4\n01774750,500,471,96
n01774750_6478.JPEG,train.X4\n01774750,500,473,96
n01774750_6480.JPEG,train.X4\n01774750,461,500,96
n01774750_6682.JPEG,train.X4\n01774750,500,457,96
n01774750_6866.JPEG,train.X4\n01774750,500,500,96
n01774750_6901.JPEG,train.X4\n01774750,500,464,96
n01774750_7167.JPEG,train.X4\n01774750,500,450,96
n01774750_7516.JPEG,train.X4\n01774750,491,500,96
n01774750_7545.JPEG,train.X4\n01774750,500,466,96
n01774750_7613.JPEG,train.X4\n01774750,500,487,96
n01774750_768.JPEG,train.X4\n01774750,489,500,96
n01774750_7721.JPEG,train.X4\n01774750,492,500,96
n01774750_7936.JPEG,train.X4\n01774750,500,500,96
n01774750_8191.JPEG,train.X4\n01774750,500,469,96
n01774750_8438.JPEG,train.X4\n01774750,500,470,96
n01774750_8888.JPEG,train.X4\n01774750,500,498,96
n01774750_8945.JPEG,train.X4\n01774750,466,500,96
n01774750_9649.JPEG,train.X4\n01774750,500,476,96
n01774750_9750.JPEG,train.X4\n01774750,500,500,96
n01774750_9770.JPEG,train.X4\n01774750,494,500,96
n01774750_9929.JPEG,train.X4\n01774750,500,466,96
n01776313_10398.JPEG,train.X4\n01776313,500,479,96
n01776313_10572.JPEG,train.X4\n01776313,500,475,96
n01776313_10686.JPEG,train.X4\n01776313,500,500,96
n01776313_11373.JPEG,train.X4\n01776313,500,467,96
n01776313_1151.JPEG,train.X4\n01776313,500,500,96
n01776313_12049.JPEG,train.X4\n01776313,500,477,96
n01776313_12838.JPEG,train.X4\n01776313,490,500,96
n01776313_13030.JPEG,train.X4\n01776313,500,500,96
n01776313_13274.JPEG,train.X4\n01776313,500,483,96
n01776313_13672.JPEG,train.X4\n01776313,500,500,96
n01776313_1374.JPEG,train.X4\n01776313,500,467,96
n01776313_1441.JPEG,train.X4\n01776313,500,491,96
n01776313_15761.JPEG,train.X4\n01776313,455,500,96
n01776313_16441.JPEG,train.X4\n01776313,500,476,96
n01776313_16752.JPEG,train.X4\n01776313,500,500,96
n01776313_17775.JPEG,train.X4\n01776313,500,475,96
n01776313_18118.JPEG,train.X4\n01776313,500,500,96
n01776313_18687.JPEG,train.X4\n01776313,500,464,96
n01776313_19934.JPEG,train.X4\n01776313,488,500,96
n01776313_2052.JPEG,train.X4\n01776313,478,500,96
n01776313_20671.JPEG,train.X4\n01776313,451,500,96
n01776313_21176.JPEG,train.X4\n01776313,500,500,96
n01776313_21492.JPEG,train.X4\n01776313,500,500,96
n01776313_2223.JPEG,train.X4\n01776313,500,500,96
n01776313_22594.JPEG,train.X4\n01776313,481,500,96
n01776313_23823.JPEG,train.X4\n01776313,500,453,96
n01776313_23832.JPEG,train.X4\n01776313,462,500,96
n01776313_23846.JPEG,train.X4\n01776313,500,489,96
n01776313_24040.JPEG,train.X4\n01776313,500,466,96
n01776313_24411.JPEG,train.X4\n01776313,488,500,96
n01776313_25283.JPEG,train.X4\n01776313,498,500,96
n01776313_2615.JPEG,train.X4\n01776313,500,478,96
n01776313_2661.JPEG,train.X4\n01776313,500,461,96
n01776313_27588.JPEG,train.X4\n01776313,500,484,96
n01776313_28247.JPEG,train.X4\n01776313,500,481,96
n01776313_28672.JPEG,train.X4\n01776313,500,453,96
n01776313_28906.JPEG,train.X4\n01776313,484,500,96
n01776313_29927.JPEG,train.X4\n01776313,500,498,96
n01776313_30323.JPEG,train.X4\n01776313,500,500,96
n01776313_31392.JPEG,train.X4\n01776313,500,482,96
n01776313_34022.JPEG,train.X4\n01776313,500,500,96
n01776313_35334.JPEG,train.X4\n01776313,500,457,96
n01776313_3720.JPEG,train.X4\n01776313,500,486,96
n01776313_41442.JPEG,train.X4\n01776313,500,500,96
n01776313_4185.JPEG,train.X4\n01776313,482,500,96
n01776313_43422.JPEG,train.X4\n01776313,500,500,96
n01776313_4396.JPEG,train.X4\n01776313,500,500,96
n01776313_440.JPEG,train.X4\n01776313,500,455,96
n01776313_45175.JPEG,train.X4\n01776313,500,460,96
n01776313_601.JPEG,train.X4\n01776313,500,488,96
n01776313_635.JPEG,train.X4\n01776313,500,500,96
n01776313_63887.JPEG,train.X4\n01776313,500,500,96
n01776313_66396.JPEG,train.X4\n01776313,500,499,96
n01776313_6884.JPEG,train.X4\n01776313,475,500,96
n01776313_7090.JPEG,train.X4\n01776313,500,481,96
n01776313_719.JPEG,train.X4\n01776313,461,461,96
n01776313_7305.JPEG,train.X4\n01776313,500,500,96
n01776313_760.JPEG,train.X4\n01776313,479,500,96
n01776313_77688.JPEG,train.X4\n01776313,500,500,96
n01776313_79601.JPEG,train.X4\n01776313,500,500,96
n01776313_81666.JPEG,train.X4\n01776313,480,500,96
n01776313_8266.JPEG,train.X4\n01776313,500,500,96
n01776313_8398.JPEG,train.X4\n01776313,500,500,96
n01776313_8445.JPEG,train.X4\n01776313,499,500,96
n01776313_8725.JPEG,train.X4\n01776313,500,452,96
n01776313_93484.JPEG,train.X4\n01776313,500,500,96
n01776313_952.JPEG,train.X4\n01776313,461,500,96
n01796340_1001.JPEG,train.X4\n01796340,500,500,96
n01796340_10070.JPEG,train.X4\n01796340,498,500,96
n01796340_1012.JPEG,train.X4\n01796340,500,500,96
n01796340_10244.JPEG,train.X4\n01796340,452,500,96
n01796340_11456.JPEG,train.X4\n01796340,500,500,96
n01796340_12317.JPEG,train.X4\n01796340,500,473,96
n01796340_13600.JPEG,train.X4\n01796340,473,500,96
n01796340_15619.JPEG,train.X4\n01796340,487,500,96
n01796340_16346.JPEG,train.X4\n01796340,500,450,96
n01796340_16448.JPEG,train.X4\n01796340,500,475,96
n01796340_16686.JPEG,train.X4\n01796340,491,500,96
n01796340_17466.JPEG,train.X4\n01796340,500,456,96
n01796340_2456.JPEG,train.X4\n01796340,479,500,96
n01796340_4089.JPEG,train.X4\n01796340,476,500,96
n01796340_5938.JPEG,train.X4\n01796340,461,500,96
n01796340_5953.JPEG,train.X4\n01796340,485,500,96
n01796340_6128.JPEG,train.X4\n01796340,500,460,96
n01796340_6542.JPEG,train.X4\n01796340,500,458,96
n01796340_6598.JPEG,train.X4\n01796340,500,452,96
n01796340_7168.JPEG,train.X4\n01796340,481,500,96
n01796340_9843.JPEG,train.X4\n01796340,469,500,96
n01798484_10090.JPEG,train.X4\n01798484,500,484,96
n01798484_1324.JPEG,train.X4\n01798484,458,500,96
n01798484_1339.JPEG,train.X4\n01798484,500,473,96
n01798484_1523.JPEG,train.X4\n01798484,473,500,96
n01798484_16085.JPEG,train.X4\n01798484,500,500,96
n01798484_2337.JPEG,train.X4\n01798484,499,500,96
n01798484_3844.JPEG,train.X4\n01798484,500,483,96
n01798484_4428.JPEG,train.X4\n01798484,500,469,96
n01798484_6385.JPEG,train.X4\n01798484,500,500,96
n01798484_7410.JPEG,train.X4\n01798484,455,500,96
n01798484_8691.JPEG,train.X4\n01798484,500,455,96
n01798484_9592.JPEG,train.X4\n01798484,500,464,96
n01798484_9802.JPEG,train.X4\n01798484,485,500,96
n01806143_10256.JPEG,train.X4\n01806143,488,500,96
n01806143_10310.JPEG,train.X4\n01806143,454,500,96
n01806143_10501.JPEG,train.X4\n01806143,481,500,96
n01806143_10610.JPEG,train.X4\n01806143,500,500,96
n01806143_11483.JPEG,train.X4\n01806143,500,483,96
n01806143_12230.JPEG,train.X4\n01806143,500,500,96
n01806143_12381.JPEG,train.X4\n01806143,451,500,96
n01806143_12408.JPEG,train.X4\n01806143,500,489,96
n01806143_12700.JPEG,train.X4\n01806143,500,488,96
n01806143_13365.JPEG,train.X4\n01806143,500,480,96
n01806143_13410.JPEG,train.X4\n01806143,500,467,96
n01806143_13505.JPEG,train.X4\n01806143,495,500,96
n01806143_13578.JPEG,train.X4\n01806143,500,457,96
n01806143_13817.JPEG,train.X4\n01806143,495,500,96
n01806143_14423.JPEG,train.X4\n01806143,500,500,96
n01806143_1630.JPEG,train.X4\n01806143,500,500,96
n01806143_1866.JPEG,train.X4\n01806143,500,455,96
n01806143_1890.JPEG,train.X4\n01806143,500,500,96
n01806143_2129.JPEG,train.X4\n01806143,500,457,96
n01806143_2185.JPEG,train.X4\n01806143,484,500,96
n01806143_240.JPEG,train.X4\n01806143,454,500,96
n01806143_2662.JPEG,train.X4\n01806143,500,464,96
n01806143_2707.JPEG,train.X4\n01806143,498,500,96
n01806143_2733.JPEG,train.X4\n01806143,500,474,96
n01806143_2743.JPEG,train.X4\n01806143,499,500,96
n01806143_308.JPEG,train.X4\n01806143,467,500,96
n01806143_3442.JPEG,train.X4\n01806143,500,488,96
n01806143_3788.JPEG,train.X4\n01806143,500,500,96
n01806143_4065.JPEG,train.X4\n01806143,500,500,96
n01806143_4203.JPEG,train.X4\n01806143,500,500,96
n01806143_4237.JPEG,train.X4\n01806143,457,500,96
n01806143_4307.JPEG,train.X4\n01806143,500,452,96
n01806143_4533.JPEG,train.X4\n01806143,500,493,96
n01806143_4569.JPEG,train.X4\n01806143,500,500,96
n01806143_4694.JPEG,train.X4\n01806143,500,461,96
n01806143_4797.JPEG,train.X4\n01806143,500,490,96
n01806143_5454.JPEG,train.X4\n01806143,500,469,96
n01806143_627.JPEG,train.X4\n01806143,463,500,96
n01806143_6507.JPEG,train.X4\n01806143,475,500,96
n01806143_6540.JPEG,train.X4\n01806143,500,465,96
n01806143_6722.JPEG,train.X4\n01806143,500,497,96
n01806143_7042.JPEG,train.X4\n01806143,464,454,96
n01806143_7120.JPEG,train.X4\n01806143,500,500,96
n01806143_7146.JPEG,train.X4\n01806143,500,463,96
n01806143_734.JPEG,train.X4\n01806143,500,473,96
n01806143_7429.JPEG,train.X4\n01806143,500,459,96
n01806143_7550.JPEG,train.X4\n01806143,500,500,96
n01806143_7647.JPEG,train.X4\n01806143,473,500,96
n01806143_8222.JPEG,train.X4\n01806143,493,500,96
n01806143_8355.JPEG,train.X4\n01806143,482,500,96
n01806143_8678.JPEG,train.X4\n01806143,500,492,96
n01806143_869.JPEG,train.X4\n01806143,466,500,96
n01806143_8750.JPEG,train.X4\n01806143,500,497,96
n01806143_8821.JPEG,train.X4\n01806143,500,451,96
n01806143_8893.JPEG,train.X4\n01806143,463,500,96
n01806143_911.JPEG,train.X4\n01806143,496,500,96
n01806143_9340.JPEG,train.X4\n01806143,500,451,96
n01806143_9401.JPEG,train.X4\n01806143,500,498,96
n01806143_9664.JPEG,train.X4\n01806143,473,500,96
n01806143_9956.JPEG,train.X4\n01806143,500,480,96
n01819313_1084.JPEG,train.X4\n01819313,498,500,96
n01819313_1175.JPEG,train.X4\n01819313,474,500,96
n01819313_1184.JPEG,train.X4\n01819313,500,478,96
n01819313_1455.JPEG,train.X4\n01819313,500,500,96
n01819313_174.JPEG,train.X4\n01819313,500,480,96
n01819313_2166.JPEG,train.X4\n01819313,498,500,96
n01819313_2536.JPEG,train.X4\n01819313,495,500,96
n01819313_2774.JPEG,train.X4\n01819313,500,472,96
n01819313_2871.JPEG,train.X4\n01819313,500,500,96
n01819313_2881.JPEG,train.X4\n01819313,500,477,96
n01819313_3038.JPEG,train.X4\n01819313,491,500,96
n01819313_3061.JPEG,train.X4\n01819313,500,464,96
n01819313_3379.JPEG,train.X4\n01819313,500,476,96
n01819313_3409.JPEG,train.X4\n01819313,486,500,96
n01819313_3530.JPEG,train.X4\n01819313,459,500,96
n01819313_3539.JPEG,train.X4\n01819313,500,457,96
n01819313_3599.JPEG,train.X4\n01819313,480,489,96
n01819313_3681.JPEG,train.X4\n01819313,496,500,96
n01819313_3770.JPEG,train.X4\n01819313,498,500,96
n01819313_3774.JPEG,train.X4\n01819313,478,500,96
n01819313_3879.JPEG,train.X4\n01819313,500,456,96
n01819313_4002.JPEG,train.X4\n01819313,476,500,96
n01819313_4006.JPEG,train.X4\n01819313,500,484,96
n01819313_4022.JPEG,train.X4\n01819313,500,453,96
n01819313_4091.JPEG,train.X4\n01819313,483,500,96
n01819313_4114.JPEG,train.X4\n01819313,500,462,96
n01819313_4123.JPEG,train.X4\n01819313,500,481,96
n01819313_4127.JPEG,train.X4\n01819313,477,500,96
n01819313_4159.JPEG,train.X4\n01819313,500,451,96
n01819313_4322.JPEG,train.X4\n01819313,463,500,96
n01819313_4419.JPEG,train.X4\n01819313,500,497,96
n01819313_443.JPEG,train.X4\n01819313,500,500,96
n01819313_4677.JPEG,train.X4\n01819313,487,500,96
n01819313_473.JPEG,train.X4\n01819313,500,500,96
n01819313_4814.JPEG,train.X4\n01819313,500,462,96
n01819313_4905.JPEG,train.X4\n01819313,500,450,96
n01819313_5110.JPEG,train.X4\n01819313,500,493,96
n01819313_5155.JPEG,train.X4\n01819313,500,500,96
n01819313_5164.JPEG,train.X4\n01819313,500,500,96
n01819313_5219.JPEG,train.X4\n01819313,500,478,96
n01819313_5346.JPEG,train.X4\n01819313,500,462,96
n01819313_5347.JPEG,train.X4\n01819313,500,481,96
n01819313_5388.JPEG,train.X4\n01819313,500,473,96
n01819313_5464.JPEG,train.X4\n01819313,500,500,96
n01819313_5508.JPEG,train.X4\n01819313,500,474,96
n01819313_5651.JPEG,train.X4\n01819313,500,453,96
n01819313_5680.JPEG,train.X4\n01819313,500,496,96
n01819313_5702.JPEG,train.X4\n01819313,500,500,96
n01819313_5809.JPEG,train.X4\n01819313,475,500,96
n01819313_6114.JPEG,train.X4\n01819313,500,500,96
n01819313_6169.JPEG,train.X4\n01819313,498,500,96
n01819313_6382.JPEG,train.X4\n01819313,500,489,96
n01819313_6392.JPEG,train.X4\n01819313,500,491,96
n01819313_6402.JPEG,train.X4\n01819313,452,500,96
n01819313_6465.JPEG,train.X4\n01819313,458,500,96
n01819313_6776.JPEG,train.X4\n01819313,497,500,96
n01819313_6893.JPEG,train.X4\n01819313,500,484,96
n01819313_6931.JPEG,train.X4\n01819313,500,488,96
n01819313_7072.JPEG,train.X4\n01819313,477,500,96
n01819313_7079.JPEG,train.X4\n01819313,500,480,96
n01819313_7165.JPEG,train.X4\n01819313,500,500,96
n01819313_793.JPEG,train.X4\n01819313,499,500,96
n01819313_83.JPEG,train.X4\n01819313,500,490,96
n01819313_864.JPEG,train.X4\n01819313,500,499,96
n01819313_867.JPEG,train.X4\n01819313,500,500,96
n01819313_970.JPEG,train.X4\n01819313,500,476,96
n01819313_985.JPEG,train.X4\n01819313,500,463,96
n01855672_10308.JPEG,train.X4\n01855672,500,500,96
n01855672_10587.JPEG,train.X4\n01855672,500,500,96
n01855672_10654.JPEG,train.X4\n01855672,500,451,96
n01855672_10766.JPEG,train.X4\n01855672,487,500,96
n01855672_11085.JPEG,train.X4\n01855672,497,500,96
n01855672_11276.JPEG,train.X4\n01855672,500,476,96
n01855672_11638.JPEG,train.X4\n01855672,483,500,96
n01855672_11779.JPEG,train.X4\n01855672,500,500,96
n01855672_12835.JPEG,train.X4\n01855672,500,457,96
n01855672_12857.JPEG,train.X4\n01855672,500,453,96
n01855672_12872.JPEG,train.X4\n01855672,477,500,96
n01855672_12962.JPEG,train.X4\n01855672,499,500,96
n01855672_13273.JPEG,train.X4\n01855672,452,500,96
n01855672_13451.JPEG,train.X4\n01855672,485,500,96
n01855672_13762.JPEG,train.X4\n01855672,500,476,96
n01855672_14115.JPEG,train.X4\n01855672,500,468,96
n01855672_14214.JPEG,train.X4\n01855672,500,500,96
n01855672_14226.JPEG,train.X4\n01855672,500,500,96
n01855672_14258.JPEG,train.X4\n01855672,500,482,96
n01855672_1437.JPEG,train.X4\n01855672,500,473,96
n01855672_14447.JPEG,train.X4\n01855672,497,500,96
n01855672_14614.JPEG,train.X4\n01855672,500,494,96
n01855672_15144.JPEG,train.X4\n01855672,500,493,96
n01855672_15197.JPEG,train.X4\n01855672,500,500,96
n01855672_15310.JPEG,train.X4\n01855672,500,497,96
n01855672_15317.JPEG,train.X4\n01855672,500,500,96
n01855672_15697.JPEG,train.X4\n01855672,500,452,96
n01855672_15813.JPEG,train.X4\n01855672,500,500,96
n01855672_1780.JPEG,train.X4\n01855672,500,450,96
n01855672_1883.JPEG,train.X4\n01855672,483,500,96
n01855672_2240.JPEG,train.X4\n01855672,500,500,96
n01855672_2356.JPEG,train.X4\n01855672,481,500,96
n01855672_2626.JPEG,train.X4\n01855672,489,500,96
n01855672_2807.JPEG,train.X4\n01855672,500,500,96
n01855672_2910.JPEG,train.X4\n01855672,500,451,96
n01855672_3179.JPEG,train.X4\n01855672,492,500,96
n01855672_3211.JPEG,train.X4\n01855672,500,500,96
n01855672_3338.JPEG,train.X4\n01855672,478,500,96
n01855672_3464.JPEG,train.X4\n01855672,500,500,96
n01855672_3562.JPEG,train.X4\n01855672,500,500,96
n01855672_3808.JPEG,train.X4\n01855672,500,479,96
n01855672_3979.JPEG,train.X4\n01855672,500,498,96
n01855672_4015.JPEG,train.X4\n01855672,500,479,96
n01855672_4116.JPEG,train.X4\n01855672,500,458,96
n01855672_4333.JPEG,train.X4\n01855672,500,460,96
n01855672_4642.JPEG,train.X4\n01855672,500,489,96
n01855672_470.JPEG,train.X4\n01855672,500,484,96
n01855672_4835.JPEG,train.X4\n01855672,499,500,96
n01855672_5020.JPEG,train.X4\n01855672,500,500,96
n01855672_53648.JPEG,train.X4\n01855672,500,500,96
n01855672_5426.JPEG,train.X4\n01855672,500,492,96
n01855672_5916.JPEG,train.X4\n01855672,500,500,96
n01855672_6051.JPEG,train.X4\n01855672,500,457,96
n01855672_6200.JPEG,train.X4\n01855672,476,500,96
n01855672_6400.JPEG,train.X4\n01855672,500,469,96
n01855672_6516.JPEG,train.X4\n01855672,500,500,96
n01855672_6651.JPEG,train.X4\n01855672,500,490,96
n01855672_6865.JPEG,train.X4\n01855672,500,500,96
n01855672_70.JPEG,train.X4\n01855672,458,500,96
n01855672_7066.JPEG,train.X4\n01855672,474,500,96
n01855672_7369.JPEG,train.X4\n01855672,500,484,96
n01855672_7535.JPEG,train.X4\n01855672,500,500,96
n01855672_7560.JPEG,train.X4\n01855672,473,500,96
n01855672_7626.JPEG,train.X4\n01855672,500,500,96
n01855672_7988.JPEG,train.X4\n01855672,500,500,96
n01855672_8361.JPEG,train.X4\n01855672,480,495,96
n01855672_8530.JPEG,train.X4\n01855672,500,456,96
n01855672_8817.JPEG,train.X4\n01855672,500,491,96
n01855672_8898.JPEG,train.X4\n01855672,500,500,96
n01855672_9451.JPEG,train.X4\n01855672,500,500,96
n01855672_9816.JPEG,train.X4\n01855672,500,500,96
n01860187_1012.JPEG,train.X4\n01860187,500,452,96
n01860187_10146.JPEG,train.X4\n01860187,453,500,96
n01860187_10189.JPEG,train.X4\n01860187,500,500,96
n01860187_10260.JPEG,train.X4\n01860187,500,450,96
n01860187_10481.JPEG,train.X4\n01860187,500,469,96
n01860187_1054.JPEG,train.X4\n01860187,500,452,96
n01860187_10591.JPEG,train.X4\n01860187,500,473,96
n01860187_10732.JPEG,train.X4\n01860187,500,480,96
n01860187_10753.JPEG,train.X4\n01860187,500,500,96
n01860187_1091.JPEG,train.X4\n01860187,500,500,96
n01860187_11085.JPEG,train.X4\n01860187,450,500,96
n01860187_1114.JPEG,train.X4\n01860187,500,474,96
n01860187_11163.JPEG,train.X4\n01860187,500,454,96
n01860187_122.JPEG,train.X4\n01860187,500,500,96
n01860187_1240.JPEG,train.X4\n01860187,500,488,96
n01860187_1311.JPEG,train.X4\n01860187,500,500,96
n01860187_132.JPEG,train.X4\n01860187,500,491,96
n01860187_1465.JPEG,train.X4\n01860187,466,500,96
n01860187_15.JPEG,train.X4\n01860187,500,500,96
n01860187_1525.JPEG,train.X4\n01860187,494,500,96
n01860187_1564.JPEG,train.X4\n01860187,460,500,96
n01860187_1595.JPEG,train.X4\n01860187,500,500,96
n01860187_1672.JPEG,train.X4\n01860187,500,451,96
n01860187_1705.JPEG,train.X4\n01860187,466,500,96
n01860187_1718.JPEG,train.X4\n01860187,500,478,96
n01860187_1811.JPEG,train.X4\n01860187,500,500,96
n01860187_1848.JPEG,train.X4\n01860187,500,500,96
n01860187_1893.JPEG,train.X4\n01860187,500,469,96
n01860187_1929.JPEG,train.X4\n01860187,468,500,96
n01860187_1936.JPEG,train.X4\n01860187,500,450,96
n01860187_2200.JPEG,train.X4\n01860187,500,500,96
n01860187_2390.JPEG,train.X4\n01860187,500,455,96
n01860187_2398.JPEG,train.X4\n01860187,500,500,96
n01860187_245.JPEG,train.X4\n01860187,479,500,96
n01860187_2529.JPEG,train.X4\n01860187,500,500,96
n01860187_2609.JPEG,train.X4\n01860187,500,489,96
n01860187_28105.JPEG,train.X4\n01860187,500,500,96
n01860187_2854.JPEG,train.X4\n01860187,500,500,96
n01860187_3161.JPEG,train.X4\n01860187,500,493,96
n01860187_3214.JPEG,train.X4\n01860187,500,500,96
n01860187_327.JPEG,train.X4\n01860187,500,500,96
n01860187_330.JPEG,train.X4\n01860187,500,479,96
n01860187_3473.JPEG,train.X4\n01860187,463,500,96
n01860187_3578.JPEG,train.X4\n01860187,500,489,96
n01860187_3710.JPEG,train.X4\n01860187,500,498,96
n01860187_4010.JPEG,train.X4\n01860187,500,500,96
n01860187_418.JPEG,train.X4\n01860187,478,500,96
n01860187_4464.JPEG,train.X4\n01860187,500,468,96
n01860187_466.JPEG,train.X4\n01860187,500,468,96
n01860187_6049.JPEG,train.X4\n01860187,462,500,96
n01860187_610.JPEG,train.X4\n01860187,500,500,96
n01860187_6134.JPEG,train.X4\n01860187,500,458,96
n01860187_6171.JPEG,train.X4\n01860187,500,455,96
n01860187_619.JPEG,train.X4\n01860187,500,500,96
n01860187_6295.JPEG,train.X4\n01860187,500,500,96
n01860187_7329.JPEG,train.X4\n01860187,468,500,96
n01860187_745.JPEG,train.X4\n01860187,500,495,96
n01860187_788.JPEG,train.X4\n01860187,500,500,96
n01860187_811.JPEG,train.X4\n01860187,500,498,96
n01860187_843.JPEG,train.X4\n01860187,500,470,96
n01860187_8433.JPEG,train.X4\n01860187,454,500,96
n01860187_904.JPEG,train.X4\n01860187,500,457,96
n01860187_942.JPEG,train.X4\n01860187,500,460,96
n01860187_9426.JPEG,train.X4\n01860187,500,450,96
n01877812_1051.JPEG,train.X4\n01877812,500,457,96
n01877812_10723.JPEG,train.X4\n01877812,500,500,96
n01877812_1093.JPEG,train.X4\n01877812,486,500,96
n01877812_1101.JPEG,train.X4\n01877812,475,500,96
n01877812_11079.JPEG,train.X4\n01877812,500,498,96
n01877812_11130.JPEG,train.X4\n01877812,500,498,96
n01877812_11850.JPEG,train.X4\n01877812,459,500,96
n01877812_11982.JPEG,train.X4\n01877812,486,500,96
n01877812_1248.JPEG,train.X4\n01877812,477,500,96
n01877812_1543.JPEG,train.X4\n01877812,500,480,96
n01877812_1562.JPEG,train.X4\n01877812,500,450,96
n01877812_245.JPEG,train.X4\n01877812,500,495,96
n01877812_2676.JPEG,train.X4\n01877812,482,500,96
n01877812_3005.JPEG,train.X4\n01877812,490,500,96
n01877812_3370.JPEG,train.X4\n01877812,474,500,96
n01877812_3704.JPEG,train.X4\n01877812,500,500,96
n01877812_3720.JPEG,train.X4\n01877812,476,500,96
n01877812_3795.JPEG,train.X4\n01877812,496,500,96
n01877812_3847.JPEG,train.X4\n01877812,456,500,96
n01877812_4047.JPEG,train.X4\n01877812,499,500,96
n01877812_4181.JPEG,train.X4\n01877812,500,455,96
n01877812_4715.JPEG,train.X4\n01877812,500,462,96
n01877812_4962.JPEG,train.X4\n01877812,452,500,96
n01877812_5242.JPEG,train.X4\n01877812,500,471,96
n01877812_530.JPEG,train.X4\n01877812,486,500,96
n01877812_583.JPEG,train.X4\n01877812,500,500,96
n01877812_645.JPEG,train.X4\n01877812,486,500,96
n01877812_652.JPEG,train.X4\n01877812,500,500,96
n01877812_7544.JPEG,train.X4\n01877812,500,451,96
n01877812_7865.JPEG,train.X4\n01877812,492,500,96
n01877812_8005.JPEG,train.X4\n01877812,500,495,96
n01877812_8107.JPEG,train.X4\n01877812,493,500,96
n01877812_8145.JPEG,train.X4\n01877812,471,500,96
n01877812_8462.JPEG,train.X4\n01877812,500,500,96
n01877812_8678.JPEG,train.X4\n01877812,500,500,96
n01877812_9746.JPEG,train.X4\n01877812,470,500,96
n01877812_9780.JPEG,train.X4\n01877812,500,500,96
n01877812_9889.JPEG,train.X4\n01877812,500,462,96
n01910747_12320.JPEG,train.X4\n01910747,500,500,96
n01910747_1392.JPEG,train.X4\n01910747,480,478,96
n01910747_1435.JPEG,train.X4\n01910747,464,500,96
n01910747_16182.JPEG,train.X4\n01910747,462,500,96
n01910747_1702.JPEG,train.X4\n01910747,500,487,96
n01910747_1927.JPEG,train.X4\n01910747,500,500,96
n01910747_1936.JPEG,train.X4\n01910747,500,500,96
n01910747_2007.JPEG,train.X4\n01910747,500,500,96
n01910747_2201.JPEG,train.X4\n01910747,500,489,96
n01910747_270.JPEG,train.X4\n01910747,500,500,96
n01910747_2940.JPEG,train.X4\n01910747,500,500,96
n01910747_2977.JPEG,train.X4\n01910747,500,452,96
n01910747_3140.JPEG,train.X4\n01910747,500,500,96
n01910747_3528.JPEG,train.X4\n01910747,500,500,96
n01910747_3541.JPEG,train.X4\n01910747,500,500,96
n01910747_3544.JPEG,train.X4\n01910747,500,500,96
n01910747_690.JPEG,train.X4\n01910747,453,453,96
n01910747_751.JPEG,train.X4\n01910747,500,450,96
n01910747_9714.JPEG,train.X4\n01910747,490,500,96
n01943899_11982.JPEG,train.X4\n01943899,485,500,96
n01943899_12717.JPEG,train.X4\n01943899,500,459,96
n01943899_12965.JPEG,train.X4\n01943899,500,500,96
n01943899_14540.JPEG,train.X4\n01943899,500,454,96
n01943899_15026.JPEG,train.X4\n01943899,500,491,96
n01943899_15569.JPEG,train.X4\n01943899,491,500,96
n01943899_15897.JPEG,train.X4\n01943899,458,500,96
n01943899_16005.JPEG,train.X4\n01943899,500,468,96
n01943899_16061.JPEG,train.X4\n01943899,488,500,96
n01943899_16122.JPEG,train.X4\n01943899,499,500,96
n01943899_16917.JPEG,train.X4\n01943899,500,477,96
n01943899_19597.JPEG,train.X4\n01943899,500,500,96
n01943899_19896.JPEG,train.X4\n01943899,500,500,96
n01943899_20134.JPEG,train.X4\n01943899,500,500,96
n01943899_20449.JPEG,train.X4\n01943899,500,481,96
n01943899_20519.JPEG,train.X4\n01943899,500,466,96
n01943899_20893.JPEG,train.X4\n01943899,477,500,96
n01943899_21188.JPEG,train.X4\n01943899,495,500,96
n01943899_21212.JPEG,train.X4\n01943899,450,500,96
n01943899_21325.JPEG,train.X4\n01943899,500,498,96
n01943899_23259.JPEG,train.X4\n01943899,463,458,96
n01943899_23813.JPEG,train.X4\n01943899,500,500,96
n01943899_2559.JPEG,train.X4\n01943899,500,500,96
n01943899_2570.JPEG,train.X4\n01943899,500,500,96
n01943899_26234.JPEG,train.X4\n01943899,500,492,96
n01943899_2736.JPEG,train.X4\n01943899,475,500,96
n01943899_28404.JPEG,train.X4\n01943899,500,458,96
n01943899_30351.JPEG,train.X4\n01943899,497,500,96
n01943899_30428.JPEG,train.X4\n01943899,500,500,96
n01943899_31113.JPEG,train.X4\n01943899,486,500,96
n01943899_31390.JPEG,train.X4\n01943899,490,500,96
n01943899_34224.JPEG,train.X4\n01943899,500,456,96
n01943899_4184.JPEG,train.X4\n01943899,500,462,96
n01943899_453.JPEG,train.X4\n01943899,500,500,96
n01943899_6935.JPEG,train.X4\n01943899,459,500,96
n01943899_7957.JPEG,train.X4\n01943899,500,494,96
n01978287_12062.JPEG,train.X4\n01978287,472,500,96
n01978287_1458.JPEG,train.X4\n01978287,500,454,96
n01978287_2006.JPEG,train.X4\n01978287,500,500,96
n01978287_2042.JPEG,train.X4\n01978287,500,493,96
n01978287_2902.JPEG,train.X4\n01978287,500,500,96
n01978287_3264.JPEG,train.X4\n01978287,500,500,96
n01978287_4209.JPEG,train.X4\n01978287,500,484,96
n01978287_4512.JPEG,train.X4\n01978287,500,498,96
n01978287_4629.JPEG,train.X4\n01978287,471,500,96
n01978287_6155.JPEG,train.X4\n01978287,472,500,96
n01978287_6269.JPEG,train.X4\n01978287,500,497,96
n01978287_9936.JPEG,train.X4\n01978287,500,500,96
n01985128_10510.JPEG,train.X4\n01985128,483,500,96
n01985128_11188.JPEG,train.X4\n01985128,500,478,96
n01985128_12937.JPEG,train.X4\n01985128,500,500,96
n01985128_13725.JPEG,train.X4\n01985128,471,500,96
n01985128_14037.JPEG,train.X4\n01985128,500,450,96
n01985128_15344.JPEG,train.X4\n01985128,468,500,96
n01985128_16296.JPEG,train.X4\n01985128,500,500,96
n01985128_16344.JPEG,train.X4\n01985128,492,500,96
n01985128_18886.JPEG,train.X4\n01985128,479,500,96
n01985128_19116.JPEG,train.X4\n01985128,485,500,96
n01985128_19222.JPEG,train.X4\n01985128,493,500,96
n01985128_19600.JPEG,train.X4\n01985128,500,500,96
n01985128_19742.JPEG,train.X4\n01985128,500,500,96
n01985128_20036.JPEG,train.X4\n01985128,480,480,96
n01985128_20665.JPEG,train.X4\n01985128,455,500,96
n01985128_24196.JPEG,train.X4\n01985128,488,500,96
n01985128_24234.JPEG,train.X4\n01985128,500,500,96
n01985128_26095.JPEG,train.X4\n01985128,500,485,96
n01985128_26546.JPEG,train.X4\n01985128,500,452,96
n01985128_27560.JPEG,train.X4\n01985128,500,500,96
n01985128_28704.JPEG,train.X4\n01985128,487,500,96
n01985128_28838.JPEG,train.X4\n01985128,485,500,96
n01985128_29193.JPEG,train.X4\n01985128,500,500,96
n01985128_4136.JPEG,train.X4\n01985128,489,500,96
n01985128_5013.JPEG,train.X4\n01985128,500,500,96
n01985128_5070.JPEG,train.X4\n01985128,500,494,96
n01985128_52572.JPEG,train.X4\n01985128,500,500,96
n01985128_52866.JPEG,train.X4\n01985128,500,476,96
n01985128_583.JPEG,train.X4\n01985128,500,471,96
n01985128_6357.JPEG,train.X4\n01985128,473,500,96
n01985128_6827.JPEG,train.X4\n01985128,500,500,96
n01985128_8754.JPEG,train.X4\n01985128,474,500,96
n01986214_10469.JPEG,train.X4\n01986214,500,456,96
n01986214_10498.JPEG,train.X4\n01986214,500,464,96
n01986214_10785.JPEG,train.X4\n01986214,500,476,96
n01986214_11080.JPEG,train.X4\n01986214,500,480,96
n01986214_11809.JPEG,train.X4\n01986214,500,467,96
n01986214_12023.JPEG,train.X4\n01986214,479,500,96
n01986214_1208.JPEG,train.X4\n01986214,500,469,96
n01986214_12206.JPEG,train.X4\n01986214,494,500,96
n01986214_12376.JPEG,train.X4\n01986214,460,500,96
n01986214_12383.JPEG,train.X4\n01986214,500,485,96
n01986214_12662.JPEG,train.X4\n01986214,473,500,96
n01986214_12988.JPEG,train.X4\n01986214,500,492,96
n01986214_13082.JPEG,train.X4\n01986214,484,500,96
n01986214_13098.JPEG,train.X4\n01986214,457,500,96
n01986214_13155.JPEG,train.X4\n01986214,500,500,96
n01986214_13754.JPEG,train.X4\n01986214,455,500,96
n01986214_13831.JPEG,train.X4\n01986214,500,500,96
n01986214_14578.JPEG,train.X4\n01986214,500,479,96
n01986214_15494.JPEG,train.X4\n01986214,454,500,96
n01986214_15721.JPEG,train.X4\n01986214,497,500,96
n01986214_15724.JPEG,train.X4\n01986214,500,493,96
n01986214_15890.JPEG,train.X4\n01986214,500,457,96
n01986214_15892.JPEG,train.X4\n01986214,500,464,96
n01986214_160.JPEG,train.X4\n01986214,500,500,96
n01986214_16261.JPEG,train.X4\n01986214,484,500,96
n01986214_17627.JPEG,train.X4\n01986214,500,458,96
n01986214_17652.JPEG,train.X4\n01986214,500,500,96
n01986214_18190.JPEG,train.X4\n01986214,471,500,96
n01986214_18357.JPEG,train.X4\n01986214,500,478,96
n01986214_18927.JPEG,train.X4\n01986214,500,489,96
n01986214_20065.JPEG,train.X4\n01986214,500,500,96
n01986214_21708.JPEG,train.X4\n01986214,500,468,96
n01986214_24017.JPEG,train.X4\n01986214,459,500,96
n01986214_24385.JPEG,train.X4\n01986214,500,491,96
n01986214_2473.JPEG,train.X4\n01986214,500,482,96
n01986214_2990.JPEG,train.X4\n01986214,500,500,96
n01986214_3600.JPEG,train.X4\n01986214,500,463,96
n01986214_3603.JPEG,train.X4\n01986214,500,500,96
n01986214_3775.JPEG,train.X4\n01986214,500,500,96
n01986214_3970.JPEG,train.X4\n01986214,490,500,96
n01986214_4141.JPEG,train.X4\n01986214,500,500,96
n01986214_4208.JPEG,train.X4\n01986214,500,479,96
n01986214_4280.JPEG,train.X4\n01986214,500,500,96
n01986214_4745.JPEG,train.X4\n01986214,500,475,96
n01986214_4769.JPEG,train.X4\n01986214,500,500,96
n01986214_4846.JPEG,train.X4\n01986214,500,468,96
n01986214_5378.JPEG,train.X4\n01986214,500,500,96
n01986214_5409.JPEG,train.X4\n01986214,500,498,96
n01986214_5508.JPEG,train.X4\n01986214,500,470,96
n01986214_8051.JPEG,train.X4\n01986214,500,457,96
n01986214_8324.JPEG,train.X4\n01986214,500,500,96
n01986214_9106.JPEG,train.X4\n01986214,500,498,96
n01986214_9494.JPEG,train.X4\n01986214,500,460,96
n01986214_9543.JPEG,train.X4\n01986214,457,500,96
n01986214_9877.JPEG,train.X4\n01986214,492,452,96
n01986214_9886.JPEG,train.X4\n01986214,500,467,96
n01986214_9931.JPEG,train.X4\n01986214,500,500,96
n02051845_11035.JPEG,train.X4\n02051845,500,500,96
n02051845_11046.JPEG,train.X4\n02051845,500,466,96
n02051845_11207.JPEG,train.X4\n02051845,478,500,96
n02051845_11774.JPEG,train.X4\n02051845,500,486,96
n02051845_12191.JPEG,train.X4\n02051845,457,500,96
n02051845_12517.JPEG,train.X4\n02051845,500,500,96
n02051845_12572.JPEG,train.X4\n02051845,500,461,96
n02051845_13495.JPEG,train.X4\n02051845,500,498,96
n02051845_13736.JPEG,train.X4\n02051845,475,500,96
n02051845_13755.JPEG,train.X4\n02051845,500,500,96
n02051845_14591.JPEG,train.X4\n02051845,450,500,96
n02051845_14866.JPEG,train.X4\n02051845,473,500,96
n02051845_14933.JPEG,train.X4\n02051845,474,500,96
n02051845_14996.JPEG,train.X4\n02051845,500,500,96
n02051845_15785.JPEG,train.X4\n02051845,477,500,96
n02051845_158.JPEG,train.X4\n02051845,478,500,96
n02051845_16012.JPEG,train.X4\n02051845,500,473,96
n02051845_1614.JPEG,train.X4\n02051845,500,477,96
n02051845_1656.JPEG,train.X4\n02051845,500,469,96
n02051845_1840.JPEG,train.X4\n02051845,500,500,96
n02051845_2092.JPEG,train.X4\n02051845,500,475,96
n02051845_2109.JPEG,train.X4\n02051845,500,476,96
n02051845_2422.JPEG,train.X4\n02051845,500,500,96
n02051845_2813.JPEG,train.X4\n02051845,500,500,96
n02051845_2856.JPEG,train.X4\n02051845,481,500,96
n02051845_3687.JPEG,train.X4\n02051845,451,500,96
n02051845_3709.JPEG,train.X4\n02051845,500,486,96
n02051845_4728.JPEG,train.X4\n02051845,452,500,96
n02051845_4792.JPEG,train.X4\n02051845,461,500,96
n02051845_4830.JPEG,train.X4\n02051845,478,500,96
n02051845_5167.JPEG,train.X4\n02051845,500,464,96
n02051845_5327.JPEG,train.X4\n02051845,500,461,96
n02051845_5641.JPEG,train.X4\n02051845,482,500,96
n02051845_5806.JPEG,train.X4\n02051845,473,500,96
n02051845_63.JPEG,train.X4\n02051845,500,497,96
n02051845_695.JPEG,train.X4\n02051845,500,489,96
n02051845_736.JPEG,train.X4\n02051845,451,500,96
n02051845_7566.JPEG,train.X4\n02051845,500,489,96
n02051845_7660.JPEG,train.X4\n02051845,500,500,96
n02051845_7926.JPEG,train.X4\n02051845,500,500,96
n02051845_8136.JPEG,train.X4\n02051845,500,468,96
n02051845_8184.JPEG,train.X4\n02051845,459,500,96
n02051845_8202.JPEG,train.X4\n02051845,500,500,96
n02051845_8990.JPEG,train.X4\n02051845,500,486,96
n02051845_8991.JPEG,train.X4\n02051845,500,500,96
n02051845_9057.JPEG,train.X4\n02051845,500,450,96
n02051845_9277.JPEG,train.X4\n02051845,500,484,96
n02051845_9348.JPEG,train.X4\n02051845,500,470,96
n02051845_9669.JPEG,train.X4\n02051845,493,500,96
n01498041_10701.JPEG,train.X3\n01498041,489,500,96
n01498041_1087.JPEG,train.X3\n01498041,500,451,96
n01498041_11710.JPEG,train.X3\n01498041,490,500,96
n01498041_1228.JPEG,train.X3\n01498041,500,500,96
n01498041_12773.JPEG,train.X3\n01498041,500,474,96
n01498041_12830.JPEG,train.X3\n01498041,500,481,96
n01498041_13381.JPEG,train.X3\n01498041,457,480,96
n01498041_21945.JPEG,train.X3\n01498041,463,500,96
n01498041_22711.JPEG,train.X3\n01498041,500,494,96
n01498041_22996.JPEG,train.X3\n01498041,500,500,96
n01498041_4417.JPEG,train.X3\n01498041,500,496,96
n01498041_5575.JPEG,train.X3\n01498041,500,454,96
n01498041_7049.JPEG,train.X3\n01498041,500,457,96
n01498041_7435.JPEG,train.X3\n01498041,495,500,96
n01498041_9135.JPEG,train.X3\n01498041,451,500,96
n01498041_928.JPEG,train.X3\n01498041,500,500,96
n01560419_1059.JPEG,train.X3\n01560419,488,500,96
n01560419_1316.JPEG,train.X3\n01560419,500,477,96
n01560419_1342.JPEG,train.X3\n01560419,491,500,96
n01560419_138.JPEG,train.X3\n01560419,500,475,96
n01560419_1476.JPEG,train.X3\n01560419,500,484,96
n01560419_1494.JPEG,train.X3\n01560419,484,500,96
n01560419_1817.JPEG,train.X3\n01560419,473,500,96
n01560419_2105.JPEG,train.X3\n01560419,478,500,96
n01560419_2291.JPEG,train.X3\n01560419,496,500,96
n01560419_2308.JPEG,train.X3\n01560419,500,470,96
n01560419_2326.JPEG,train.X3\n01560419,500,488,96
n01560419_2363.JPEG,train.X3\n01560419,500,479,96
n01560419_2491.JPEG,train.X3\n01560419,500,469,96
n01560419_2529.JPEG,train.X3\n01560419,483,500,96
n01560419_2648.JPEG,train.X3\n01560419,500,500,96
n01560419_2770.JPEG,train.X3\n01560419,479,500,96
n01560419_2794.JPEG,train.X3\n01560419,454,500,96
n01560419_2815.JPEG,train.X3\n01560419,480,500,96
n01560419_2894.JPEG,train.X3\n01560419,457,500,96
n01560419_294.JPEG,train.X3\n01560419,500,465,96
n01560419_2959.JPEG,train.X3\n01560419,459,500,96
n01560419_3108.JPEG,train.X3\n01560419,496,500,96
n01560419_3272.JPEG,train.X3\n01560419,500,467,96
n01560419_3575.JPEG,train.X3\n01560419,452,500,96
n01560419_3630.JPEG,train.X3\n01560419,475,500,96
n01560419_3631.JPEG,train.X3\n01560419,473,500,96
n01560419_4401.JPEG,train.X3\n01560419,500,452,96
n01560419_4684.JPEG,train.X3\n01560419,477,500,96
n01560419_4804.JPEG,train.X3\n01560419,500,471,96
n01560419_486.JPEG,train.X3\n01560419,500,478,96
n01560419_4903.JPEG,train.X3\n01560419,500,492,96
n01560419_5045.JPEG,train.X3\n01560419,500,463,96
n01560419_5219.JPEG,train.X3\n01560419,500,486,96
n01560419_5279.JPEG,train.X3\n01560419,500,500,96
n01560419_5558.JPEG,train.X3\n01560419,500,451,96
n01560419_6161.JPEG,train.X3\n01560419,487,500,96
n01560419_6181.JPEG,train.X3\n01560419,465,500,96
n01560419_6203.JPEG,train.X3\n01560419,457,500,96
n01560419_6258.JPEG,train.X3\n01560419,456,500,96
n01560419_631.JPEG,train.X3\n01560419,500,463,96
n01560419_6573.JPEG,train.X3\n01560419,457,500,96
n01560419_667.JPEG,train.X3\n01560419,500,499,96
n01560419_6737.JPEG,train.X3\n01560419,500,473,96
n01560419_6797.JPEG,train.X3\n01560419,500,470,96
n01560419_6875.JPEG,train.X3\n01560419,490,500,96
n01560419_6885.JPEG,train.X3\n01560419,455,500,96
n01560419_7386.JPEG,train.X3\n01560419,500,476,96
n01560419_771.JPEG,train.X3\n01560419,500,487,96
n01560419_776.JPEG,train.X3\n01560419,500,500,96
n01560419_7851.JPEG,train.X3\n01560419,474,500,96
n01560419_7997.JPEG,train.X3\n01560419,461,500,96
n01560419_8094.JPEG,train.X3\n01560419,500,459,96
n01560419_8318.JPEG,train.X3\n01560419,500,467,96
n01560419_863.JPEG,train.X3\n01560419,500,461,96
n01560419_9017.JPEG,train.X3\n01560419,500,488,96
n01560419_9026.JPEG,train.X3\n01560419,500,496,96
n01560419_9125.JPEG,train.X3\n01560419,500,464,96
n01560419_9140.JPEG,train.X3\n01560419,500,478,96
n01560419_9250.JPEG,train.X3\n01560419,500,500,96
n01560419_9260.JPEG,train.X3\n01560419,496,495,96
n01582220_10042.JPEG,train.X3\n01582220,500,500,96
n01582220_10072.JPEG,train.X3\n01582220,500,500,96
n01582220_10158.JPEG,train.X3\n01582220,500,500,96
n01582220_10245.JPEG,train.X3\n01582220,500,494,96
n01582220_10254.JPEG,train.X3\n01582220,500,500,96
n01582220_10405.JPEG,train.X3\n01582220,500,457,96
n01582220_10652.JPEG,train.X3\n01582220,500,500,96
n01582220_10843.JPEG,train.X3\n01582220,474,500,96
n01582220_11065.JPEG,train.X3\n01582220,500,485,96
n01582220_11301.JPEG,train.X3\n01582220,500,498,96
n01582220_11326.JPEG,train.X3\n01582220,500,500,96
n01582220_1140.JPEG,train.X3\n01582220,500,500,96
n01582220_11503.JPEG,train.X3\n01582220,500,484,96
n01582220_120.JPEG,train.X3\n01582220,474,500,96
n01582220_1475.JPEG,train.X3\n01582220,500,500,96
n01582220_1586.JPEG,train.X3\n01582220,485,485,96
n01582220_1930.JPEG,train.X3\n01582220,500,476,96
n01582220_2091.JPEG,train.X3\n01582220,500,500,96
n01582220_2395.JPEG,train.X3\n01582220,500,488,96
n01582220_2396.JPEG,train.X3\n01582220,500,500,96
n01582220_241.JPEG,train.X3\n01582220,500,451,96
n01582220_2424.JPEG,train.X3\n01582220,500,496,96
n01582220_2520.JPEG,train.X3\n01582220,500,500,96
n01582220_2756.JPEG,train.X3\n01582220,498,500,96
n01582220_2802.JPEG,train.X3\n01582220,487,500,96
n01582220_2867.JPEG,train.X3\n01582220,500,454,96
n01582220_298.JPEG,train.X3\n01582220,468,500,96
n01582220_3011.JPEG,train.X3\n01582220,476,500,96
n01582220_3174.JPEG,train.X3\n01582220,500,461,96
n01582220_3179.JPEG,train.X3\n01582220,500,500,96
n01582220_3449.JPEG,train.X3\n01582220,500,452,96
n01582220_3575.JPEG,train.X3\n01582220,500,470,96
n01582220_3634.JPEG,train.X3\n01582220,500,500,96
n01582220_3645.JPEG,train.X3\n01582220,500,494,96
n01582220_3659.JPEG,train.X3\n01582220,500,470,96
n01582220_3728.JPEG,train.X3\n01582220,500,489,96
n01582220_3885.JPEG,train.X3\n01582220,500,500,96
n01582220_3932.JPEG,train.X3\n01582220,500,483,96
n01582220_4248.JPEG,train.X3\n01582220,500,474,96
n01582220_4262.JPEG,train.X3\n01582220,500,500,96
n01582220_4281.JPEG,train.X3\n01582220,488,500,96
n01582220_4283.JPEG,train.X3\n01582220,500,499,96
n01582220_4362.JPEG,train.X3\n01582220,500,500,96
n01582220_4420.JPEG,train.X3\n01582220,500,459,96
n01582220_4804.JPEG,train.X3\n01582220,500,500,96
n01582220_4912.JPEG,train.X3\n01582220,467,500,96
n01582220_4962.JPEG,train.X3\n01582220,500,500,96
n01582220_5044.JPEG,train.X3\n01582220,500,491,96
n01582220_5083.JPEG,train.X3\n01582220,500,492,96
n01582220_5162.JPEG,train.X3\n01582220,500,491,96
n01582220_5239.JPEG,train.X3\n01582220,500,500,96
n01582220_5268.JPEG,train.X3\n01582220,500,463,96
n01582220_5417.JPEG,train.X3\n01582220,500,500,96
n01582220_565.JPEG,train.X3\n01582220,477,477,96
n01582220_573.JPEG,train.X3\n01582220,500,500,96
n01582220_5746.JPEG,train.X3\n01582220,500,453,96
n01582220_5757.JPEG,train.X3\n01582220,453,500,96
n01582220_5766.JPEG,train.X3\n01582220,498,500,96
n01582220_5775.JPEG,train.X3\n01582220,500,456,96
n01582220_5803.JPEG,train.X3\n01582220,468,500,96
n01582220_5970.JPEG,train.X3\n01582220,500,500,96
n01582220_6015.JPEG,train.X3\n01582220,500,450,96
n01582220_6039.JPEG,train.X3\n01582220,500,500,96
n01582220_6143.JPEG,train.X3\n01582220,500,487,96
n01582220_6240.JPEG,train.X3\n01582220,500,454,96
n01582220_625.JPEG,train.X3\n01582220,500,496,96
n01582220_6554.JPEG,train.X3\n01582220,462,500,96
n01582220_6793.JPEG,train.X3\n01582220,500,454,96
n01582220_684.JPEG,train.X3\n01582220,500,490,96
n01582220_6914.JPEG,train.X3\n01582220,461,500,96
n01582220_698.JPEG,train.X3\n01582220,500,475,96
n01582220_703.JPEG,train.X3\n01582220,500,500,96
n01582220_726.JPEG,train.X3\n01582220,500,500,96
n01582220_7336.JPEG,train.X3\n01582220,459,500,96
n01582220_7407.JPEG,train.X3\n01582220,500,462,96
n01582220_7429.JPEG,train.X3\n01582220,500,500,96
n01582220_7477.JPEG,train.X3\n01582220,500,500,96
n01582220_7768.JPEG,train.X3\n01582220,500,500,96
n01582220_8075.JPEG,train.X3\n01582220,500,471,96
n01582220_8379.JPEG,train.X3\n01582220,500,500,96
n01582220_8400.JPEG,train.X3\n01582220,493,499,96
n01582220_8445.JPEG,train.X3\n01582220,489,500,96
n01582220_8699.JPEG,train.X3\n01582220,500,500,96
n01582220_8796.JPEG,train.X3\n01582220,500,457,96
n01582220_8827.JPEG,train.X3\n01582220,500,500,96
n01582220_9074.JPEG,train.X3\n01582220,466,500,96
n01582220_9090.JPEG,train.X3\n01582220,463,500,96
n01582220_9259.JPEG,train.X3\n01582220,481,500,96
n01582220_9393.JPEG,train.X3\n01582220,486,500,96
n01582220_9424.JPEG,train.X3\n01582220,500,450,96
n01582220_9649.JPEG,train.X3\n01582220,500,500,96
n01582220_9667.JPEG,train.X3\n01582220,500,500,96
n01582220_9874.JPEG,train.X3\n01582220,459,500,96
n01601694_10142.JPEG,train.X3\n01601694,500,453,96
n01601694_10357.JPEG,train.X3\n01601694,500,500,96
n01601694_1077.JPEG,train.X3\n01601694,500,500,96
n01601694_10984.JPEG,train.X3\n01601694,500,452,96
n01601694_11150.JPEG,train.X3\n01601694,500,500,96
n01601694_11627.JPEG,train.X3\n01601694,468,500,96
n01601694_11700.JPEG,train.X3\n01601694,500,500,96
n01601694_11759.JPEG,train.X3\n01601694,500,500,96
n01601694_12156.JPEG,train.X3\n01601694,500,457,96
n01601694_12257.JPEG,train.X3\n01601694,500,485,96
n01601694_12326.JPEG,train.X3\n01601694,500,481,96
n01601694_12844.JPEG,train.X3\n01601694,500,469,96
n01601694_12970.JPEG,train.X3\n01601694,500,470,96
n01601694_1589.JPEG,train.X3\n01601694,500,500,96
n01601694_1816.JPEG,train.X3\n01601694,500,488,96
n01601694_1999.JPEG,train.X3\n01601694,466,500,96
n01601694_207.JPEG,train.X3\n01601694,500,452,96
n01601694_2516.JPEG,train.X3\n01601694,475,500,96
n01601694_3291.JPEG,train.X3\n01601694,500,460,96
n01601694_4035.JPEG,train.X3\n01601694,492,500,96
n01601694_4289.JPEG,train.X3\n01601694,466,500,96
n01601694_4314.JPEG,train.X3\n01601694,500,500,96
n01601694_4402.JPEG,train.X3\n01601694,500,466,96
n01601694_7550.JPEG,train.X3\n01601694,500,500,96
n01601694_7637.JPEG,train.X3\n01601694,457,500,96
n01601694_7879.JPEG,train.X3\n01601694,500,500,96
n01601694_8694.JPEG,train.X3\n01601694,464,500,96
n01601694_942.JPEG,train.X3\n01601694,500,490,96
n01601694_9862.JPEG,train.X3\n01601694,473,500,96
n01614925_10337.JPEG,train.X3\n01614925,500,462,96
n01614925_10649.JPEG,train.X3\n01614925,472,500,96
n01614925_1136.JPEG,train.X3\n01614925,500,500,96
n01614925_11396.JPEG,train.X3\n01614925,500,500,96
n01614925_11469.JPEG,train.X3\n01614925,500,486,96
n01614925_11482.JPEG,train.X3\n01614925,500,492,96
n01614925_1200.JPEG,train.X3\n01614925,476,500,96
n01614925_1259.JPEG,train.X3\n01614925,500,500,96
n01614925_126.JPEG,train.X3\n01614925,500,485,96
n01614925_12622.JPEG,train.X3\n01614925,481,500,96
n01614925_12768.JPEG,train.X3\n01614925,500,452,96
n01614925_1314.JPEG,train.X3\n01614925,500,500,96
n01614925_13615.JPEG,train.X3\n01614925,468,500,96
n01614925_137.JPEG,train.X3\n01614925,500,488,96
n01614925_14120.JPEG,train.X3\n01614925,500,500,96
n01614925_14208.JPEG,train.X3\n01614925,500,490,96
n01614925_14492.JPEG,train.X3\n01614925,500,480,96
n01614925_1517.JPEG,train.X3\n01614925,500,454,96
n01614925_1524.JPEG,train.X3\n01614925,500,500,96
n01614925_1566.JPEG,train.X3\n01614925,500,498,96
n01614925_15940.JPEG,train.X3\n01614925,500,500,96
n01614925_16164.JPEG,train.X3\n01614925,500,497,96
n01614925_16359.JPEG,train.X3\n01614925,500,500,96
n01614925_1639.JPEG,train.X3\n01614925,500,476,96
n01614925_16511.JPEG,train.X3\n01614925,459,500,96
n01614925_1657.JPEG,train.X3\n01614925,472,500,96
n01614925_1659.JPEG,train.X3\n01614925,500,500,96
n01614925_1683.JPEG,train.X3\n01614925,500,487,96
n01614925_1720.JPEG,train.X3\n01614925,472,500,96
n01614925_17243.JPEG,train.X3\n01614925,453,500,96
n01614925_17298.JPEG,train.X3\n01614925,500,496,96
n01614925_1785.JPEG,train.X3\n01614925,467,500,96
n01614925_17877.JPEG,train.X3\n01614925,500,500,96
n01614925_18004.JPEG,train.X3\n01614925,500,455,96
n01614925_18061.JPEG,train.X3\n01614925,500,452,96
n01614925_1816.JPEG,train.X3\n01614925,500,500,96
n01614925_18375.JPEG,train.X3\n01614925,500,463,96
n01614925_18658.JPEG,train.X3\n01614925,500,500,96
n01614925_1868.JPEG,train.X3\n01614925,498,500,96
n01614925_191.JPEG,train.X3\n01614925,452,500,96
n01614925_1943.JPEG,train.X3\n01614925,499,500,96
n01614925_1970.JPEG,train.X3\n01614925,464,500,96
n01614925_1980.JPEG,train.X3\n01614925,500,479,96
n01614925_2023.JPEG,train.X3\n01614925,500,500,96
n01614925_2044.JPEG,train.X3\n01614925,500,500,96
n01614925_2052.JPEG,train.X3\n01614925,500,486,96
n01614925_2084.JPEG,train.X3\n01614925,459,500,96
n01614925_2118.JPEG,train.X3\n01614925,498,500,96
n01614925_2195.JPEG,train.X3\n01614925,500,500,96
n01614925_2199.JPEG,train.X3\n01614925,500,500,96
n01614925_221.JPEG,train.X3\n01614925,500,499,96
n01614925_2381.JPEG,train.X3\n01614925,500,481,96
n01614925_2422.JPEG,train.X3\n01614925,496,500,96
n01614925_2443.JPEG,train.X3\n01614925,469,500,96
n01614925_2463.JPEG,train.X3\n01614925,500,494,96
n01614925_2578.JPEG,train.X3\n01614925,493,500,96
n01614925_2684.JPEG,train.X3\n01614925,500,500,96
n01614925_2765.JPEG,train.X3\n01614925,500,466,96
n01614925_2825.JPEG,train.X3\n01614925,500,499,96
n01614925_2843.JPEG,train.X3\n01614925,478,500,96
n01614925_2847.JPEG,train.X3\n01614925,500,489,96
n01614925_2866.JPEG,train.X3\n01614925,500,457,96
n01614925_2904.JPEG,train.X3\n01614925,500,456,96
n01614925_3030.JPEG,train.X3\n01614925,500,500,96
n01614925_305.JPEG,train.X3\n01614925,500,500,96
n01614925_3110.JPEG,train.X3\n01614925,500,468,96
n01614925_3160.JPEG,train.X3\n01614925,500,451,96
n01614925_3246.JPEG,train.X3\n01614925,472,500,96
n01614925_3300.JPEG,train.X3\n01614925,474,500,96
n01614925_3303.JPEG,train.X3\n01614925,457,500,96
n01614925_3496.JPEG,train.X3\n01614925,456,500,96
n01614925_3506.JPEG,train.X3\n01614925,500,485,96
n01614925_3547.JPEG,train.X3\n01614925,500,482,96
n01614925_3557.JPEG,train.X3\n01614925,500,453,96
n01614925_3597.JPEG,train.X3\n01614925,500,500,96
n01614925_3647.JPEG,train.X3\n01614925,500,500,96
n01614925_3691.JPEG,train.X3\n01614925,499,500,96
n01614925_3738.JPEG,train.X3\n01614925,493,500,96
n01614925_3769.JPEG,train.X3\n01614925,500,497,96
n01614925_3867.JPEG,train.X3\n01614925,500,500,96
n01614925_3933.JPEG,train.X3\n01614925,500,483,96
n01614925_4021.JPEG,train.X3\n01614925,500,474,96
n01614925_407.JPEG,train.X3\n01614925,500,494,96
n01614925_4148.JPEG,train.X3\n01614925,499,500,96
n01614925_4274.JPEG,train.X3\n01614925,500,500,96
n01614925_4308.JPEG,train.X3\n01614925,500,483,96
n01614925_4309.JPEG,train.X3\n01614925,500,453,96
n01614925_4497.JPEG,train.X3\n01614925,467,500,96
n01614925_4662.JPEG,train.X3\n01614925,500,464,96
n01614925_4730.JPEG,train.X3\n01614925,456,500,96
n01614925_4797.JPEG,train.X3\n01614925,500,469,96
n01614925_4952.JPEG,train.X3\n01614925,500,500,96
n01614925_4962.JPEG,train.X3\n01614925,500,473,96
n01614925_53235.JPEG,train.X3\n01614925,500,500,96
n01614925_5501.JPEG,train.X3\n01614925,500,498,96
n01614925_5515.JPEG,train.X3\n01614925,500,500,96
n01614925_5529.JPEG,train.X3\n01614925,500,499,96
n01614925_5578.JPEG,train.X3\n01614925,484,500,96
n01614925_558.JPEG,train.X3\n01614925,498,500,96
n01614925_5616.JPEG,train.X3\n01614925,500,489,96
n01614925_5623.JPEG,train.X3\n01614925,500,497,96
n01614925_567.JPEG,train.X3\n01614925,500,493,96
n01614925_570.JPEG,train.X3\n01614925,500,494,96
n01614925_5747.JPEG,train.X3\n01614925,500,466,96
n01614925_5762.JPEG,train.X3\n01614925,500,453,96
n01614925_5765.JPEG,train.X3\n01614925,500,462,96
n01614925_61.JPEG,train.X3\n01614925,473,500,96
n01614925_619.JPEG,train.X3\n01614925,471,500,96
n01614925_620.JPEG,train.X3\n01614925,485,500,96
n01614925_6205.JPEG,train.X3\n01614925,455,500,96
n01614925_6248.JPEG,train.X3\n01614925,500,500,96
n01614925_6353.JPEG,train.X3\n01614925,492,500,96
n01614925_6368.JPEG,train.X3\n01614925,500,500,96
n01614925_6459.JPEG,train.X3\n01614925,500,450,96
n01614925_6552.JPEG,train.X3\n01614925,500,459,96
n01614925_6618.JPEG,train.X3\n01614925,500,496,96
n01614925_6648.JPEG,train.X3\n01614925,500,463,96
n01614925_6719.JPEG,train.X3\n01614925,500,481,96
n01614925_6771.JPEG,train.X3\n01614925,500,468,96
n01614925_7066.JPEG,train.X3\n01614925,450,500,96
n01614925_707.JPEG,train.X3\n01614925,500,482,96
n01614925_7120.JPEG,train.X3\n01614925,500,472,96
n01614925_7178.JPEG,train.X3\n01614925,456,500,96
n01614925_7489.JPEG,train.X3\n01614925,465,500,96
n01614925_7608.JPEG,train.X3\n01614925,500,456,96
n01614925_7619.JPEG,train.X3\n01614925,500,500,96
n01614925_7734.JPEG,train.X3\n01614925,500,497,96
n01614925_7773.JPEG,train.X3\n01614925,500,458,96
n01614925_8177.JPEG,train.X3\n01614925,451,500,96
n01614925_8548.JPEG,train.X3\n01614925,460,500,96
n01614925_8599.JPEG,train.X3\n01614925,470,500,96
n01614925_8737.JPEG,train.X3\n01614925,500,494,96
n01614925_8939.JPEG,train.X3\n01614925,500,477,96
n01614925_9190.JPEG,train.X3\n01614925,500,500,96
n01614925_920.JPEG,train.X3\n01614925,500,500,96
n01614925_9303.JPEG,train.X3\n01614925,500,500,96
n01614925_9437.JPEG,train.X3\n01614925,500,500,96
n01614925_9471.JPEG,train.X3\n01614925,496,500,96
n01614925_9638.JPEG,train.X3\n01614925,500,472,96
n01614925_9730.JPEG,train.X3\n01614925,482,500,96
n01614925_9736.JPEG,train.X3\n01614925,472,500,96
n01614925_9764.JPEG,train.X3\n01614925,500,499,96
n01614925_9843.JPEG,train.X3\n01614925,500,471,96
n01622779_1078.JPEG,train.X3\n01622779,500,500,96
n01622779_1202.JPEG,train.X3\n01622779,484,500,96
n01622779_1216.JPEG,train.X3\n01622779,500,500,96
n01622779_1217.JPEG,train.X3\n01622779,500,500,96
n01622779_1481.JPEG,train.X3\n01622779,500,484,96
n01622779_1528.JPEG,train.X3\n01622779,500,483,96
n01622779_1590.JPEG,train.X3\n01622779,500,500,96
n01622779_1847.JPEG,train.X3\n01622779,466,500,96
n01622779_1860.JPEG,train.X3\n01622779,500,475,96
n01622779_1975.JPEG,train.X3\n01622779,500,496,96
n01622779_1982.JPEG,train.X3\n01622779,500,500,96
n01622779_2022.JPEG,train.X3\n01622779,500,500,96
n01622779_2027.JPEG,train.X3\n01622779,500,455,96
n01622779_2039.JPEG,train.X3\n01622779,488,500,96
n01622779_2072.JPEG,train.X3\n01622779,500,500,96
n01622779_2259.JPEG,train.X3\n01622779,499,500,96
n01622779_2285.JPEG,train.X3\n01622779,500,458,96
n01622779_2484.JPEG,train.X3\n01622779,500,478,96
n01622779_279.JPEG,train.X3\n01622779,469,500,96
n01622779_2823.JPEG,train.X3\n01622779,499,500,96
n01622779_2865.JPEG,train.X3\n01622779,500,497,96
n01622779_3432.JPEG,train.X3\n01622779,495,500,96
n01622779_3456.JPEG,train.X3\n01622779,464,500,96
n01622779_3499.JPEG,train.X3\n01622779,479,500,96
n01622779_3537.JPEG,train.X3\n01622779,454,500,96
n01622779_3591.JPEG,train.X3\n01622779,500,483,96
n01622779_3682.JPEG,train.X3\n01622779,498,500,96
n01622779_3721.JPEG,train.X3\n01622779,494,500,96
n01622779_398.JPEG,train.X3\n01622779,500,500,96
n01622779_3981.JPEG,train.X3\n01622779,500,500,96
n01622779_4040.JPEG,train.X3\n01622779,500,476,96
n01622779_4090.JPEG,train.X3\n01622779,500,500,96
n01622779_4179.JPEG,train.X3\n01622779,496,500,96
n01622779_4293.JPEG,train.X3\n01622779,500,500,96
n01622779_4372.JPEG,train.X3\n01622779,500,500,96
n01622779_4490.JPEG,train.X3\n01622779,495,500,96
n01622779_4521.JPEG,train.X3\n01622779,500,456,96
n01622779_4694.JPEG,train.X3\n01622779,489,500,96
n01622779_4754.JPEG,train.X3\n01622779,495,500,96
n01622779_4876.JPEG,train.X3\n01622779,495,500,96
n01622779_4898.JPEG,train.X3\n01622779,500,500,96
n01622779_4903.JPEG,train.X3\n01622779,467,500,96
n01622779_5146.JPEG,train.X3\n01622779,500,495,96
n01622779_525.JPEG,train.X3\n01622779,467,500,96
n01622779_5284.JPEG,train.X3\n01622779,500,500,96
n01622779_5289.JPEG,train.X3\n01622779,500,494,96
n01622779_5338.JPEG,train.X3\n01622779,500,469,96
n01622779_5410.JPEG,train.X3\n01622779,500,500,96
n01622779_5625.JPEG,train.X3\n01622779,463,500,96
n01622779_5812.JPEG,train.X3\n01622779,500,456,96
n01622779_6021.JPEG,train.X3\n01622779,500,500,96
n01622779_6023.JPEG,train.X3\n01622779,477,500,96
n01622779_6156.JPEG,train.X3\n01622779,500,473,96
n01622779_6240.JPEG,train.X3\n01622779,490,500,96
n01622779_6304.JPEG,train.X3\n01622779,497,500,96
n01622779_6330.JPEG,train.X3\n01622779,500,492,96
n01622779_6490.JPEG,train.X3\n01622779,500,500,96
n01622779_6563.JPEG,train.X3\n01622779,500,500,96
n01622779_6597.JPEG,train.X3\n01622779,473,500,96
n01622779_6903.JPEG,train.X3\n01622779,496,500,96
n01622779_6919.JPEG,train.X3\n01622779,500,467,96
n01622779_6923.JPEG,train.X3\n01622779,481,500,96
n01622779_6989.JPEG,train.X3\n01622779,500,470,96
n01622779_7201.JPEG,train.X3\n01622779,499,500,96
n01622779_7209.JPEG,train.X3\n01622779,500,500,96
n01622779_7224.JPEG,train.X3\n01622779,478,500,96
n01622779_7322.JPEG,train.X3\n01622779,500,492,96
n01622779_7389.JPEG,train.X3\n01622779,500,483,96
n01622779_7476.JPEG,train.X3\n01622779,500,450,96
n01622779_753.JPEG,train.X3\n01622779,482,500,96
n01622779_968.JPEG,train.X3\n01622779,500,500,96
n01632458_1080.JPEG,train.X3\n01632458,500,500,96
n01632458_140.JPEG,train.X3\n01632458,500,484,96
n01632458_1563.JPEG,train.X3\n01632458,500,500,96
n01632458_1567.JPEG,train.X3\n01632458,500,468,96
n01632458_1578.JPEG,train.X3\n01632458,499,500,96
n01632458_1740.JPEG,train.X3\n01632458,457,500,96
n01632458_2103.JPEG,train.X3\n01632458,500,500,96
n01632458_2807.JPEG,train.X3\n01632458,500,500,96
n01632458_337.JPEG,train.X3\n01632458,500,473,96
n01632458_4086.JPEG,train.X3\n01632458,500,477,96
n01632458_4133.JPEG,train.X3\n01632458,500,451,96
n01632458_4262.JPEG,train.X3\n01632458,500,500,96
n01632458_4389.JPEG,train.X3\n01632458,500,500,96
n01632458_4476.JPEG,train.X3\n01632458,456,500,96
n01632458_5126.JPEG,train.X3\n01632458,500,500,96
n01632458_5230.JPEG,train.X3\n01632458,500,500,96
n01632458_5785.JPEG,train.X3\n01632458,500,469,96
n01632458_5976.JPEG,train.X3\n01632458,500,452,96
n01644900_10500.JPEG,train.X3\n01644900,500,475,96
n01644900_1211.JPEG,train.X3\n01644900,473,500,96
n01644900_12895.JPEG,train.X3\n01644900,474,500,96
n01644900_19442.JPEG,train.X3\n01644900,458,500,96
n01644900_19568.JPEG,train.X3\n01644900,500,500,96
n01644900_4054.JPEG,train.X3\n01644900,500,481,96
n01644900_5460.JPEG,train.X3\n01644900,500,500,96
n01644900_5958.JPEG,train.X3\n01644900,500,500,96
n01644900_6919.JPEG,train.X3\n01644900,500,500,96
n01644900_9128.JPEG,train.X3\n01644900,458,480,96
n01644900_9676.JPEG,train.X3\n01644900,500,472,96
n01664065_10096.JPEG,train.X3\n01664065,500,451,96
n01664065_1232.JPEG,train.X3\n01664065,500,492,96
n01664065_16287.JPEG,train.X3\n01664065,497,500,96
n01664065_16693.JPEG,train.X3\n01664065,500,500,96
n01664065_19737.JPEG,train.X3\n01664065,500,500,96
n01664065_21265.JPEG,train.X3\n01664065,500,500,96
n01664065_24565.JPEG,train.X3\n01664065,500,482,96
n01664065_310.JPEG,train.X3\n01664065,472,500,96
n01664065_7062.JPEG,train.X3\n01664065,500,456,96
n01664065_9051.JPEG,train.X3\n01664065,500,500,96
n01667114_10241.JPEG,train.X3\n01667114,500,500,96
n01667114_1176.JPEG,train.X3\n01667114,500,500,96
n01667114_12019.JPEG,train.X3\n01667114,500,470,96
n01667114_1956.JPEG,train.X3\n01667114,500,498,96
n01667114_281.JPEG,train.X3\n01667114,500,476,96
n01667114_4073.JPEG,train.X3\n01667114,480,500,96
n01667114_5636.JPEG,train.X3\n01667114,500,490,96
n01667114_5838.JPEG,train.X3\n01667114,500,450,96
n01667114_6361.JPEG,train.X3\n01667114,461,500,96
n01667114_7979.JPEG,train.X3\n01667114,500,460,96
n01685808_1322.JPEG,train.X3\n01685808,458,500,96
n01685808_153.JPEG,train.X3\n01685808,500,500,96
n01685808_5037.JPEG,train.X3\n01685808,493,500,96
n01685808_5329.JPEG,train.X3\n01685808,500,493,96
n01685808_5352.JPEG,train.X3\n01685808,500,466,96
n01685808_5706.JPEG,train.X3\n01685808,500,454,96
n01685808_5932.JPEG,train.X3\n01685808,461,500,96
n01685808_668.JPEG,train.X3\n01685808,500,496,96
n01685808_8039.JPEG,train.X3\n01685808,500,480,96
n01693334_10342.JPEG,train.X3\n01693334,490,500,96
n01693334_10376.JPEG,train.X3\n01693334,478,500,96
n01693334_10423.JPEG,train.X3\n01693334,500,479,96
n01693334_10450.JPEG,train.X3\n01693334,500,497,96
n01693334_10461.JPEG,train.X3\n01693334,450,500,96
n01693334_11166.JPEG,train.X3\n01693334,500,480,96
n01693334_11290.JPEG,train.X3\n01693334,500,472,96
n01693334_1150.JPEG,train.X3\n01693334,500,499,96
n01693334_11574.JPEG,train.X3\n01693334,483,500,96
n01693334_11709.JPEG,train.X3\n01693334,484,500,96
n01693334_11752.JPEG,train.X3\n01693334,474,500,96
n01693334_11921.JPEG,train.X3\n01693334,467,500,96
n01693334_11963.JPEG,train.X3\n01693334,500,500,96
n01693334_12018.JPEG,train.X3\n01693334,500,470,96
n01693334_12150.JPEG,train.X3\n01693334,500,457,96
n01693334_12364.JPEG,train.X3\n01693334,500,500,96
n01693334_1271.JPEG,train.X3\n01693334,500,452,96
n01693334_13323.JPEG,train.X3\n01693334,500,500,96
n01693334_13791.JPEG,train.X3\n01693334,500,459,96
n01693334_1389.JPEG,train.X3\n01693334,500,488,96
n01693334_14961.JPEG,train.X3\n01693334,500,481,96
n01693334_15025.JPEG,train.X3\n01693334,500,500,96
n01693334_17032.JPEG,train.X3\n01693334,500,500,96
n01693334_18660.JPEG,train.X3\n01693334,500,500,96
n01693334_20469.JPEG,train.X3\n01693334,500,500,96
n01693334_20559.JPEG,train.X3\n01693334,500,500,96
n01693334_21109.JPEG,train.X3\n01693334,500,457,96
n01693334_21288.JPEG,train.X3\n01693334,494,500,96
n01693334_22349.JPEG,train.X3\n01693334,500,481,96
n01693334_2273.JPEG,train.X3\n01693334,500,461,96
n01693334_22754.JPEG,train.X3\n01693334,500,456,96
n01693334_24044.JPEG,train.X3\n01693334,494,500,96
n01693334_24248.JPEG,train.X3\n01693334,500,500,96
n01693334_2626.JPEG,train.X3\n01693334,486,480,96
n01693334_287.JPEG,train.X3\n01693334,500,470,96
n01693334_3498.JPEG,train.X3\n01693334,456,500,96
n01693334_3844.JPEG,train.X3\n01693334,500,500,96
n01693334_407.JPEG,train.X3\n01693334,500,491,96
n01693334_4185.JPEG,train.X3\n01693334,500,463,96
n01693334_4227.JPEG,train.X3\n01693334,500,454,96
n01693334_4312.JPEG,train.X3\n01693334,500,500,96
n01693334_4561.JPEG,train.X3\n01693334,492,500,96
n01693334_4862.JPEG,train.X3\n01693334,500,484,96
n01693334_4891.JPEG,train.X3\n01693334,456,500,96
n01693334_5108.JPEG,train.X3\n01693334,500,466,96
n01693334_516.JPEG,train.X3\n01693334,453,500,96
n01693334_5188.JPEG,train.X3\n01693334,500,500,96
n01693334_5211.JPEG,train.X3\n01693334,485,500,96
n01693334_5290.JPEG,train.X3\n01693334,490,500,96
n01693334_5469.JPEG,train.X3\n01693334,500,472,96
n01693334_5472.JPEG,train.X3\n01693334,500,500,96
n01693334_5681.JPEG,train.X3\n01693334,500,476,96
n01693334_5852.JPEG,train.X3\n01693334,500,500,96
n01693334_5865.JPEG,train.X3\n01693334,455,500,96
n01693334_7152.JPEG,train.X3\n01693334,500,452,96
n01693334_7477.JPEG,train.X3\n01693334,500,485,96
n01693334_7487.JPEG,train.X3\n01693334,500,497,96
n01693334_7808.JPEG,train.X3\n01693334,500,451,96
n01693334_7911.JPEG,train.X3\n01693334,500,488,96
n01693334_7984.JPEG,train.X3\n01693334,500,500,96
n01693334_8154.JPEG,train.X3\n01693334,500,484,96
n01693334_8256.JPEG,train.X3\n01693334,485,500,96
n01693334_8273.JPEG,train.X3\n01693334,500,489,96
n01693334_8364.JPEG,train.X3\n01693334,500,497,96
n01693334_8387.JPEG,train.X3\n01693334,500,453,96
n01693334_8515.JPEG,train.X3\n01693334,500,500,96
n01693334_8604.JPEG,train.X3\n01693334,473,500,96
n01693334_8783.JPEG,train.X3\n01693334,500,500,96
n01693334_9048.JPEG,train.X3\n01693334,500,467,96
n01693334_9233.JPEG,train.X3\n01693334,500,500,96
n01693334_9305.JPEG,train.X3\n01693334,472,500,96
n01693334_9584.JPEG,train.X3\n01693334,455,500,96
n01693334_9622.JPEG,train.X3\n01693334,500,460,96
n01693334_9953.JPEG,train.X3\n01693334,500,450,96
n01734418_10128.JPEG,train.X3\n01734418,498,500,96
n01734418_11027.JPEG,train.X3\n01734418,498,500,96
n01734418_11782.JPEG,train.X3\n01734418,500,500,96
n01734418_12256.JPEG,train.X3\n01734418,500,500,96
n01734418_1233.JPEG,train.X3\n01734418,460,500,96
n01734418_12388.JPEG,train.X3\n01734418,500,464,96
n01734418_13507.JPEG,train.X3\n01734418,452,500,96
n01734418_15195.JPEG,train.X3\n01734418,500,458,96
n01734418_15681.JPEG,train.X3\n01734418,476,500,96
n01734418_16390.JPEG,train.X3\n01734418,500,500,96
n01734418_16728.JPEG,train.X3\n01734418,500,500,96
n01734418_2665.JPEG,train.X3\n01734418,500,498,96
n01734418_2680.JPEG,train.X3\n01734418,497,500,96
n01734418_3214.JPEG,train.X3\n01734418,500,477,96
n01734418_3648.JPEG,train.X3\n01734418,476,500,96
n01734418_3791.JPEG,train.X3\n01734418,500,500,96
n01734418_3811.JPEG,train.X3\n01734418,500,500,96
n01734418_3988.JPEG,train.X3\n01734418,477,500,96
n01734418_4657.JPEG,train.X3\n01734418,500,465,96
n01734418_4803.JPEG,train.X3\n01734418,500,469,96
n01734418_4878.JPEG,train.X3\n01734418,500,497,96
n01734418_498.JPEG,train.X3\n01734418,500,481,96
n01734418_5102.JPEG,train.X3\n01734418,500,460,96
n01734418_5545.JPEG,train.X3\n01734418,500,498,96
n01734418_5667.JPEG,train.X3\n01734418,500,491,96
n01734418_5817.JPEG,train.X3\n01734418,500,492,96
n01734418_6478.JPEG,train.X3\n01734418,500,473,96
n01734418_6521.JPEG,train.X3\n01734418,500,481,96
n01734418_6589.JPEG,train.X3\n01734418,500,500,96
n01734418_6620.JPEG,train.X3\n01734418,455,500,96
n01734418_8054.JPEG,train.X3\n01734418,477,500,96
n01734418_8197.JPEG,train.X3\n01734418,497,500,96
n01734418_8327.JPEG,train.X3\n01734418,500,462,96
n01734418_9259.JPEG,train.X3\n01734418,500,472,96
n01734418_9952.JPEG,train.X3\n01734418,471,500,96
n01751748_1631.JPEG,train.X3\n01751748,500,467,96
n01751748_2380.JPEG,train.X3\n01751748,477,500,96
n01751748_3227.JPEG,train.X3\n01751748,500,498,96
n01751748_332.JPEG,train.X3\n01751748,500,458,96
n01751748_6007.JPEG,train.X3\n01751748,473,500,96
n01751748_6355.JPEG,train.X3\n01751748,450,500,96
n01751748_782.JPEG,train.X3\n01751748,500,496,96
n01751748_8566.JPEG,train.X3\n01751748,499,500,96
n01751748_926.JPEG,train.X3\n01751748,463,500,96
n01756291_10594.JPEG,train.X3\n01756291,470,500,96
n01756291_11689.JPEG,train.X3\n01756291,459,500,96
n01756291_12260.JPEG,train.X3\n01756291,500,489,96
n01756291_12391.JPEG,train.X3\n01756291,500,465,96
n01756291_12781.JPEG,train.X3\n01756291,455,500,96
n01756291_13003.JPEG,train.X3\n01756291,500,463,96
n01756291_13648.JPEG,train.X3\n01756291,498,500,96
n01756291_14934.JPEG,train.X3\n01756291,455,500,96
n01756291_15187.JPEG,train.X3\n01756291,500,462,96
n01756291_15932.JPEG,train.X3\n01756291,500,500,96
n01756291_16374.JPEG,train.X3\n01756291,454,500,96
n01756291_16840.JPEG,train.X3\n01756291,465,500,96
n01756291_17734.JPEG,train.X3\n01756291,489,500,96
n01756291_17923.JPEG,train.X3\n01756291,474,500,96
n01756291_360.JPEG,train.X3\n01756291,478,500,96
n01756291_6545.JPEG,train.X3\n01756291,500,464,96
n01756291_6791.JPEG,train.X3\n01756291,500,470,96
n01756291_6977.JPEG,train.X3\n01756291,500,451,96
n01756291_7710.JPEG,train.X3\n01756291,500,453,96
n01756291_8070.JPEG,train.X3\n01756291,500,471,96
n01756291_9353.JPEG,train.X3\n01756291,500,485,96
n01828970_104.JPEG,train.X3\n01828970,500,451,96
n01828970_10432.JPEG,train.X3\n01828970,464,455,96
n01828970_10475.JPEG,train.X3\n01828970,496,500,96
n01828970_10615.JPEG,train.X3\n01828970,500,453,96
n01828970_10617.JPEG,train.X3\n01828970,464,500,96
n01828970_10670.JPEG,train.X3\n01828970,486,500,96
n01828970_10711.JPEG,train.X3\n01828970,500,500,96
n01828970_10816.JPEG,train.X3\n01828970,500,485,96
n01828970_10929.JPEG,train.X3\n01828970,489,500,96
n01828970_10957.JPEG,train.X3\n01828970,500,468,96
n01828970_11122.JPEG,train.X3\n01828970,488,500,96
n01828970_11397.JPEG,train.X3\n01828970,500,488,96
n01828970_1244.JPEG,train.X3\n01828970,500,500,96
n01828970_15.JPEG,train.X3\n01828970,500,493,96
n01828970_158.JPEG,train.X3\n01828970,500,500,96
n01828970_1689.JPEG,train.X3\n01828970,500,500,96
n01828970_1711.JPEG,train.X3\n01828970,500,472,96
n01828970_1856.JPEG,train.X3\n01828970,500,492,96
n01828970_1988.JPEG,train.X3\n01828970,500,480,96
n01828970_2029.JPEG,train.X3\n01828970,473,500,96
n01828970_2050.JPEG,train.X3\n01828970,500,500,96
n01828970_2063.JPEG,train.X3\n01828970,500,457,96
n01828970_2137.JPEG,train.X3\n01828970,489,500,96
n01828970_2164.JPEG,train.X3\n01828970,500,471,96
n01828970_2310.JPEG,train.X3\n01828970,458,500,96
n01828970_2348.JPEG,train.X3\n01828970,480,500,96
n01828970_2378.JPEG,train.X3\n01828970,500,500,96
n01828970_2438.JPEG,train.X3\n01828970,500,489,96
n01828970_2520.JPEG,train.X3\n01828970,500,500,96
n01828970_2754.JPEG,train.X3\n01828970,500,491,96
n01828970_2906.JPEG,train.X3\n01828970,500,455,96
n01828970_2968.JPEG,train.X3\n01828970,465,500,96
n01828970_3083.JPEG,train.X3\n01828970,500,500,96
n01828970_3488.JPEG,train.X3\n01828970,500,496,96
n01828970_3680.JPEG,train.X3\n01828970,468,500,96
n01828970_4152.JPEG,train.X3\n01828970,500,500,96
n01828970_4170.JPEG,train.X3\n01828970,500,500,96
n01828970_449.JPEG,train.X3\n01828970,487,500,96
n01828970_4495.JPEG,train.X3\n01828970,500,500,96
n01828970_4497.JPEG,train.X3\n01828970,500,500,96
n01828970_454.JPEG,train.X3\n01828970,500,471,96
n01828970_4581.JPEG,train.X3\n01828970,500,500,96
n01828970_4586.JPEG,train.X3\n01828970,500,456,96
n01828970_4725.JPEG,train.X3\n01828970,464,500,96
n01828970_4783.JPEG,train.X3\n01828970,500,492,96
n01828970_4987.JPEG,train.X3\n01828970,500,500,96
n01828970_5278.JPEG,train.X3\n01828970,500,500,96
n01828970_5282.JPEG,train.X3\n01828970,500,494,96
n01828970_5392.JPEG,train.X3\n01828970,500,500,96
n01828970_5430.JPEG,train.X3\n01828970,500,500,96
n01828970_5470.JPEG,train.X3\n01828970,500,500,96
n01828970_5506.JPEG,train.X3\n01828970,459,500,96
n01828970_5571.JPEG,train.X3\n01828970,500,500,96
n01828970_5655.JPEG,train.X3\n01828970,500,490,96
n01828970_5787.JPEG,train.X3\n01828970,500,458,96
n01828970_5849.JPEG,train.X3\n01828970,455,500,96
n01828970_5908.JPEG,train.X3\n01828970,500,500,96
n01828970_6017.JPEG,train.X3\n01828970,483,480,96
n01828970_6105.JPEG,train.X3\n01828970,500,483,96
n01828970_6405.JPEG,train.X3\n01828970,500,469,96
n01828970_7127.JPEG,train.X3\n01828970,473,500,96
n01828970_7231.JPEG,train.X3\n01828970,498,500,96
n01828970_7376.JPEG,train.X3\n01828970,500,457,96
n01828970_7576.JPEG,train.X3\n01828970,493,490,96
n01828970_7601.JPEG,train.X3\n01828970,500,500,96
n01828970_7679.JPEG,train.X3\n01828970,500,496,96
n01828970_7684.JPEG,train.X3\n01828970,474,500,96
n01828970_8238.JPEG,train.X3\n01828970,500,479,96
n01828970_8262.JPEG,train.X3\n01828970,472,500,96
n01828970_852.JPEG,train.X3\n01828970,500,478,96
n01828970_858.JPEG,train.X3\n01828970,500,500,96
n01828970_87.JPEG,train.X3\n01828970,466,500,96
n01828970_8756.JPEG,train.X3\n01828970,488,500,96
n01828970_8789.JPEG,train.X3\n01828970,500,500,96
n01828970_8791.JPEG,train.X3\n01828970,500,500,96
n01828970_8829.JPEG,train.X3\n01828970,500,500,96
n01828970_8837.JPEG,train.X3\n01828970,498,500,96
n01828970_8950.JPEG,train.X3\n01828970,456,500,96
n01828970_90.JPEG,train.X3\n01828970,500,478,96
n01828970_9337.JPEG,train.X3\n01828970,500,459,96
n01828970_9703.JPEG,train.X3\n01828970,463,500,96
n01828970_9756.JPEG,train.X3\n01828970,489,500,96
n01828970_988.JPEG,train.X3\n01828970,500,500,96
n01829413_103.JPEG,train.X3\n01829413,495,500,96
n01829413_109.JPEG,train.X3\n01829413,470,500,96
n01829413_1105.JPEG,train.X3\n01829413,500,478,96
n01829413_1167.JPEG,train.X3\n01829413,500,500,96
n01829413_13.JPEG,train.X3\n01829413,459,500,96
n01829413_1305.JPEG,train.X3\n01829413,500,497,96
n01829413_1644.JPEG,train.X3\n01829413,458,500,96
n01829413_1680.JPEG,train.X3\n01829413,500,500,96
n01829413_1687.JPEG,train.X3\n01829413,500,455,96
n01829413_1697.JPEG,train.X3\n01829413,500,465,96
n01829413_1745.JPEG,train.X3\n01829413,500,500,96
n01829413_1840.JPEG,train.X3\n01829413,493,500,96
n01829413_2071.JPEG,train.X3\n01829413,500,500,96
n01829413_2266.JPEG,train.X3\n01829413,500,500,96
n01829413_2375.JPEG,train.X3\n01829413,500,500,96
n01829413_2482.JPEG,train.X3\n01829413,463,500,96
n01829413_2486.JPEG,train.X3\n01829413,500,458,96
n01829413_2499.JPEG,train.X3\n01829413,500,463,96
n01829413_2526.JPEG,train.X3\n01829413,485,500,96
n01829413_2603.JPEG,train.X3\n01829413,500,491,96
n01829413_2719.JPEG,train.X3\n01829413,486,500,96
n01829413_282.JPEG,train.X3\n01829413,500,473,96
n01829413_2952.JPEG,train.X3\n01829413,500,458,96
n01829413_3159.JPEG,train.X3\n01829413,500,480,96
n01829413_3405.JPEG,train.X3\n01829413,451,500,96
n01829413_3487.JPEG,train.X3\n01829413,500,500,96
n01829413_3647.JPEG,train.X3\n01829413,476,500,96
n01829413_3934.JPEG,train.X3\n01829413,500,489,96
n01829413_3952.JPEG,train.X3\n01829413,500,500,96
n01829413_4030.JPEG,train.X3\n01829413,455,500,96
n01829413_4107.JPEG,train.X3\n01829413,500,475,96
n01829413_4498.JPEG,train.X3\n01829413,500,474,96
n01829413_456.JPEG,train.X3\n01829413,453,500,96
n01829413_4842.JPEG,train.X3\n01829413,478,457,96
n01829413_5219.JPEG,train.X3\n01829413,500,460,96
n01829413_5735.JPEG,train.X3\n01829413,500,500,96
n01829413_5747.JPEG,train.X3\n01829413,500,500,96
n01829413_5835.JPEG,train.X3\n01829413,456,500,96
n01829413_6139.JPEG,train.X3\n01829413,500,460,96
n01829413_617.JPEG,train.X3\n01829413,489,500,96
n01829413_6254.JPEG,train.X3\n01829413,500,468,96
n01829413_6393.JPEG,train.X3\n01829413,462,500,96
n01829413_6537.JPEG,train.X3\n01829413,485,500,96
n01829413_6594.JPEG,train.X3\n01829413,500,500,96
n01829413_6706.JPEG,train.X3\n01829413,467,500,96
n01829413_6751.JPEG,train.X3\n01829413,490,500,96
n01829413_6827.JPEG,train.X3\n01829413,500,500,96
n01829413_7089.JPEG,train.X3\n01829413,467,500,96
n01829413_7227.JPEG,train.X3\n01829413,500,476,96
n01829413_725.JPEG,train.X3\n01829413,500,500,96
n01829413_750.JPEG,train.X3\n01829413,500,500,96
n01829413_7606.JPEG,train.X3\n01829413,500,500,96
n01829413_767.JPEG,train.X3\n01829413,500,500,96
n01829413_8236.JPEG,train.X3\n01829413,500,500,96
n01829413_8582.JPEG,train.X3\n01829413,494,500,96
n01829413_8816.JPEG,train.X3\n01829413,500,450,96
n01829413_8832.JPEG,train.X3\n01829413,500,500,96
n01829413_8896.JPEG,train.X3\n01829413,500,451,96
n01829413_8901.JPEG,train.X3\n01829413,500,454,96
n01829413_8927.JPEG,train.X3\n01829413,500,470,96
n01829413_9190.JPEG,train.X3\n01829413,500,500,96
n01829413_9323.JPEG,train.X3\n01829413,493,500,96
n01847000_10153.JPEG,train.X3\n01847000,500,500,96
n01847000_10178.JPEG,train.X3\n01847000,500,458,96
n01847000_10186.JPEG,train.X3\n01847000,477,500,96
n01847000_10216.JPEG,train.X3\n01847000,477,500,96
n01847000_10332.JPEG,train.X3\n01847000,451,500,96
n01847000_10346.JPEG,train.X3\n01847000,451,500,96
n01847000_10906.JPEG,train.X3\n01847000,500,500,96
n01847000_11181.JPEG,train.X3\n01847000,500,500,96
n01847000_1127.JPEG,train.X3\n01847000,497,500,96
n01847000_11319.JPEG,train.X3\n01847000,500,460,96
n01847000_11352.JPEG,train.X3\n01847000,500,461,96
n01847000_12229.JPEG,train.X3\n01847000,500,500,96
n01847000_12410.JPEG,train.X3\n01847000,500,494,96
n01847000_1252.JPEG,train.X3\n01847000,463,500,96
n01847000_12529.JPEG,train.X3\n01847000,500,500,96
n01847000_12541.JPEG,train.X3\n01847000,500,472,96
n01847000_12963.JPEG,train.X3\n01847000,500,467,96
n01847000_13249.JPEG,train.X3\n01847000,457,500,96
n01847000_13285.JPEG,train.X3\n01847000,500,465,96
n01847000_13413.JPEG,train.X3\n01847000,500,500,96
n01847000_13591.JPEG,train.X3\n01847000,500,500,96
n01847000_13896.JPEG,train.X3\n01847000,498,500,96
n01847000_13910.JPEG,train.X3\n01847000,500,500,96
n01847000_14150.JPEG,train.X3\n01847000,500,468,96
n01847000_14399.JPEG,train.X3\n01847000,500,452,96
n01847000_14509.JPEG,train.X3\n01847000,500,500,96
n01847000_14760.JPEG,train.X3\n01847000,482,500,96
n01847000_14868.JPEG,train.X3\n01847000,492,500,96
n01847000_15000.JPEG,train.X3\n01847000,500,458,96
n01847000_15011.JPEG,train.X3\n01847000,500,500,96
n01847000_15033.JPEG,train.X3\n01847000,500,459,96
n01847000_15130.JPEG,train.X3\n01847000,457,500,96
n01847000_15295.JPEG,train.X3\n01847000,500,459,96
n01847000_15806.JPEG,train.X3\n01847000,500,457,96
n01847000_16277.JPEG,train.X3\n01847000,500,465,96
n01847000_16642.JPEG,train.X3\n01847000,500,485,96
n01847000_1787.JPEG,train.X3\n01847000,500,500,96
n01847000_2586.JPEG,train.X3\n01847000,500,478,96
n01847000_3364.JPEG,train.X3\n01847000,464,500,96
n01847000_3456.JPEG,train.X3\n01847000,500,500,96
n01847000_3543.JPEG,train.X3\n01847000,500,477,96
n01847000_3567.JPEG,train.X3\n01847000,500,463,96
n01847000_3587.JPEG,train.X3\n01847000,500,467,96
n01847000_4320.JPEG,train.X3\n01847000,500,450,96
n01847000_4384.JPEG,train.X3\n01847000,500,500,96
n01847000_4642.JPEG,train.X3\n01847000,500,455,96
n01847000_4674.JPEG,train.X3\n01847000,500,488,96
n01847000_4691.JPEG,train.X3\n01847000,500,462,96
n01847000_4776.JPEG,train.X3\n01847000,459,500,96
n01847000_5465.JPEG,train.X3\n01847000,493,500,96
n01847000_573.JPEG,train.X3\n01847000,500,494,96
n01847000_5963.JPEG,train.X3\n01847000,500,466,96
n01847000_6579.JPEG,train.X3\n01847000,497,500,96
n01847000_6688.JPEG,train.X3\n01847000,480,500,96
n01847000_6766.JPEG,train.X3\n01847000,500,465,96
n01847000_7162.JPEG,train.X3\n01847000,481,500,96
n01847000_7290.JPEG,train.X3\n01847000,500,452,96
n01847000_7362.JPEG,train.X3\n01847000,499,500,96
n01847000_7403.JPEG,train.X3\n01847000,500,459,96
n01847000_7449.JPEG,train.X3\n01847000,451,500,96
n01847000_7452.JPEG,train.X3\n01847000,500,453,96
n01847000_7518.JPEG,train.X3\n01847000,465,500,96
n01847000_7555.JPEG,train.X3\n01847000,500,496,96
n01847000_7706.JPEG,train.X3\n01847000,500,500,96
n01847000_7827.JPEG,train.X3\n01847000,500,500,96
n01847000_8470.JPEG,train.X3\n01847000,500,464,96
n01847000_8671.JPEG,train.X3\n01847000,500,500,96
n01847000_9341.JPEG,train.X3\n01847000,451,500,96
n01847000_9489.JPEG,train.X3\n01847000,500,460,96
n01847000_9499.JPEG,train.X3\n01847000,500,500,96
n01847000_9544.JPEG,train.X3\n01847000,500,500,96
n01847000_9603.JPEG,train.X3\n01847000,500,499,96
n01847000_9667.JPEG,train.X3\n01847000,500,456,96
n01847000_9810.JPEG,train.X3\n01847000,500,500,96
n01847000_9821.JPEG,train.X3\n01847000,486,500,96
n01883070_1236.JPEG,train.X3\n01883070,500,479,96
n01883070_15841.JPEG,train.X3\n01883070,478,500,96
n01883070_16497.JPEG,train.X3\n01883070,500,479,96
n01883070_166.JPEG,train.X3\n01883070,500,468,96
n01883070_17396.JPEG,train.X3\n01883070,500,500,96
n01883070_2021.JPEG,train.X3\n01883070,454,500,96
n01883070_2113.JPEG,train.X3\n01883070,500,495,96
n01883070_2498.JPEG,train.X3\n01883070,489,500,96
n01883070_2557.JPEG,train.X3\n01883070,496,500,96
n01883070_2936.JPEG,train.X3\n01883070,454,500,96
n01883070_4337.JPEG,train.X3\n01883070,497,500,96
n01883070_6940.JPEG,train.X3\n01883070,463,500,96
n01883070_8688.JPEG,train.X3\n01883070,500,451,96
n01883070_8728.JPEG,train.X3\n01883070,500,462,96
n01883070_9022.JPEG,train.X3\n01883070,500,476,96
n01944390_10218.JPEG,train.X3\n01944390,500,500,96
n01944390_10701.JPEG,train.X3\n01944390,463,500,96
n01944390_10723.JPEG,train.X3\n01944390,473,500,96
n01944390_1083.JPEG,train.X3\n01944390,459,500,96
n01944390_1087.JPEG,train.X3\n01944390,500,500,96
n01944390_11006.JPEG,train.X3\n01944390,500,458,96
n01944390_11127.JPEG,train.X3\n01944390,500,500,96
n01944390_11408.JPEG,train.X3\n01944390,500,473,96
n01944390_11470.JPEG,train.X3\n01944390,500,465,96
n01944390_11540.JPEG,train.X3\n01944390,500,500,96
n01944390_11631.JPEG,train.X3\n01944390,496,500,96
n01944390_11694.JPEG,train.X3\n01944390,487,500,96
n01944390_11870.JPEG,train.X3\n01944390,500,500,96
n01944390_11970.JPEG,train.X3\n01944390,500,500,96
n01944390_12031.JPEG,train.X3\n01944390,500,500,96
n01944390_12139.JPEG,train.X3\n01944390,453,500,96
n01944390_12319.JPEG,train.X3\n01944390,500,455,96
n01944390_12603.JPEG,train.X3\n01944390,500,457,96
n01944390_1279.JPEG,train.X3\n01944390,479,500,96
n01944390_12920.JPEG,train.X3\n01944390,500,481,96
n01944390_1345.JPEG,train.X3\n01944390,465,500,96
n01944390_13652.JPEG,train.X3\n01944390,500,456,96
n01944390_13793.JPEG,train.X3\n01944390,500,500,96
n01944390_13820.JPEG,train.X3\n01944390,500,465,96
n01944390_13964.JPEG,train.X3\n01944390,487,500,96
n01944390_13986.JPEG,train.X3\n01944390,500,500,96
n01944390_14153.JPEG,train.X3\n01944390,500,500,96
n01944390_1417.JPEG,train.X3\n01944390,500,500,96
n01944390_14895.JPEG,train.X3\n01944390,479,500,96
n01944390_14945.JPEG,train.X3\n01944390,500,500,96
n01944390_15214.JPEG,train.X3\n01944390,500,455,96
n01944390_15345.JPEG,train.X3\n01944390,500,500,96
n01944390_15457.JPEG,train.X3\n01944390,500,500,96
n01944390_15494.JPEG,train.X3\n01944390,500,457,96
n01944390_1555.JPEG,train.X3\n01944390,500,459,96
n01944390_1646.JPEG,train.X3\n01944390,500,500,96
n01944390_1665.JPEG,train.X3\n01944390,474,500,96
n01944390_16726.JPEG,train.X3\n01944390,500,500,96
n01944390_17109.JPEG,train.X3\n01944390,490,500,96
n01944390_17422.JPEG,train.X3\n01944390,500,500,96
n01944390_17664.JPEG,train.X3\n01944390,500,486,96
n01944390_17714.JPEG,train.X3\n01944390,500,459,96
n01944390_17891.JPEG,train.X3\n01944390,500,500,96
n01944390_1807.JPEG,train.X3\n01944390,500,482,96
n01944390_18115.JPEG,train.X3\n01944390,500,483,96
n01944390_18275.JPEG,train.X3\n01944390,500,500,96
n01944390_18379.JPEG,train.X3\n01944390,500,498,96
n01944390_18511.JPEG,train.X3\n01944390,500,500,96
n01944390_18539.JPEG,train.X3\n01944390,488,500,96
n01944390_18592.JPEG,train.X3\n01944390,452,500,96
n01944390_18721.JPEG,train.X3\n01944390,496,500,96
n01944390_19021.JPEG,train.X3\n01944390,500,500,96
n01944390_19168.JPEG,train.X3\n01944390,500,500,96
n01944390_19325.JPEG,train.X3\n01944390,500,500,96
n01944390_19368.JPEG,train.X3\n01944390,495,500,96
n01944390_19592.JPEG,train.X3\n01944390,500,500,96
n01944390_19644.JPEG,train.X3\n01944390,482,500,96
n01944390_19770.JPEG,train.X3\n01944390,500,500,96
n01944390_1983.JPEG,train.X3\n01944390,500,500,96
n01944390_20055.JPEG,train.X3\n01944390,500,476,96
n01944390_20083.JPEG,train.X3\n01944390,500,480,96
n01944390_20097.JPEG,train.X3\n01944390,495,500,96
n01944390_20157.JPEG,train.X3\n01944390,500,462,96
n01944390_20253.JPEG,train.X3\n01944390,468,500,96
n01944390_20330.JPEG,train.X3\n01944390,483,500,96
n01944390_20535.JPEG,train.X3\n01944390,500,500,96
n01944390_20580.JPEG,train.X3\n01944390,483,500,96
n01944390_20670.JPEG,train.X3\n01944390,500,500,96
n01944390_20764.JPEG,train.X3\n01944390,500,500,96
n01944390_2079.JPEG,train.X3\n01944390,500,473,96
n01944390_20825.JPEG,train.X3\n01944390,461,500,96
n01944390_2099.JPEG,train.X3\n01944390,500,479,96
n01944390_21007.JPEG,train.X3\n01944390,500,500,96
n01944390_21013.JPEG,train.X3\n01944390,500,500,96
n01944390_2179.JPEG,train.X3\n01944390,500,500,96
n01944390_2224.JPEG,train.X3\n01944390,500,487,96
n01944390_2696.JPEG,train.X3\n01944390,499,500,96
n01944390_2771.JPEG,train.X3\n01944390,500,500,96
n01944390_2807.JPEG,train.X3\n01944390,458,500,96
n01944390_3039.JPEG,train.X3\n01944390,491,500,96
n01944390_327.JPEG,train.X3\n01944390,500,500,96
n01944390_3347.JPEG,train.X3\n01944390,500,500,96
n01944390_3435.JPEG,train.X3\n01944390,500,500,96
n01944390_3542.JPEG,train.X3\n01944390,500,500,96
n01944390_3564.JPEG,train.X3\n01944390,500,500,96
n01944390_3753.JPEG,train.X3\n01944390,500,500,96
n01944390_4005.JPEG,train.X3\n01944390,500,472,96
n01944390_410.JPEG,train.X3\n01944390,500,500,96
n01944390_4103.JPEG,train.X3\n01944390,468,500,96
n01944390_4521.JPEG,train.X3\n01944390,500,490,96
n01944390_462.JPEG,train.X3\n01944390,500,500,96
n01944390_4633.JPEG,train.X3\n01944390,500,462,96
n01944390_4741.JPEG,train.X3\n01944390,490,500,96
n01944390_4777.JPEG,train.X3\n01944390,500,500,96
n01944390_5237.JPEG,train.X3\n01944390,500,498,96
n01944390_5322.JPEG,train.X3\n01944390,500,451,96
n01944390_5662.JPEG,train.X3\n01944390,488,500,96
n01944390_5785.JPEG,train.X3\n01944390,500,474,96
n01944390_5959.JPEG,train.X3\n01944390,500,466,96
n01944390_5961.JPEG,train.X3\n01944390,500,500,96
n01944390_6144.JPEG,train.X3\n01944390,500,496,96
n01944390_629.JPEG,train.X3\n01944390,492,500,96
n01944390_6571.JPEG,train.X3\n01944390,500,500,96
n01944390_6620.JPEG,train.X3\n01944390,500,458,96
n01944390_710.JPEG,train.X3\n01944390,500,500,96
n01944390_7111.JPEG,train.X3\n01944390,500,500,96
n01944390_7221.JPEG,train.X3\n01944390,500,470,96
n01944390_7302.JPEG,train.X3\n01944390,464,500,96
n01944390_7448.JPEG,train.X3\n01944390,476,500,96
n01944390_7458.JPEG,train.X3\n01944390,500,500,96
n01944390_7655.JPEG,train.X3\n01944390,500,492,96
n01944390_7659.JPEG,train.X3\n01944390,484,500,96
n01944390_7667.JPEG,train.X3\n01944390,500,470,96
n01944390_811.JPEG,train.X3\n01944390,500,473,96
n01944390_8167.JPEG,train.X3\n01944390,497,500,96
n01944390_8400.JPEG,train.X3\n01944390,460,500,96
n01944390_8775.JPEG,train.X3\n01944390,500,500,96
n01944390_895.JPEG,train.X3\n01944390,500,500,96
n01944390_9125.JPEG,train.X3\n01944390,500,458,96
n01944390_9703.JPEG,train.X3\n01944390,461,500,96
n01968897_10474.JPEG,train.X3\n01968897,500,500,96
n01968897_1341.JPEG,train.X3\n01968897,500,478,96
n01968897_1397.JPEG,train.X3\n01968897,500,500,96
n01968897_14422.JPEG,train.X3\n01968897,500,500,96
n01968897_17649.JPEG,train.X3\n01968897,500,450,96
n01968897_18585.JPEG,train.X3\n01968897,479,500,96
n01968897_1918.JPEG,train.X3\n01968897,500,450,96
n01968897_20109.JPEG,train.X3\n01968897,500,459,96
n01968897_21813.JPEG,train.X3\n01968897,500,458,96
n01968897_22267.JPEG,train.X3\n01968897,455,500,96
n01968897_23775.JPEG,train.X3\n01968897,500,500,96
n01968897_24636.JPEG,train.X3\n01968897,500,500,96
n01968897_25972.JPEG,train.X3\n01968897,482,500,96
n01968897_26377.JPEG,train.X3\n01968897,500,500,96
n01968897_26488.JPEG,train.X3\n01968897,500,500,96
n01968897_26657.JPEG,train.X3\n01968897,500,460,96
n01968897_289.JPEG,train.X3\n01968897,500,460,96
n01968897_3487.JPEG,train.X3\n01968897,500,500,96
n01968897_4441.JPEG,train.X3\n01968897,463,500,96
n01968897_476.JPEG,train.X3\n01968897,500,463,96
n01968897_478.JPEG,train.X3\n01968897,500,460,96
n01968897_7699.JPEG,train.X3\n01968897,500,500,96
n01968897_8118.JPEG,train.X3\n01968897,468,500,96
n01968897_911.JPEG,train.X3\n01968897,500,499,96
n02002556_10558.JPEG,train.X3\n02002556,478,500,96
n02002556_1086.JPEG,train.X3\n02002556,500,500,96
n02002556_1102.JPEG,train.X3\n02002556,500,450,96
n02002556_1255.JPEG,train.X3\n02002556,500,454,96
n02002556_1292.JPEG,train.X3\n02002556,500,465,96
n02002556_1350.JPEG,train.X3\n02002556,500,500,96
n02002556_1493.JPEG,train.X3\n02002556,500,500,96
n02002556_1640.JPEG,train.X3\n02002556,500,482,96
n02002556_1720.JPEG,train.X3\n02002556,467,500,96
n02002556_2038.JPEG,train.X3\n02002556,493,500,96
n02002556_2220.JPEG,train.X3\n02002556,463,500,96
n02002556_22765.JPEG,train.X3\n02002556,500,500,96
n02002556_2341.JPEG,train.X3\n02002556,500,500,96
n02002556_2430.JPEG,train.X3\n02002556,500,500,96
n02002556_2491.JPEG,train.X3\n02002556,493,500,96
n02002556_2573.JPEG,train.X3\n02002556,500,500,96
n02002556_2623.JPEG,train.X3\n02002556,500,458,96
n02002556_268.JPEG,train.X3\n02002556,469,500,96
n02002556_2681.JPEG,train.X3\n02002556,500,456,96
n02002556_2755.JPEG,train.X3\n02002556,500,500,96
n02002556_2808.JPEG,train.X3\n02002556,500,469,96
n02002556_3306.JPEG,train.X3\n02002556,500,500,96
n02002556_3429.JPEG,train.X3\n02002556,500,500,96
n02002556_4008.JPEG,train.X3\n02002556,474,500,96
n02002556_401.JPEG,train.X3\n02002556,500,500,96
n02002556_434.JPEG,train.X3\n02002556,500,453,96
n02002556_465.JPEG,train.X3\n02002556,500,491,96
n02002556_545.JPEG,train.X3\n02002556,462,500,96
n02002556_5601.JPEG,train.X3\n02002556,500,450,96
n02002556_5678.JPEG,train.X3\n02002556,500,498,96
n02002556_6005.JPEG,train.X3\n02002556,500,500,96
n02002556_614.JPEG,train.X3\n02002556,493,500,96
n02002556_6211.JPEG,train.X3\n02002556,500,500,96
n02002556_6381.JPEG,train.X3\n02002556,450,450,96
n02002556_676.JPEG,train.X3\n02002556,473,500,96
n02002556_683.JPEG,train.X3\n02002556,500,500,96
n02002556_689.JPEG,train.X3\n02002556,500,492,96
n02002556_921.JPEG,train.X3\n02002556,500,457,96
n02006656_10149.JPEG,train.X3\n02006656,500,450,96
n02006656_10312.JPEG,train.X3\n02006656,500,500,96
n02006656_1058.JPEG,train.X3\n02006656,500,461,96
n02006656_10635.JPEG,train.X3\n02006656,455,500,96
n02006656_10710.JPEG,train.X3\n02006656,474,500,96
n02006656_1097.JPEG,train.X3\n02006656,474,500,96
n02006656_10975.JPEG,train.X3\n02006656,500,491,96
n02006656_11156.JPEG,train.X3\n02006656,500,474,96
n02006656_11217.JPEG,train.X3\n02006656,454,500,96
n02006656_1136.JPEG,train.X3\n02006656,500,454,96
n02006656_11391.JPEG,train.X3\n02006656,500,480,96
n02006656_1142.JPEG,train.X3\n02006656,476,500,96
n02006656_11609.JPEG,train.X3\n02006656,500,479,96
n02006656_1245.JPEG,train.X3\n02006656,450,500,96
n02006656_1546.JPEG,train.X3\n02006656,491,500,96
n02006656_1660.JPEG,train.X3\n02006656,500,475,96
n02006656_1726.JPEG,train.X3\n02006656,500,488,96
n02006656_1762.JPEG,train.X3\n02006656,500,500,96
n02006656_1901.JPEG,train.X3\n02006656,500,482,96
n02006656_1910.JPEG,train.X3\n02006656,500,450,96
n02006656_1985.JPEG,train.X3\n02006656,478,500,96
n02006656_1993.JPEG,train.X3\n02006656,500,500,96
n02006656_2146.JPEG,train.X3\n02006656,500,486,96
n02006656_2190.JPEG,train.X3\n02006656,500,476,96
n02006656_2219.JPEG,train.X3\n02006656,500,463,96
n02006656_2612.JPEG,train.X3\n02006656,500,500,96
n02006656_2813.JPEG,train.X3\n02006656,500,485,96
n02006656_2986.JPEG,train.X3\n02006656,487,500,96
n02006656_3383.JPEG,train.X3\n02006656,488,500,96
n02006656_3419.JPEG,train.X3\n02006656,500,466,96
n02006656_3475.JPEG,train.X3\n02006656,500,482,96
n02006656_3561.JPEG,train.X3\n02006656,500,489,96
n02006656_3565.JPEG,train.X3\n02006656,500,466,96
n02006656_3725.JPEG,train.X3\n02006656,455,500,96
n02006656_3749.JPEG,train.X3\n02006656,500,462,96
n02006656_3797.JPEG,train.X3\n02006656,470,500,96
n02006656_3859.JPEG,train.X3\n02006656,500,500,96
n02006656_4036.JPEG,train.X3\n02006656,486,500,96
n02006656_4062.JPEG,train.X3\n02006656,482,500,96
n02006656_425.JPEG,train.X3\n02006656,500,499,96
n02006656_4393.JPEG,train.X3\n02006656,484,500,96
n02006656_4584.JPEG,train.X3\n02006656,464,500,96
n02006656_46.JPEG,train.X3\n02006656,465,500,96
n02006656_4668.JPEG,train.X3\n02006656,500,456,96
n02006656_474.JPEG,train.X3\n02006656,500,486,96
n02006656_4899.JPEG,train.X3\n02006656,500,460,96
n02006656_4997.JPEG,train.X3\n02006656,500,500,96
n02006656_5055.JPEG,train.X3\n02006656,479,500,96
n02006656_5088.JPEG,train.X3\n02006656,476,500,96
n02006656_5521.JPEG,train.X3\n02006656,500,495,96
n02006656_5606.JPEG,train.X3\n02006656,455,500,96
n02006656_621.JPEG,train.X3\n02006656,463,500,96
n02006656_6211.JPEG,train.X3\n02006656,500,474,96
n02006656_6649.JPEG,train.X3\n02006656,486,500,96
n02006656_6729.JPEG,train.X3\n02006656,500,468,96
n02006656_7299.JPEG,train.X3\n02006656,492,500,96
n02006656_751.JPEG,train.X3\n02006656,500,473,96
n02006656_7738.JPEG,train.X3\n02006656,500,454,96
n02006656_8011.JPEG,train.X3\n02006656,500,500,96
n02006656_8037.JPEG,train.X3\n02006656,500,500,96
n02006656_819.JPEG,train.X3\n02006656,487,500,96
n02006656_839.JPEG,train.X3\n02006656,500,500,96
n02006656_8510.JPEG,train.X3\n02006656,500,473,96
n02006656_8666.JPEG,train.X3\n02006656,482,500,96
n02006656_8781.JPEG,train.X3\n02006656,461,500,96
n02006656_8905.JPEG,train.X3\n02006656,495,500,96
n02006656_9493.JPEG,train.X3\n02006656,500,500,96
n02006656_9520.JPEG,train.X3\n02006656,500,477,96
n02006656_9653.JPEG,train.X3\n02006656,486,500,96
n02006656_9666.JPEG,train.X3\n02006656,484,484,96
n02006656_9782.JPEG,train.X3\n02006656,500,500,96
n02006656_9878.JPEG,train.X3\n02006656,497,500,96
n02006656_9905.JPEG,train.X3\n02006656,500,488,96
n02006656_9965.JPEG,train.X3\n02006656,455,500,96
n02011460_1303.JPEG,train.X3\n02011460,500,500,96
n02011460_1324.JPEG,train.X3\n02011460,500,456,96
n02011460_1376.JPEG,train.X3\n02011460,500,500,96
n02011460_1403.JPEG,train.X3\n02011460,500,477,96
n02011460_1431.JPEG,train.X3\n02011460,500,484,96
n02011460_1482.JPEG,train.X3\n02011460,498,500,96
n02011460_1553.JPEG,train.X3\n02011460,464,500,96
n02011460_1622.JPEG,train.X3\n02011460,486,500,96
n02011460_1633.JPEG,train.X3\n02011460,500,457,96
n02011460_1645.JPEG,train.X3\n02011460,456,500,96
n02011460_1740.JPEG,train.X3\n02011460,500,466,96
n02011460_1764.JPEG,train.X3\n02011460,473,500,96
n02011460_1917.JPEG,train.X3\n02011460,478,500,96
n02011460_2127.JPEG,train.X3\n02011460,481,500,96
n02011460_2315.JPEG,train.X3\n02011460,500,455,96
n02011460_2341.JPEG,train.X3\n02011460,494,500,96
n02011460_2368.JPEG,train.X3\n02011460,494,500,96
n02011460_2490.JPEG,train.X3\n02011460,500,476,96
n02011460_2633.JPEG,train.X3\n02011460,500,467,96
n02011460_2677.JPEG,train.X3\n02011460,469,500,96
n02011460_2705.JPEG,train.X3\n02011460,500,498,96
n02011460_2711.JPEG,train.X3\n02011460,500,500,96
n02011460_2886.JPEG,train.X3\n02011460,500,500,96
n02011460_3227.JPEG,train.X3\n02011460,500,455,96
n02011460_3231.JPEG,train.X3\n02011460,500,468,96
n02011460_3549.JPEG,train.X3\n02011460,456,500,96
n02011460_3744.JPEG,train.X3\n02011460,492,500,96
n02011460_3925.JPEG,train.X3\n02011460,455,500,96
n02011460_4269.JPEG,train.X3\n02011460,500,485,96
n02011460_429.JPEG,train.X3\n02011460,500,482,96
n02011460_4295.JPEG,train.X3\n02011460,477,500,96
n02011460_453.JPEG,train.X3\n02011460,491,500,96
n02011460_4552.JPEG,train.X3\n02011460,500,494,96
n02011460_456.JPEG,train.X3\n02011460,500,468,96
n02011460_4609.JPEG,train.X3\n02011460,500,475,96
n02011460_4624.JPEG,train.X3\n02011460,482,500,96
n02011460_4648.JPEG,train.X3\n02011460,463,500,96
n02011460_4721.JPEG,train.X3\n02011460,450,500,96
n02011460_4773.JPEG,train.X3\n02011460,500,495,96
n02011460_4895.JPEG,train.X3\n02011460,500,463,96
n02011460_4907.JPEG,train.X3\n02011460,500,471,96
n02011460_5026.JPEG,train.X3\n02011460,499,500,96
n02011460_5426.JPEG,train.X3\n02011460,474,500,96
n02011460_5684.JPEG,train.X3\n02011460,500,457,96
n02011460_5735.JPEG,train.X3\n02011460,500,450,96
n02011460_5773.JPEG,train.X3\n02011460,500,499,96
n02011460_5797.JPEG,train.X3\n02011460,478,500,96
n02011460_5899.JPEG,train.X3\n02011460,499,500,96
n02011460_6042.JPEG,train.X3\n02011460,479,500,96
n02011460_6099.JPEG,train.X3\n02011460,454,500,96
n02011460_6116.JPEG,train.X3\n02011460,452,500,96
n02011460_6138.JPEG,train.X3\n02011460,500,494,96
n02011460_6232.JPEG,train.X3\n02011460,461,500,96
n02011460_6295.JPEG,train.X3\n02011460,500,466,96
n02011460_6507.JPEG,train.X3\n02011460,485,500,96
n02011460_6790.JPEG,train.X3\n02011460,500,490,96
n02011460_6819.JPEG,train.X3\n02011460,500,500,96
n02011460_7293.JPEG,train.X3\n02011460,500,473,96
n02011460_748.JPEG,train.X3\n02011460,500,460,96
n02011460_7662.JPEG,train.X3\n02011460,500,500,96
n02011460_7810.JPEG,train.X3\n02011460,473,500,96
n02011460_7995.JPEG,train.X3\n02011460,500,493,96
n02011460_800.JPEG,train.X3\n02011460,476,500,96
n02011460_8092.JPEG,train.X3\n02011460,488,500,96
n02011460_8173.JPEG,train.X3\n02011460,457,500,96
n02011460_8355.JPEG,train.X3\n02011460,461,500,96
n02011460_8381.JPEG,train.X3\n02011460,500,465,96
n02011460_8637.JPEG,train.X3\n02011460,494,500,96
n02011460_8826.JPEG,train.X3\n02011460,500,489,96
n02011460_8847.JPEG,train.X3\n02011460,482,500,96
n02011460_9188.JPEG,train.X3\n02011460,500,472,96
n02011460_9296.JPEG,train.X3\n02011460,500,469,96
n02011460_956.JPEG,train.X3\n02011460,500,455,96
n02013706_1080.JPEG,train.X3\n02013706,473,500,96
n02013706_1391.JPEG,train.X3\n02013706,493,500,96
n02013706_1522.JPEG,train.X3\n02013706,500,500,96
n02013706_1563.JPEG,train.X3\n02013706,460,500,96
n02013706_1752.JPEG,train.X3\n02013706,474,500,96
n02013706_1950.JPEG,train.X3\n02013706,467,500,96
n02013706_1964.JPEG,train.X3\n02013706,471,500,96
n02013706_2007.JPEG,train.X3\n02013706,500,456,96
n02013706_2105.JPEG,train.X3\n02013706,470,500,96
n02013706_2203.JPEG,train.X3\n02013706,475,500,96
n02013706_2276.JPEG,train.X3\n02013706,500,453,96
n02013706_2298.JPEG,train.X3\n02013706,481,500,96
n02013706_2336.JPEG,train.X3\n02013706,491,500,96
n02013706_2474.JPEG,train.X3\n02013706,472,500,96
n02013706_2756.JPEG,train.X3\n02013706,469,500,96
n02013706_2798.JPEG,train.X3\n02013706,500,488,96
n02013706_2849.JPEG,train.X3\n02013706,462,500,96
n02013706_2916.JPEG,train.X3\n02013706,500,481,96
n02013706_2952.JPEG,train.X3\n02013706,500,488,96
n02013706_3043.JPEG,train.X3\n02013706,500,456,96
n02013706_3204.JPEG,train.X3\n02013706,461,500,96
n02013706_3317.JPEG,train.X3\n02013706,500,461,96
n02013706_3357.JPEG,train.X3\n02013706,481,500,96
n02013706_3451.JPEG,train.X3\n02013706,481,500,96
n02013706_3523.JPEG,train.X3\n02013706,455,500,96
n02013706_3597.JPEG,train.X3\n02013706,470,500,96
n02013706_3718.JPEG,train.X3\n02013706,500,458,96
n02013706_393.JPEG,train.X3\n02013706,496,500,96
n02013706_4097.JPEG,train.X3\n02013706,481,500,96
n02013706_4361.JPEG,train.X3\n02013706,493,500,96
n02013706_4420.JPEG,train.X3\n02013706,500,452,96
n02013706_4436.JPEG,train.X3\n02013706,491,500,96
n02013706_4766.JPEG,train.X3\n02013706,458,500,96
n02013706_4786.JPEG,train.X3\n02013706,486,500,96
n02013706_479.JPEG,train.X3\n02013706,473,500,96
n02013706_5102.JPEG,train.X3\n02013706,470,500,96
n02013706_511.JPEG,train.X3\n02013706,500,500,96
n02013706_5230.JPEG,train.X3\n02013706,486,500,96
n02013706_5404.JPEG,train.X3\n02013706,500,450,96
n02013706_5417.JPEG,train.X3\n02013706,500,496,96
n02013706_5654.JPEG,train.X3\n02013706,458,497,96
n02013706_5818.JPEG,train.X3\n02013706,481,500,96
n02013706_5853.JPEG,train.X3\n02013706,500,500,96
n02013706_5983.JPEG,train.X3\n02013706,454,500,96
n02013706_6067.JPEG,train.X3\n02013706,499,500,96
n02013706_607.JPEG,train.X3\n02013706,500,483,96
n02013706_613.JPEG,train.X3\n02013706,461,500,96
n02013706_6253.JPEG,train.X3\n02013706,500,453,96
n02013706_6377.JPEG,train.X3\n02013706,500,456,96
n02013706_6715.JPEG,train.X3\n02013706,500,500,96
n02013706_6726.JPEG,train.X3\n02013706,500,490,96
n02013706_6779.JPEG,train.X3\n02013706,500,500,96
n02013706_6823.JPEG,train.X3\n02013706,500,500,96
n02013706_6933.JPEG,train.X3\n02013706,500,496,96
n02013706_6959.JPEG,train.X3\n02013706,473,500,96
n02013706_6972.JPEG,train.X3\n02013706,500,491,96
n02013706_7168.JPEG,train.X3\n02013706,500,451,96
n02013706_7229.JPEG,train.X3\n02013706,495,500,96
n02013706_7438.JPEG,train.X3\n02013706,500,487,96
n02013706_7517.JPEG,train.X3\n02013706,466,500,96
n02013706_7570.JPEG,train.X3\n02013706,464,500,96
n02013706_7734.JPEG,train.X3\n02013706,468,500,96
n02013706_814.JPEG,train.X3\n02013706,485,500,96
n02013706_896.JPEG,train.X3\n02013706,490,500,96
n02013706_972.JPEG,train.X3\n02013706,500,486,96
n01443537_1088.JPEG,train.X2\n01443537,500,461,96
n01443537_1103.JPEG,train.X2\n01443537,467,459,96
n01443537_13278.JPEG,train.X2\n01443537,500,500,96
n01443537_13785.JPEG,train.X2\n01443537,497,500,96
n01443537_14344.JPEG,train.X2\n01443537,500,500,96
n01443537_1504.JPEG,train.X2\n01443537,500,500,96
n01443537_16635.JPEG,train.X2\n01443537,500,474,96
n01443537_16806.JPEG,train.X2\n01443537,500,460,96
n01443537_17085.JPEG,train.X2\n01443537,500,500,96
n01443537_17252.JPEG,train.X2\n01443537,482,500,96
n01443537_17434.JPEG,train.X2\n01443537,500,500,96
n01443537_19810.JPEG,train.X2\n01443537,500,500,96
n01443537_20299.JPEG,train.X2\n01443537,500,454,96
n01443537_22401.JPEG,train.X2\n01443537,500,487,96
n01443537_22725.JPEG,train.X2\n01443537,500,500,96
n01443537_23085.JPEG,train.X2\n01443537,500,462,96
n01443537_2719.JPEG,train.X2\n01443537,500,480,96
n01443537_3817.JPEG,train.X2\n01443537,460,500,96
n01443537_5808.JPEG,train.X2\n01443537,500,500,96
n01443537_7428.JPEG,train.X2\n01443537,500,500,96
n01443537_7768.JPEG,train.X2\n01443537,473,500,96
n01443537_8108.JPEG,train.X2\n01443537,500,456,96
n01443537_9836.JPEG,train.X2\n01443537,500,457,96
n01514668_10921.JPEG,train.X2\n01514668,500,500,96
n01514668_10979.JPEG,train.X2\n01514668,500,500,96
n01514668_12004.JPEG,train.X2\n01514668,500,473,96
n01514668_12809.JPEG,train.X2\n01514668,478,500,96
n01514668_13092.JPEG,train.X2\n01514668,500,500,96
n01514668_1314.JPEG,train.X2\n01514668,500,486,96
n01514668_13265.JPEG,train.X2\n01514668,500,500,96
n01514668_13383.JPEG,train.X2\n01514668,500,500,96
n01514668_13414.JPEG,train.X2\n01514668,500,464,96
n01514668_13688.JPEG,train.X2\n01514668,469,500,96
n01514668_13690.JPEG,train.X2\n01514668,500,484,96
n01514668_13876.JPEG,train.X2\n01514668,500,500,96
n01514668_14043.JPEG,train.X2\n01514668,500,454,96
n01514668_14104.JPEG,train.X2\n01514668,500,500,96
n01514668_14391.JPEG,train.X2\n01514668,500,500,96
n01514668_14452.JPEG,train.X2\n01514668,500,500,96
n01514668_14470.JPEG,train.X2\n01514668,500,456,96
n01514668_14627.JPEG,train.X2\n01514668,500,500,96
n01514668_14690.JPEG,train.X2\n01514668,469,500,96
n01514668_14945.JPEG,train.X2\n01514668,471,500,96
n01514668_15083.JPEG,train.X2\n01514668,500,466,96
n01514668_15144.JPEG,train.X2\n01514668,492,500,96
n01514668_15174.JPEG,train.X2\n01514668,500,462,96
n01514668_15569.JPEG,train.X2\n01514668,500,500,96
n01514668_15627.JPEG,train.X2\n01514668,500,460,96
n01514668_15691.JPEG,train.X2\n01514668,500,498,96
n01514668_15695.JPEG,train.X2\n01514668,480,500,96
n01514668_15838.JPEG,train.X2\n01514668,497,500,96
n01514668_16059.JPEG,train.X2\n01514668,500,500,96
n01514668_16113.JPEG,train.X2\n01514668,500,500,96
n01514668_16158.JPEG,train.X2\n01514668,500,498,96
n01514668_16589.JPEG,train.X2\n01514668,500,450,96
n01514668_16615.JPEG,train.X2\n01514668,462,500,96
n01514668_16697.JPEG,train.X2\n01514668,489,500,96
n01514668_16798.JPEG,train.X2\n01514668,477,500,96
n01514668_17075.JPEG,train.X2\n01514668,500,500,96
n01514668_17079.JPEG,train.X2\n01514668,500,500,96
n01514668_17119.JPEG,train.X2\n01514668,500,460,96
n01514668_17470.JPEG,train.X2\n01514668,500,481,96
n01514668_17540.JPEG,train.X2\n01514668,490,500,96
n01514668_17580.JPEG,train.X2\n01514668,485,500,96
n01514668_17750.JPEG,train.X2\n01514668,500,452,96
n01514668_17986.JPEG,train.X2\n01514668,500,499,96
n01514668_17997.JPEG,train.X2\n01514668,475,500,96
n01514668_18144.JPEG,train.X2\n01514668,500,500,96
n01514668_18317.JPEG,train.X2\n01514668,500,500,96
n01514668_18335.JPEG,train.X2\n01514668,500,463,96
n01514668_18352.JPEG,train.X2\n01514668,468,500,96
n01514668_18423.JPEG,train.X2\n01514668,456,500,96
n01514668_18506.JPEG,train.X2\n01514668,500,500,96
n01514668_18585.JPEG,train.X2\n01514668,500,499,96
n01514668_19117.JPEG,train.X2\n01514668,500,487,96
n01514668_19146.JPEG,train.X2\n01514668,488,500,96
n01514668_19233.JPEG,train.X2\n01514668,500,456,96
n01514668_19416.JPEG,train.X2\n01514668,500,500,96
n01514668_19593.JPEG,train.X2\n01514668,500,500,96
n01514668_19607.JPEG,train.X2\n01514668,500,500,96
n01514668_19622.JPEG,train.X2\n01514668,500,500,96
n01514668_20081.JPEG,train.X2\n01514668,500,489,96
n01514668_20239.JPEG,train.X2\n01514668,463,500,96
n01514668_20320.JPEG,train.X2\n01514668,489,500,96
n01514668_20376.JPEG,train.X2\n01514668,500,466,96
n01514668_20621.JPEG,train.X2\n01514668,500,500,96
n01514668_21043.JPEG,train.X2\n01514668,485,500,96
n01514668_21277.JPEG,train.X2\n01514668,479,500,96
n01514668_21375.JPEG,train.X2\n01514668,500,499,96
n01514668_21395.JPEG,train.X2\n01514668,500,470,96
n01514668_21534.JPEG,train.X2\n01514668,500,500,96
n01514668_21662.JPEG,train.X2\n01514668,500,500,96
n01514668_21678.JPEG,train.X2\n01514668,487,500,96
n01514668_21859.JPEG,train.X2\n01514668,457,500,96
n01514668_21881.JPEG,train.X2\n01514668,500,500,96
n01514668_21988.JPEG,train.X2\n01514668,500,499,96
n01514668_22146.JPEG,train.X2\n01514668,500,500,96
n01514668_22274.JPEG,train.X2\n01514668,494,500,96
n01514668_22448.JPEG,train.X2\n01514668,500,466,96
n01514668_22588.JPEG,train.X2\n01514668,488,500,96
n01514668_22683.JPEG,train.X2\n01514668,500,450,96
n01514668_23006.JPEG,train.X2\n01514668,500,457,96
n01514668_2305.JPEG,train.X2\n01514668,456,500,96
n01514668_2331.JPEG,train.X2\n01514668,500,500,96
n01514668_23866.JPEG,train.X2\n01514668,500,484,96
n01514668_3369.JPEG,train.X2\n01514668,500,500,96
n01514668_355.JPEG,train.X2\n01514668,500,500,96
n01514668_3850.JPEG,train.X2\n01514668,468,500,96
n01514668_4066.JPEG,train.X2\n01514668,491,500,96
n01514668_4173.JPEG,train.X2\n01514668,472,500,96
n01514668_4485.JPEG,train.X2\n01514668,455,500,96
n01514668_4654.JPEG,train.X2\n01514668,500,500,96
n01514668_5045.JPEG,train.X2\n01514668,500,500,96
n01514668_5115.JPEG,train.X2\n01514668,452,500,96
n01514668_5511.JPEG,train.X2\n01514668,498,500,96
n01514668_5630.JPEG,train.X2\n01514668,472,500,96
n01514668_5880.JPEG,train.X2\n01514668,451,500,96
n01514668_6950.JPEG,train.X2\n01514668,500,485,96
n01514668_7531.JPEG,train.X2\n01514668,500,499,96
n01514668_8607.JPEG,train.X2\n01514668,500,489,96
n01514668_9058.JPEG,train.X2\n01514668,500,483,96
n01514668_9789.JPEG,train.X2\n01514668,500,500,96
n01514859_10056.JPEG,train.X2\n01514859,471,500,96
n01514859_10188.JPEG,train.X2\n01514859,500,480,96
n01514859_10320.JPEG,train.X2\n01514859,500,474,96
n01514859_10345.JPEG,train.X2\n01514859,489,500,96
n01514859_10561.JPEG,train.X2\n01514859,500,467,96
n01514859_10846.JPEG,train.X2\n01514859,492,500,96
n01514859_10898.JPEG,train.X2\n01514859,500,467,96
n01514859_10908.JPEG,train.X2\n01514859,498,500,96
n01514859_11062.JPEG,train.X2\n01514859,500,464,96
n01514859_11095.JPEG,train.X2\n01514859,454,500,96
n01514859_1136.JPEG,train.X2\n01514859,463,500,96
n01514859_11369.JPEG,train.X2\n01514859,488,500,96
n01514859_11406.JPEG,train.X2\n01514859,500,500,96
n01514859_11429.JPEG,train.X2\n01514859,497,500,96
n01514859_11534.JPEG,train.X2\n01514859,500,489,96
n01514859_11542.JPEG,train.X2\n01514859,500,500,96
n01514859_11584.JPEG,train.X2\n01514859,479,500,96
n01514859_11592.JPEG,train.X2\n01514859,500,500,96
n01514859_11646.JPEG,train.X2\n01514859,500,461,96
n01514859_11809.JPEG,train.X2\n01514859,500,496,96
n01514859_11859.JPEG,train.X2\n01514859,500,460,96
n01514859_11939.JPEG,train.X2\n01514859,500,469,96
n01514859_12052.JPEG,train.X2\n01514859,450,500,96
n01514859_1213.JPEG,train.X2\n01514859,488,500,96
n01514859_12197.JPEG,train.X2\n01514859,500,478,96
n01514859_12244.JPEG,train.X2\n01514859,500,500,96
n01514859_12347.JPEG,train.X2\n01514859,471,500,96
n01514859_12397.JPEG,train.X2\n01514859,500,500,96
n01514859_12645.JPEG,train.X2\n01514859,500,498,96
n01514859_12769.JPEG,train.X2\n01514859,481,500,96
n01514859_129.JPEG,train.X2\n01514859,500,483,96
n01514859_1678.JPEG,train.X2\n01514859,489,500,96
n01514859_1988.JPEG,train.X2\n01514859,491,500,96
n01514859_2198.JPEG,train.X2\n01514859,500,487,96
n01514859_2287.JPEG,train.X2\n01514859,500,497,96
n01514859_246.JPEG,train.X2\n01514859,500,500,96
n01514859_2490.JPEG,train.X2\n01514859,459,500,96
n01514859_2589.JPEG,train.X2\n01514859,500,450,96
n01514859_3061.JPEG,train.X2\n01514859,500,500,96
n01514859_3197.JPEG,train.X2\n01514859,500,460,96
n01514859_3322.JPEG,train.X2\n01514859,500,492,96
n01514859_3495.JPEG,train.X2\n01514859,500,500,96
n01514859_3597.JPEG,train.X2\n01514859,500,460,96
n01514859_3888.JPEG,train.X2\n01514859,500,500,96
n01514859_3903.JPEG,train.X2\n01514859,500,476,96
n01514859_3981.JPEG,train.X2\n01514859,483,500,96
n01514859_4045.JPEG,train.X2\n01514859,500,479,96
n01514859_4139.JPEG,train.X2\n01514859,500,500,96
n01514859_4211.JPEG,train.X2\n01514859,460,500,96
n01514859_4246.JPEG,train.X2\n01514859,500,458,96
n01514859_4710.JPEG,train.X2\n01514859,500,500,96
n01514859_4770.JPEG,train.X2\n01514859,471,500,96
n01514859_487.JPEG,train.X2\n01514859,500,492,96
n01514859_4873.JPEG,train.X2\n01514859,500,500,96
n01514859_5215.JPEG,train.X2\n01514859,489,500,96
n01514859_5217.JPEG,train.X2\n01514859,498,500,96
n01514859_555.JPEG,train.X2\n01514859,500,451,96
n01514859_6437.JPEG,train.X2\n01514859,500,464,96
n01514859_652.JPEG,train.X2\n01514859,500,464,96
n01514859_6562.JPEG,train.X2\n01514859,453,500,96
n01514859_6849.JPEG,train.X2\n01514859,500,500,96
n01514859_700.JPEG,train.X2\n01514859,495,500,96
n01514859_7087.JPEG,train.X2\n01514859,500,454,96
n01514859_7606.JPEG,train.X2\n01514859,500,500,96
n01514859_7768.JPEG,train.X2\n01514859,500,457,96
n01514859_8220.JPEG,train.X2\n01514859,488,500,96
n01514859_8541.JPEG,train.X2\n01514859,500,464,96
n01514859_8886.JPEG,train.X2\n01514859,500,458,96
n01514859_9007.JPEG,train.X2\n01514859,500,480,96
n01514859_9320.JPEG,train.X2\n01514859,500,483,96
n01537544_10068.JPEG,train.X2\n01537544,500,500,96
n01537544_1025.JPEG,train.X2\n01537544,489,500,96
n01537544_1031.JPEG,train.X2\n01537544,499,500,96
n01537544_1043.JPEG,train.X2\n01537544,467,500,96
n01537544_10674.JPEG,train.X2\n01537544,500,500,96
n01537544_1160.JPEG,train.X2\n01537544,500,492,96
n01537544_1302.JPEG,train.X2\n01537544,483,500,96
n01537544_1308.JPEG,train.X2\n01537544,500,500,96
n01537544_1435.JPEG,train.X2\n01537544,500,491,96
n01537544_171.JPEG,train.X2\n01537544,500,500,96
n01537544_1733.JPEG,train.X2\n01537544,484,500,96
n01537544_1817.JPEG,train.X2\n01537544,500,454,96
n01537544_1823.JPEG,train.X2\n01537544,500,482,96
n01537544_1885.JPEG,train.X2\n01537544,500,475,96
n01537544_1886.JPEG,train.X2\n01537544,500,461,96
n01537544_1902.JPEG,train.X2\n01537544,500,497,96
n01537544_1996.JPEG,train.X2\n01537544,469,500,96
n01537544_2000.JPEG,train.X2\n01537544,463,500,96
n01537544_2096.JPEG,train.X2\n01537544,500,500,96
n01537544_2244.JPEG,train.X2\n01537544,500,500,96
n01537544_2260.JPEG,train.X2\n01537544,500,471,96
n01537544_2594.JPEG,train.X2\n01537544,500,500,96
n01537544_261.JPEG,train.X2\n01537544,500,457,96
n01537544_2903.JPEG,train.X2\n01537544,458,500,96
n01537544_2907.JPEG,train.X2\n01537544,500,484,96
n01537544_2965.JPEG,train.X2\n01537544,500,478,96
n01537544_2992.JPEG,train.X2\n01537544,500,471,96
n01537544_2994.JPEG,train.X2\n01537544,468,500,96
n01537544_3277.JPEG,train.X2\n01537544,500,500,96
n01537544_3364.JPEG,train.X2\n01537544,500,484,96
n01537544_3412.JPEG,train.X2\n01537544,500,457,96
n01537544_3439.JPEG,train.X2\n01537544,476,500,96
n01537544_3726.JPEG,train.X2\n01537544,460,468,96
n01537544_3956.JPEG,train.X2\n01537544,492,500,96
n01537544_3976.JPEG,train.X2\n01537544,500,500,96
n01537544_4068.JPEG,train.X2\n01537544,450,500,96
n01537544_4305.JPEG,train.X2\n01537544,484,500,96
n01537544_4484.JPEG,train.X2\n01537544,500,500,96
n01537544_4586.JPEG,train.X2\n01537544,500,500,96
n01537544_549.JPEG,train.X2\n01537544,500,500,96
n01537544_5580.JPEG,train.X2\n01537544,500,461,96
n01537544_5926.JPEG,train.X2\n01537544,498,500,96
n01537544_6125.JPEG,train.X2\n01537544,500,478,96
n01537544_6159.JPEG,train.X2\n01537544,494,500,96
n01537544_6180.JPEG,train.X2\n01537544,500,459,96
n01537544_624.JPEG,train.X2\n01537544,487,500,96
n01537544_6303.JPEG,train.X2\n01537544,481,500,96
n01537544_6322.JPEG,train.X2\n01537544,500,500,96
n01537544_6369.JPEG,train.X2\n01537544,469,500,96
n01537544_6371.JPEG,train.X2\n01537544,500,455,96
n01537544_6683.JPEG,train.X2\n01537544,499,500,96
n01537544_6718.JPEG,train.X2\n01537544,500,454,96
n01537544_6750.JPEG,train.X2\n01537544,500,498,96
n01537544_6889.JPEG,train.X2\n01537544,500,500,96
n01537544_7075.JPEG,train.X2\n01537544,500,455,96
n01537544_726.JPEG,train.X2\n01537544,470,500,96
n01537544_7334.JPEG,train.X2\n01537544,500,462,96
n01537544_7665.JPEG,train.X2\n01537544,500,474,96
n01537544_7960.JPEG,train.X2\n01537544,459,500,96
n01537544_8648.JPEG,train.X2\n01537544,500,500,96
n01537544_8709.JPEG,train.X2\n01537544,500,486,96
n01537544_8726.JPEG,train.X2\n01537544,500,500,96
n01537544_8793.JPEG,train.X2\n01537544,500,499,96
n01537544_8821.JPEG,train.X2\n01537544,487,500,96
n01537544_8881.JPEG,train.X2\n01537544,463,500,96
n01537544_9202.JPEG,train.X2\n01537544,500,500,96
n01537544_9540.JPEG,train.X2\n01537544,500,492,96
n01537544_9556.JPEG,train.X2\n01537544,500,481,96
n01537544_9625.JPEG,train.X2\n01537544,500,475,96
n01537544_9663.JPEG,train.X2\n01537544,492,500,96
n01537544_9683.JPEG,train.X2\n01537544,493,456,96
n01537544_9823.JPEG,train.X2\n01537544,500,469,96
n01537544_9830.JPEG,train.X2\n01537544,476,500,96
n01537544_9832.JPEG,train.X2\n01537544,473,500,96
n01537544_9964.JPEG,train.X2\n01537544,500,492,96
n01592084_1112.JPEG,train.X2\n01592084,500,457,96
n01592084_1138.JPEG,train.X2\n01592084,500,462,96
n01592084_1203.JPEG,train.X2\n01592084,500,500,96
n01592084_1287.JPEG,train.X2\n01592084,500,476,96
n01592084_1298.JPEG,train.X2\n01592084,491,500,96
n01592084_1392.JPEG,train.X2\n01592084,471,500,96
n01592084_1473.JPEG,train.X2\n01592084,500,500,96
n01592084_1572.JPEG,train.X2\n01592084,500,500,96
n01592084_1619.JPEG,train.X2\n01592084,500,469,96
n01592084_1688.JPEG,train.X2\n01592084,484,500,96
n01592084_1733.JPEG,train.X2\n01592084,500,485,96
n01592084_1937.JPEG,train.X2\n01592084,500,480,96
n01592084_1952.JPEG,train.X2\n01592084,500,500,96
n01592084_2017.JPEG,train.X2\n01592084,500,500,96
n01592084_2083.JPEG,train.X2\n01592084,478,500,96
n01592084_2174.JPEG,train.X2\n01592084,492,500,96
n01592084_2189.JPEG,train.X2\n01592084,500,459,96
n01592084_2283.JPEG,train.X2\n01592084,500,467,96
n01592084_2360.JPEG,train.X2\n01592084,457,500,96
n01592084_24.JPEG,train.X2\n01592084,500,452,96
n01592084_2609.JPEG,train.X2\n01592084,500,467,96
n01592084_2714.JPEG,train.X2\n01592084,500,473,96
n01592084_284.JPEG,train.X2\n01592084,500,453,96
n01592084_2847.JPEG,train.X2\n01592084,500,481,96
n01592084_2859.JPEG,train.X2\n01592084,500,500,96
n01592084_2879.JPEG,train.X2\n01592084,500,453,96
n01592084_2996.JPEG,train.X2\n01592084,500,500,96
n01592084_3025.JPEG,train.X2\n01592084,496,500,96
n01592084_3026.JPEG,train.X2\n01592084,500,467,96
n01592084_3146.JPEG,train.X2\n01592084,500,500,96
n01592084_3150.JPEG,train.X2\n01592084,481,500,96
n01592084_3252.JPEG,train.X2\n01592084,500,489,96
n01592084_3264.JPEG,train.X2\n01592084,469,500,96
n01592084_3273.JPEG,train.X2\n01592084,500,500,96
n01592084_3302.JPEG,train.X2\n01592084,462,500,96
n01592084_3467.JPEG,train.X2\n01592084,500,465,96
n01592084_3533.JPEG,train.X2\n01592084,454,500,96
n01592084_3555.JPEG,train.X2\n01592084,500,486,96
n01592084_3628.JPEG,train.X2\n01592084,500,500,96
n01592084_3763.JPEG,train.X2\n01592084,500,495,96
n01592084_3787.JPEG,train.X2\n01592084,500,461,96
n01592084_379.JPEG,train.X2\n01592084,485,463,96
n01592084_3796.JPEG,train.X2\n01592084,500,487,96
n01592084_3798.JPEG,train.X2\n01592084,500,500,96
n01592084_3801.JPEG,train.X2\n01592084,493,500,96
n01592084_3853.JPEG,train.X2\n01592084,492,500,96
n01592084_3867.JPEG,train.X2\n01592084,459,500,96
n01592084_3924.JPEG,train.X2\n01592084,500,499,96
n01592084_3925.JPEG,train.X2\n01592084,459,500,96
n01592084_3972.JPEG,train.X2\n01592084,500,481,96
n01592084_3977.JPEG,train.X2\n01592084,500,500,96
n01592084_4040.JPEG,train.X2\n01592084,500,494,96
n01592084_4361.JPEG,train.X2\n01592084,495,500,96
n01592084_437.JPEG,train.X2\n01592084,463,500,96
n01592084_4421.JPEG,train.X2\n01592084,500,500,96
n01592084_4546.JPEG,train.X2\n01592084,500,465,96
n01592084_4605.JPEG,train.X2\n01592084,451,500,96
n01592084_4621.JPEG,train.X2\n01592084,500,500,96
n01592084_4685.JPEG,train.X2\n01592084,500,500,96
n01592084_4687.JPEG,train.X2\n01592084,500,454,96
n01592084_4761.JPEG,train.X2\n01592084,500,500,96
n01592084_481.JPEG,train.X2\n01592084,500,500,96
n01592084_489.JPEG,train.X2\n01592084,500,456,96
n01592084_4894.JPEG,train.X2\n01592084,472,500,96
n01592084_49.JPEG,train.X2\n01592084,500,494,96
n01592084_4955.JPEG,train.X2\n01592084,500,500,96
n01592084_5080.JPEG,train.X2\n01592084,500,464,96
n01592084_5091.JPEG,train.X2\n01592084,500,500,96
n01592084_5119.JPEG,train.X2\n01592084,500,478,96
n01592084_5125.JPEG,train.X2\n01592084,500,475,96
n01592084_5129.JPEG,train.X2\n01592084,461,500,96
n01592084_5227.JPEG,train.X2\n01592084,500,500,96
n01592084_5253.JPEG,train.X2\n01592084,500,452,96
n01592084_530.JPEG,train.X2\n01592084,500,453,96
n01592084_5342.JPEG,train.X2\n01592084,500,500,96
n01592084_5346.JPEG,train.X2\n01592084,485,500,96
n01592084_5388.JPEG,train.X2\n01592084,500,500,96
n01592084_5396.JPEG,train.X2\n01592084,500,500,96
n01592084_5408.JPEG,train.X2\n01592084,500,498,96
n01592084_5453.JPEG,train.X2\n01592084,500,500,96
n01592084_549.JPEG,train.X2\n01592084,464,500,96
n01592084_5605.JPEG,train.X2\n01592084,500,458,96
n01592084_5645.JPEG,train.X2\n01592084,491,500,96
n01592084_5652.JPEG,train.X2\n01592084,500,492,96
n01592084_5666.JPEG,train.X2\n01592084,500,488,96
n01592084_5739.JPEG,train.X2\n01592084,500,497,96
n01592084_575.JPEG,train.X2\n01592084,500,463,96
n01592084_5834.JPEG,train.X2\n01592084,500,452,96
n01592084_5864.JPEG,train.X2\n01592084,500,469,96
n01592084_5867.JPEG,train.X2\n01592084,454,500,96
n01592084_5898.JPEG,train.X2\n01592084,487,500,96
n01592084_5919.JPEG,train.X2\n01592084,496,500,96
n01592084_5921.JPEG,train.X2\n01592084,500,500,96
n01592084_5958.JPEG,train.X2\n01592084,500,494,96
n01592084_6007.JPEG,train.X2\n01592084,472,500,96
n01592084_6054.JPEG,train.X2\n01592084,486,500,96
n01592084_6062.JPEG,train.X2\n01592084,500,500,96
n01592084_6166.JPEG,train.X2\n01592084,474,500,96
n01592084_6209.JPEG,train.X2\n01592084,500,469,96
n01592084_6266.JPEG,train.X2\n01592084,487,500,96
n01592084_6279.JPEG,train.X2\n01592084,466,500,96
n01592084_6291.JPEG,train.X2\n01592084,500,500,96
n01592084_6340.JPEG,train.X2\n01592084,500,500,96
n01592084_6364.JPEG,train.X2\n01592084,500,474,96
n01592084_6368.JPEG,train.X2\n01592084,500,452,96
n01592084_6388.JPEG,train.X2\n01592084,500,500,96
n01592084_6422.JPEG,train.X2\n01592084,500,456,96
n01592084_6456.JPEG,train.X2\n01592084,500,500,96
n01592084_6567.JPEG,train.X2\n01592084,500,500,96
n01592084_6604.JPEG,train.X2\n01592084,489,500,96
n01592084_6695.JPEG,train.X2\n01592084,500,490,96
n01592084_6724.JPEG,train.X2\n01592084,500,475,96
n01592084_6802.JPEG,train.X2\n01592084,500,500,96
n01592084_6850.JPEG,train.X2\n01592084,463,480,96
n01592084_6915.JPEG,train.X2\n01592084,500,500,96
n01592084_6933.JPEG,train.X2\n01592084,500,461,96
n01592084_6953.JPEG,train.X2\n01592084,500,500,96
n01592084_7037.JPEG,train.X2\n01592084,450,500,96
n01592084_7050.JPEG,train.X2\n01592084,455,500,96
n01592084_7057.JPEG,train.X2\n01592084,474,500,96
n01592084_7156.JPEG,train.X2\n01592084,500,500,96
n01592084_730.JPEG,train.X2\n01592084,500,500,96
n01592084_7528.JPEG,train.X2\n01592084,500,500,96
n01592084_7530.JPEG,train.X2\n01592084,471,500,96
n01592084_7632.JPEG,train.X2\n01592084,500,469,96
n01592084_7715.JPEG,train.X2\n01592084,500,500,96
n01592084_7761.JPEG,train.X2\n01592084,500,500,96
n01592084_7794.JPEG,train.X2\n01592084,500,492,96
n01592084_7825.JPEG,train.X2\n01592084,458,500,96
n01592084_7933.JPEG,train.X2\n01592084,500,465,96
n01592084_8067.JPEG,train.X2\n01592084,500,469,96
n01592084_830.JPEG,train.X2\n01592084,500,454,96
n01592084_874.JPEG,train.X2\n01592084,500,480,96
n01592084_8791.JPEG,train.X2\n01592084,461,500,96
n01592084_8884.JPEG,train.X2\n01592084,500,500,96
n01592084_90.JPEG,train.X2\n01592084,500,498,96
n01592084_9682.JPEG,train.X2\n01592084,465,500,96
n01608432_1031.JPEG,train.X2\n01608432,500,500,96
n01608432_1114.JPEG,train.X2\n01608432,500,461,96
n01608432_11234.JPEG,train.X2\n01608432,500,500,96
n01608432_11251.JPEG,train.X2\n01608432,500,454,96
n01608432_11386.JPEG,train.X2\n01608432,500,464,96
n01608432_11518.JPEG,train.X2\n01608432,500,461,96
n01608432_11548.JPEG,train.X2\n01608432,490,500,96
n01608432_12028.JPEG,train.X2\n01608432,500,500,96
n01608432_12361.JPEG,train.X2\n01608432,500,456,96
n01608432_12717.JPEG,train.X2\n01608432,453,500,96
n01608432_13027.JPEG,train.X2\n01608432,500,500,96
n01608432_1337.JPEG,train.X2\n01608432,500,500,96
n01608432_13592.JPEG,train.X2\n01608432,490,500,96
n01608432_13605.JPEG,train.X2\n01608432,500,472,96
n01608432_13848.JPEG,train.X2\n01608432,500,495,96
n01608432_14016.JPEG,train.X2\n01608432,500,500,96
n01608432_14491.JPEG,train.X2\n01608432,458,500,96
n01608432_14626.JPEG,train.X2\n01608432,500,471,96
n01608432_15215.JPEG,train.X2\n01608432,500,500,96
n01608432_15264.JPEG,train.X2\n01608432,500,467,96
n01608432_16479.JPEG,train.X2\n01608432,498,500,96
n01608432_2041.JPEG,train.X2\n01608432,459,500,96
n01608432_2093.JPEG,train.X2\n01608432,500,465,96
n01608432_2211.JPEG,train.X2\n01608432,500,500,96
n01608432_2335.JPEG,train.X2\n01608432,500,500,96
n01608432_2879.JPEG,train.X2\n01608432,500,500,96
n01608432_3145.JPEG,train.X2\n01608432,478,500,96
n01608432_3483.JPEG,train.X2\n01608432,500,500,96
n01608432_3533.JPEG,train.X2\n01608432,478,500,96
n01608432_3867.JPEG,train.X2\n01608432,483,500,96
n01608432_41227.JPEG,train.X2\n01608432,500,451,96
n01608432_4459.JPEG,train.X2\n01608432,500,468,96
n01608432_4751.JPEG,train.X2\n01608432,500,492,96
n01608432_4764.JPEG,train.X2\n01608432,500,500,96
n01608432_4911.JPEG,train.X2\n01608432,500,498,96
n01608432_5212.JPEG,train.X2\n01608432,500,450,96
n01608432_5572.JPEG,train.X2\n01608432,500,500,96
n01608432_5713.JPEG,train.X2\n01608432,500,460,96
n01608432_5827.JPEG,train.X2\n01608432,500,498,96
n01608432_6266.JPEG,train.X2\n01608432,500,483,96
n01608432_6546.JPEG,train.X2\n01608432,453,500,96
n01608432_7166.JPEG,train.X2\n01608432,500,500,96
n01608432_7439.JPEG,train.X2\n01608432,500,451,96
n01608432_7510.JPEG,train.X2\n01608432,500,500,96
n01608432_7589.JPEG,train.X2\n01608432,500,500,96
n01608432_7608.JPEG,train.X2\n01608432,500,500,96
n01608432_7953.JPEG,train.X2\n01608432,500,453,96
n01608432_7971.JPEG,train.X2\n01608432,500,500,96
n01608432_8351.JPEG,train.X2\n01608432,500,500,96
n01608432_8472.JPEG,train.X2\n01608432,500,456,96
n01608432_883.JPEG,train.X2\n01608432,500,485,96
n01608432_8908.JPEG,train.X2\n01608432,500,500,96
n01608432_9003.JPEG,train.X2\n01608432,500,500,96
n01608432_9253.JPEG,train.X2\n01608432,455,500,96
n01608432_9512.JPEG,train.X2\n01608432,475,500,96
n01677366_11020.JPEG,train.X2\n01677366,472,500,96
n01677366_11120.JPEG,train.X2\n01677366,500,485,96
n01677366_11288.JPEG,train.X2\n01677366,500,485,96
n01677366_12067.JPEG,train.X2\n01677366,452,500,96
n01677366_12375.JPEG,train.X2\n01677366,500,471,96
n01677366_13754.JPEG,train.X2\n01677366,500,496,96
n01677366_13814.JPEG,train.X2\n01677366,500,500,96
n01677366_14128.JPEG,train.X2\n01677366,500,489,96
n01677366_14538.JPEG,train.X2\n01677366,500,465,96
n01677366_16706.JPEG,train.X2\n01677366,500,491,96
n01677366_16804.JPEG,train.X2\n01677366,500,481,96
n01677366_17041.JPEG,train.X2\n01677366,479,500,96
n01677366_18804.JPEG,train.X2\n01677366,488,500,96
n01677366_23093.JPEG,train.X2\n01677366,500,476,96
n01677366_2432.JPEG,train.X2\n01677366,500,469,96
n01677366_2917.JPEG,train.X2\n01677366,500,474,96
n01677366_30346.JPEG,train.X2\n01677366,500,500,96
n01677366_34395.JPEG,train.X2\n01677366,500,500,96
n01677366_36713.JPEG,train.X2\n01677366,456,500,96
n01677366_36920.JPEG,train.X2\n01677366,500,484,96
n01677366_36938.JPEG,train.X2\n01677366,500,500,96
n01677366_37240.JPEG,train.X2\n01677366,500,499,96
n01677366_37483.JPEG,train.X2\n01677366,500,500,96
n01677366_40559.JPEG,train.X2\n01677366,500,500,96
n01677366_40615.JPEG,train.X2\n01677366,500,500,96
n01677366_45856.JPEG,train.X2\n01677366,500,453,96
n01677366_46982.JPEG,train.X2\n01677366,500,455,96
n01677366_47131.JPEG,train.X2\n01677366,500,485,96
n01677366_5046.JPEG,train.X2\n01677366,500,500,96
n01677366_5236.JPEG,train.X2\n01677366,500,498,96
n01677366_5557.JPEG,train.X2\n01677366,500,483,96
n01677366_6267.JPEG,train.X2\n01677366,500,500,96
n01677366_6741.JPEG,train.X2\n01677366,468,500,96
n01677366_7185.JPEG,train.X2\n01677366,500,477,96
n01677366_8523.JPEG,train.X2\n01677366,500,468,96
n01677366_8678.JPEG,train.X2\n01677366,500,491,96
n01677366_8751.JPEG,train.X2\n01677366,500,467,96
n01698640_10834.JPEG,train.X2\n01698640,453,500,96
n01698640_2499.JPEG,train.X2\n01698640,500,454,96
n01698640_3015.JPEG,train.X2\n01698640,500,500,96
n01698640_4059.JPEG,train.X2\n01698640,500,492,96
n01698640_4944.JPEG,train.X2\n01698640,500,477,96
n01698640_5423.JPEG,train.X2\n01698640,500,500,96
n01698640_5966.JPEG,train.X2\n01698640,452,500,96
n01698640_684.JPEG,train.X2\n01698640,486,500,96
n01698640_7709.JPEG,train.X2\n01698640,475,500,96
n01698640_8976.JPEG,train.X2\n01698640,459,500,96
n01698640_909.JPEG,train.X2\n01698640,462,500,96
n01698640_933.JPEG,train.X2\n01698640,500,490,96
n01728572_10162.JPEG,train.X2\n01728572,499,500,96
n01728572_10559.JPEG,train.X2\n01728572,459,500,96
n01728572_10750.JPEG,train.X2\n01728572,500,457,96
n01728572_11910.JPEG,train.X2\n01728572,500,500,96
n01728572_11926.JPEG,train.X2\n01728572,500,500,96
n01728572_12219.JPEG,train.X2\n01728572,500,500,96
n01728572_13154.JPEG,train.X2\n01728572,468,500,96
n01728572_13245.JPEG,train.X2\n01728572,500,469,96
n01728572_1820.JPEG,train.X2\n01728572,500,500,96
n01728572_2310.JPEG,train.X2\n01728572,500,488,96
n01728572_2417.JPEG,train.X2\n01728572,500,450,96
n01728572_2793.JPEG,train.X2\n01728572,500,475,96
n01728572_3135.JPEG,train.X2\n01728572,500,464,96
n01728572_3540.JPEG,train.X2\n01728572,500,455,96
n01728572_4509.JPEG,train.X2\n01728572,500,461,96
n01728572_5499.JPEG,train.X2\n01728572,500,460,96
n01728572_6563.JPEG,train.X2\n01728572,500,474,96
n01729977_10004.JPEG,train.X2\n01729977,500,456,96
n01729977_10397.JPEG,train.X2\n01729977,472,500,96
n01729977_10558.JPEG,train.X2\n01729977,500,471,96
n01729977_1170.JPEG,train.X2\n01729977,471,500,96
n01729977_11884.JPEG,train.X2\n01729977,471,500,96
n01729977_12436.JPEG,train.X2\n01729977,500,469,96
n01729977_13241.JPEG,train.X2\n01729977,500,500,96
n01729977_1500.JPEG,train.X2\n01729977,500,500,96
n01729977_15541.JPEG,train.X2\n01729977,500,500,96
n01729977_15577.JPEG,train.X2\n01729977,492,500,96
n01729977_15627.JPEG,train.X2\n01729977,500,476,96
n01729977_16984.JPEG,train.X2\n01729977,500,459,96
n01729977_2209.JPEG,train.X2\n01729977,500,491,96
n01729977_2361.JPEG,train.X2\n01729977,500,479,96
n01729977_2786.JPEG,train.X2\n01729977,500,473,96
n01729977_2881.JPEG,train.X2\n01729977,487,500,96
n01729977_3269.JPEG,train.X2\n01729977,476,500,96
n01729977_3379.JPEG,train.X2\n01729977,500,500,96
n01729977_4113.JPEG,train.X2\n01729977,500,460,96
n01729977_5190.JPEG,train.X2\n01729977,500,454,96
n01729977_5519.JPEG,train.X2\n01729977,469,500,96
n01729977_5898.JPEG,train.X2\n01729977,500,500,96
n01729977_5924.JPEG,train.X2\n01729977,500,500,96
n01729977_6100.JPEG,train.X2\n01729977,500,452,96
n01729977_6290.JPEG,train.X2\n01729977,485,500,96
n01729977_6292.JPEG,train.X2\n01729977,500,488,96
n01729977_6297.JPEG,train.X2\n01729977,500,491,96
n01729977_6562.JPEG,train.X2\n01729977,461,500,96
n01729977_6642.JPEG,train.X2\n01729977,500,455,96
n01729977_7400.JPEG,train.X2\n01729977,500,469,96
n01729977_7449.JPEG,train.X2\n01729977,500,500,96
n01729977_7504.JPEG,train.X2\n01729977,500,458,96
n01729977_7929.JPEG,train.X2\n01729977,459,500,96
n01729977_8016.JPEG,train.X2\n01729977,500,476,96
n01729977_8284.JPEG,train.X2\n01729977,462,500,96
n01729977_8895.JPEG,train.X2\n01729977,498,500,96
n01729977_9227.JPEG,train.X2\n01729977,500,469,96
n01729977_9289.JPEG,train.X2\n01729977,500,464,96
n01735189_11896.JPEG,train.X2\n01735189,470,500,96
n01735189_12081.JPEG,train.X2\n01735189,500,500,96
n01735189_12120.JPEG,train.X2\n01735189,500,492,96
n01735189_12175.JPEG,train.X2\n01735189,500,470,96
n01735189_14192.JPEG,train.X2\n01735189,500,467,96
n01735189_14262.JPEG,train.X2\n01735189,500,450,96
n01735189_14472.JPEG,train.X2\n01735189,500,500,96
n01735189_14492.JPEG,train.X2\n01735189,500,477,96
n01735189_16573.JPEG,train.X2\n01735189,500,500,96
n01735189_1667.JPEG,train.X2\n01735189,486,500,96
n01735189_16829.JPEG,train.X2\n01735189,500,457,96
n01735189_1707.JPEG,train.X2\n01735189,500,499,96
n01735189_17071.JPEG,train.X2\n01735189,500,479,96
n01735189_18356.JPEG,train.X2\n01735189,496,500,96
n01735189_18696.JPEG,train.X2\n01735189,500,495,96
n01735189_1924.JPEG,train.X2\n01735189,500,462,96
n01735189_2055.JPEG,train.X2\n01735189,452,500,96
n01735189_2098.JPEG,train.X2\n01735189,500,500,96
n01735189_21099.JPEG,train.X2\n01735189,500,500,96
n01735189_21237.JPEG,train.X2\n01735189,500,460,96
n01735189_21354.JPEG,train.X2\n01735189,500,483,96
n01735189_2623.JPEG,train.X2\n01735189,500,479,96
n01735189_2783.JPEG,train.X2\n01735189,500,471,96
n01735189_3576.JPEG,train.X2\n01735189,500,463,96
n01735189_3633.JPEG,train.X2\n01735189,486,500,96
n01735189_4044.JPEG,train.X2\n01735189,500,453,96
n01735189_4229.JPEG,train.X2\n01735189,478,500,96
n01735189_4607.JPEG,train.X2\n01735189,500,460,96
n01735189_5556.JPEG,train.X2\n01735189,500,466,96
n01735189_6059.JPEG,train.X2\n01735189,500,491,96
n01735189_6109.JPEG,train.X2\n01735189,498,500,96
n01735189_6242.JPEG,train.X2\n01735189,500,461,96
n01735189_6580.JPEG,train.X2\n01735189,500,499,96
n01735189_7137.JPEG,train.X2\n01735189,500,471,96
n01735189_8084.JPEG,train.X2\n01735189,499,500,96
n01735189_9054.JPEG,train.X2\n01735189,473,500,96
n01735189_9726.JPEG,train.X2\n01735189,474,500,96
n01735189_9896.JPEG,train.X2\n01735189,500,500,96
n01740131_10062.JPEG,train.X2\n01740131,498,500,96
n01740131_10151.JPEG,train.X2\n01740131,500,474,96
n01740131_10539.JPEG,train.X2\n01740131,500,460,96
n01740131_10567.JPEG,train.X2\n01740131,478,500,96
n01740131_10857.JPEG,train.X2\n01740131,500,496,96
n01740131_11269.JPEG,train.X2\n01740131,500,483,96
n01740131_14896.JPEG,train.X2\n01740131,500,500,96
n01740131_16249.JPEG,train.X2\n01740131,461,500,96
n01740131_3120.JPEG,train.X2\n01740131,487,500,96
n01740131_3527.JPEG,train.X2\n01740131,500,460,96
n01740131_4434.JPEG,train.X2\n01740131,500,500,96
n01740131_5643.JPEG,train.X2\n01740131,500,500,96
n01753488_10860.JPEG,train.X2\n01753488,500,500,96
n01753488_10951.JPEG,train.X2\n01753488,500,500,96
n01753488_11102.JPEG,train.X2\n01753488,500,500,96
n01753488_11348.JPEG,train.X2\n01753488,500,465,96
n01753488_15483.JPEG,train.X2\n01753488,465,500,96
n01753488_16822.JPEG,train.X2\n01753488,500,464,96
n01753488_19.JPEG,train.X2\n01753488,494,500,96
n01753488_378.JPEG,train.X2\n01753488,500,500,96
n01753488_6464.JPEG,train.X2\n01753488,500,500,96
n01753488_7551.JPEG,train.X2\n01753488,500,500,96
n01770081_10713.JPEG,train.X2\n01770081,500,452,96
n01770081_10764.JPEG,train.X2\n01770081,458,500,96
n01770081_10809.JPEG,train.X2\n01770081,500,451,96
n01770081_1082.JPEG,train.X2\n01770081,464,500,96
n01770081_10941.JPEG,train.X2\n01770081,500,500,96
n01770081_11290.JPEG,train.X2\n01770081,500,500,96
n01770081_11349.JPEG,train.X2\n01770081,500,485,96
n01770081_11359.JPEG,train.X2\n01770081,500,458,96
n01770081_12213.JPEG,train.X2\n01770081,500,482,96
n01770081_12292.JPEG,train.X2\n01770081,500,481,96
n01770081_12419.JPEG,train.X2\n01770081,500,500,96
n01770081_12564.JPEG,train.X2\n01770081,500,496,96
n01770081_12694.JPEG,train.X2\n01770081,500,500,96
n01770081_12739.JPEG,train.X2\n01770081,500,500,96
n01770081_12811.JPEG,train.X2\n01770081,487,500,96
n01770081_13250.JPEG,train.X2\n01770081,500,485,96
n01770081_13554.JPEG,train.X2\n01770081,458,500,96
n01770081_13791.JPEG,train.X2\n01770081,500,492,96
n01770081_14463.JPEG,train.X2\n01770081,500,487,96
n01770081_14951.JPEG,train.X2\n01770081,490,500,96
n01770081_15028.JPEG,train.X2\n01770081,500,489,96
n01770081_15153.JPEG,train.X2\n01770081,500,500,96
n01770081_15469.JPEG,train.X2\n01770081,479,500,96
n01770081_15863.JPEG,train.X2\n01770081,500,476,96
n01770081_16242.JPEG,train.X2\n01770081,500,500,96
n01770081_16510.JPEG,train.X2\n01770081,500,488,96
n01770081_16831.JPEG,train.X2\n01770081,500,489,96
n01770081_16920.JPEG,train.X2\n01770081,500,500,96
n01770081_17147.JPEG,train.X2\n01770081,500,500,96
n01770081_17333.JPEG,train.X2\n01770081,500,500,96
n01770081_175.JPEG,train.X2\n01770081,500,500,96
n01770081_1767.JPEG,train.X2\n01770081,500,500,96
n01770081_1787.JPEG,train.X2\n01770081,495,500,96
n01770081_18022.JPEG,train.X2\n01770081,500,479,96
n01770081_18502.JPEG,train.X2\n01770081,500,474,96
n01770081_19.JPEG,train.X2\n01770081,500,481,96
n01770081_19442.JPEG,train.X2\n01770081,500,500,96
n01770081_20054.JPEG,train.X2\n01770081,455,500,96
n01770081_2032.JPEG,train.X2\n01770081,481,500,96
n01770081_2277.JPEG,train.X2\n01770081,500,500,96
n01770081_2286.JPEG,train.X2\n01770081,492,500,96
n01770081_2422.JPEG,train.X2\n01770081,500,486,96
n01770081_2606.JPEG,train.X2\n01770081,500,500,96
n01770081_2736.JPEG,train.X2\n01770081,500,489,96
n01770081_2914.JPEG,train.X2\n01770081,500,500,96
n01770081_3097.JPEG,train.X2\n01770081,461,500,96
n01770081_3168.JPEG,train.X2\n01770081,476,500,96
n01770081_3294.JPEG,train.X2\n01770081,500,455,96
n01770081_372.JPEG,train.X2\n01770081,453,500,96
n01770081_375.JPEG,train.X2\n01770081,500,467,96
n01770081_407.JPEG,train.X2\n01770081,490,500,96
n01770081_415.JPEG,train.X2\n01770081,499,500,96
n01770081_4213.JPEG,train.X2\n01770081,500,500,96
n01770081_4300.JPEG,train.X2\n01770081,500,500,96
n01770081_4809.JPEG,train.X2\n01770081,500,500,96
n01770081_4895.JPEG,train.X2\n01770081,500,486,96
n01770081_5279.JPEG,train.X2\n01770081,500,500,96
n01770081_554.JPEG,train.X2\n01770081,454,500,96
n01770081_557.JPEG,train.X2\n01770081,500,459,96
n01770081_6671.JPEG,train.X2\n01770081,453,500,96
n01770081_7563.JPEG,train.X2\n01770081,500,475,96
n01770081_8149.JPEG,train.X2\n01770081,500,500,96
n01770081_8896.JPEG,train.X2\n01770081,500,495,96
n01770081_9476.JPEG,train.X2\n01770081,500,484,96
n01770081_9517.JPEG,train.X2\n01770081,500,455,96
n01770081_970.JPEG,train.X2\n01770081,500,500,96
n01773157_1032.JPEG,train.X2\n01773157,500,464,96
n01773157_10352.JPEG,train.X2\n01773157,500,497,96
n01773157_11166.JPEG,train.X2\n01773157,500,500,96
n01773157_11358.JPEG,train.X2\n01773157,500,497,96
n01773157_1259.JPEG,train.X2\n01773157,500,500,96
n01773157_1374.JPEG,train.X2\n01773157,467,500,96
n01773157_1466.JPEG,train.X2\n01773157,500,500,96
n01773157_1476.JPEG,train.X2\n01773157,500,500,96
n01773157_1502.JPEG,train.X2\n01773157,500,500,96
n01773157_1610.JPEG,train.X2\n01773157,489,500,96
n01773157_1629.JPEG,train.X2\n01773157,500,469,96
n01773157_1633.JPEG,train.X2\n01773157,500,452,96
n01773157_1826.JPEG,train.X2\n01773157,500,465,96
n01773157_1834.JPEG,train.X2\n01773157,476,500,96
n01773157_2081.JPEG,train.X2\n01773157,500,500,96
n01773157_2605.JPEG,train.X2\n01773157,474,500,96
n01773157_2610.JPEG,train.X2\n01773157,500,471,96
n01773157_2859.JPEG,train.X2\n01773157,476,500,96
n01773157_2957.JPEG,train.X2\n01773157,466,500,96
n01773157_3254.JPEG,train.X2\n01773157,470,500,96
n01773157_3446.JPEG,train.X2\n01773157,500,500,96
n01773157_3680.JPEG,train.X2\n01773157,500,500,96
n01773157_3831.JPEG,train.X2\n01773157,500,469,96
n01773157_3867.JPEG,train.X2\n01773157,482,500,96
n01773157_4066.JPEG,train.X2\n01773157,500,500,96
n01773157_4125.JPEG,train.X2\n01773157,500,462,96
n01773157_4145.JPEG,train.X2\n01773157,500,500,96
n01773157_4243.JPEG,train.X2\n01773157,494,500,96
n01773157_4430.JPEG,train.X2\n01773157,500,456,96
n01773157_543.JPEG,train.X2\n01773157,500,490,96
n01773157_5542.JPEG,train.X2\n01773157,476,500,96
n01773157_559.JPEG,train.X2\n01773157,500,458,96
n01773157_5912.JPEG,train.X2\n01773157,466,500,96
n01773157_6017.JPEG,train.X2\n01773157,500,477,96
n01773157_626.JPEG,train.X2\n01773157,500,500,96
n01773157_7032.JPEG,train.X2\n01773157,472,500,96
n01773157_7375.JPEG,train.X2\n01773157,500,460,96
n01773157_7429.JPEG,train.X2\n01773157,455,500,96
n01773157_7458.JPEG,train.X2\n01773157,480,500,96
n01773157_7503.JPEG,train.X2\n01773157,500,500,96
n01773157_7517.JPEG,train.X2\n01773157,500,500,96
n01773157_7537.JPEG,train.X2\n01773157,500,500,96
n01773157_76.JPEG,train.X2\n01773157,500,458,96
n01773157_7669.JPEG,train.X2\n01773157,499,500,96
n01773157_7801.JPEG,train.X2\n01773157,486,500,96
n01773157_7820.JPEG,train.X2\n01773157,500,478,96
n01773157_7841.JPEG,train.X2\n01773157,500,500,96
n01773157_7870.JPEG,train.X2\n01773157,482,500,96
n01773157_7873.JPEG,train.X2\n01773157,500,500,96
n01773157_8352.JPEG,train.X2\n01773157,500,500,96
n01773157_8431.JPEG,train.X2\n01773157,500,500,96
n01773157_8436.JPEG,train.X2\n01773157,500,500,96
n01773157_8526.JPEG,train.X2\n01773157,492,500,96
n01773157_8704.JPEG,train.X2\n01773157,456,500,96
n01773157_8962.JPEG,train.X2\n01773157,500,500,96
n01773157_9083.JPEG,train.X2\n01773157,500,500,96
n01773157_9105.JPEG,train.X2\n01773157,500,500,96
n01773157_9147.JPEG,train.X2\n01773157,500,500,96
n01773157_940.JPEG,train.X2\n01773157,480,500,96
n01773157_9474.JPEG,train.X2\n01773157,500,498,96
n01773157_9509.JPEG,train.X2\n01773157,500,455,96
n01773157_9519.JPEG,train.X2\n01773157,500,482,96
n01773157_9534.JPEG,train.X2\n01773157,500,465,96
n01773157_9768.JPEG,train.X2\n01773157,500,481,96
n01773157_9937.JPEG,train.X2\n01773157,500,500,96
n01773549_1160.JPEG,train.X2\n01773549,500,480,96
n01773549_134.JPEG,train.X2\n01773549,467,500,96
n01773549_1589.JPEG,train.X2\n01773549,500,459,96
n01773549_1607.JPEG,train.X2\n01773549,500,500,96
n01773549_1799.JPEG,train.X2\n01773549,500,461,96
n01773549_1921.JPEG,train.X2\n01773549,484,500,96
n01773549_1966.JPEG,train.X2\n01773549,466,500,96
n01773549_238.JPEG,train.X2\n01773549,483,500,96
n01773549_2413.JPEG,train.X2\n01773549,500,500,96
n01773549_255.JPEG,train.X2\n01773549,500,500,96
n01773549_2585.JPEG,train.X2\n01773549,500,500,96
n01773549_2622.JPEG,train.X2\n01773549,500,500,96
n01773549_2644.JPEG,train.X2\n01773549,500,485,96
n01773549_2645.JPEG,train.X2\n01773549,500,500,96
n01773549_2834.JPEG,train.X2\n01773549,500,500,96
n01773549_2861.JPEG,train.X2\n01773549,500,500,96
n01773549_2925.JPEG,train.X2\n01773549,500,458,96
n01773549_2964.JPEG,train.X2\n01773549,500,499,96
n01773549_2997.JPEG,train.X2\n01773549,500,500,96
n01773549_3036.JPEG,train.X2\n01773549,500,500,96
n01773549_3108.JPEG,train.X2\n01773549,492,500,96
n01773549_320.JPEG,train.X2\n01773549,500,500,96
n01773549_3210.JPEG,train.X2\n01773549,468,500,96
n01773549_324.JPEG,train.X2\n01773549,500,500,96
n01773549_3283.JPEG,train.X2\n01773549,500,473,96
n01773549_3350.JPEG,train.X2\n01773549,500,452,96
n01773549_3352.JPEG,train.X2\n01773549,500,500,96
n01773549_3363.JPEG,train.X2\n01773549,479,500,96
n01773549_339.JPEG,train.X2\n01773549,483,500,96
n01773549_356.JPEG,train.X2\n01773549,500,500,96
n01773549_3585.JPEG,train.X2\n01773549,500,500,96
n01773549_3949.JPEG,train.X2\n01773549,500,492,96
n01773549_3957.JPEG,train.X2\n01773549,500,500,96
n01773549_4142.JPEG,train.X2\n01773549,479,500,96
n01773549_4198.JPEG,train.X2\n01773549,500,500,96
n01773549_4265.JPEG,train.X2\n01773549,500,500,96
n01773549_4335.JPEG,train.X2\n01773549,500,487,96
n01773549_4504.JPEG,train.X2\n01773549,500,480,96
n01773549_452.JPEG,train.X2\n01773549,466,500,96
n01773549_4608.JPEG,train.X2\n01773549,453,500,96
n01773549_4612.JPEG,train.X2\n01773549,500,455,96
n01773549_4660.JPEG,train.X2\n01773549,500,500,96
n01773549_485.JPEG,train.X2\n01773549,451,500,96
n01773549_488.JPEG,train.X2\n01773549,500,500,96
n01773549_5193.JPEG,train.X2\n01773549,490,500,96
n01773549_54.JPEG,train.X2\n01773549,500,500,96
n01773549_560.JPEG,train.X2\n01773549,464,500,96
n01773549_593.JPEG,train.X2\n01773549,500,480,96
n01773549_6740.JPEG,train.X2\n01773549,500,464,96
n01773549_7260.JPEG,train.X2\n01773549,500,500,96
n01773549_815.JPEG,train.X2\n01773549,500,459,96
n01773549_839.JPEG,train.X2\n01773549,487,500,96
n01773549_871.JPEG,train.X2\n01773549,500,500,96
n01773549_923.JPEG,train.X2\n01773549,500,452,96
n01773549_957.JPEG,train.X2\n01773549,455,500,96
n01773797_1015.JPEG,train.X2\n01773797,478,500,96
n01773797_1018.JPEG,train.X2\n01773797,500,500,96
n01773797_1044.JPEG,train.X2\n01773797,497,500,96
n01773797_1058.JPEG,train.X2\n01773797,500,500,96
n01773797_1087.JPEG,train.X2\n01773797,500,499,96
n01773797_1097.JPEG,train.X2\n01773797,500,500,96
n01773797_1098.JPEG,train.X2\n01773797,489,500,96
n01773797_111.JPEG,train.X2\n01773797,500,453,96
n01773797_1155.JPEG,train.X2\n01773797,500,500,96
n01773797_1184.JPEG,train.X2\n01773797,489,500,96
n01773797_1251.JPEG,train.X2\n01773797,500,451,96
n01773797_1268.JPEG,train.X2\n01773797,475,500,96
n01773797_130.JPEG,train.X2\n01773797,474,500,96
n01773797_1300.JPEG,train.X2\n01773797,500,499,96
n01773797_1386.JPEG,train.X2\n01773797,500,500,96
n01773797_1396.JPEG,train.X2\n01773797,484,500,96
n01773797_1437.JPEG,train.X2\n01773797,463,500,96
n01773797_1495.JPEG,train.X2\n01773797,500,500,96
n01773797_1512.JPEG,train.X2\n01773797,500,500,96
n01773797_1538.JPEG,train.X2\n01773797,500,476,96
n01773797_1602.JPEG,train.X2\n01773797,500,484,96
n01773797_1628.JPEG,train.X2\n01773797,491,500,96
n01773797_1644.JPEG,train.X2\n01773797,500,473,96
n01773797_1673.JPEG,train.X2\n01773797,489,500,96
n01773797_1804.JPEG,train.X2\n01773797,482,500,96
n01773797_1809.JPEG,train.X2\n01773797,500,500,96
n01773797_1904.JPEG,train.X2\n01773797,500,480,96
n01773797_1905.JPEG,train.X2\n01773797,500,500,96
n01773797_1940.JPEG,train.X2\n01773797,500,470,96
n01773797_1967.JPEG,train.X2\n01773797,468,500,96
n01773797_1972.JPEG,train.X2\n01773797,500,484,96
n01773797_2017.JPEG,train.X2\n01773797,500,482,96
n01773797_2037.JPEG,train.X2\n01773797,475,500,96
n01773797_2038.JPEG,train.X2\n01773797,466,500,96
n01773797_2101.JPEG,train.X2\n01773797,480,500,96
n01773797_214.JPEG,train.X2\n01773797,500,500,96
n01773797_216.JPEG,train.X2\n01773797,500,480,96
n01773797_2188.JPEG,train.X2\n01773797,484,500,96
n01773797_2192.JPEG,train.X2\n01773797,457,500,96
n01773797_2199.JPEG,train.X2\n01773797,489,500,96
n01773797_220.JPEG,train.X2\n01773797,500,481,96
n01773797_2276.JPEG,train.X2\n01773797,500,465,96
n01773797_2301.JPEG,train.X2\n01773797,491,500,96
n01773797_2337.JPEG,train.X2\n01773797,500,500,96
n01773797_2433.JPEG,train.X2\n01773797,500,476,96
n01773797_25.JPEG,train.X2\n01773797,500,462,96
n01773797_2546.JPEG,train.X2\n01773797,500,455,96
n01773797_2557.JPEG,train.X2\n01773797,483,500,96
n01773797_26.JPEG,train.X2\n01773797,500,464,96
n01773797_2760.JPEG,train.X2\n01773797,500,471,96
n01773797_277.JPEG,train.X2\n01773797,500,457,96
n01773797_2782.JPEG,train.X2\n01773797,500,500,96
n01773797_2799.JPEG,train.X2\n01773797,451,500,96
n01773797_2859.JPEG,train.X2\n01773797,496,500,96
n01773797_2923.JPEG,train.X2\n01773797,496,500,96
n01773797_2969.JPEG,train.X2\n01773797,500,456,96
n01773797_3002.JPEG,train.X2\n01773797,500,500,96
n01773797_3004.JPEG,train.X2\n01773797,500,453,96
n01773797_302.JPEG,train.X2\n01773797,500,500,96
n01773797_3067.JPEG,train.X2\n01773797,481,500,96
n01773797_3111.JPEG,train.X2\n01773797,500,462,96
n01773797_3126.JPEG,train.X2\n01773797,487,500,96
n01773797_3161.JPEG,train.X2\n01773797,500,484,96
n01773797_319.JPEG,train.X2\n01773797,500,470,96
n01773797_3199.JPEG,train.X2\n01773797,499,500,96
n01773797_3215.JPEG,train.X2\n01773797,500,488,96
n01773797_3245.JPEG,train.X2\n01773797,500,500,96
n01773797_3410.JPEG,train.X2\n01773797,500,500,96
n01773797_3632.JPEG,train.X2\n01773797,500,500,96
n01773797_3712.JPEG,train.X2\n01773797,500,500,96
n01773797_389.JPEG,train.X2\n01773797,500,451,96
n01773797_3906.JPEG,train.X2\n01773797,486,500,96
n01773797_3923.JPEG,train.X2\n01773797,500,500,96
n01773797_3937.JPEG,train.X2\n01773797,500,500,96
n01773797_397.JPEG,train.X2\n01773797,500,500,96
n01773797_4047.JPEG,train.X2\n01773797,500,500,96
n01773797_4050.JPEG,train.X2\n01773797,500,500,96
n01773797_4068.JPEG,train.X2\n01773797,500,474,96
n01773797_4080.JPEG,train.X2\n01773797,497,500,96
n01773797_4087.JPEG,train.X2\n01773797,500,457,96
n01773797_4206.JPEG,train.X2\n01773797,457,500,96
n01773797_4353.JPEG,train.X2\n01773797,475,500,96
n01773797_4377.JPEG,train.X2\n01773797,500,472,96
n01773797_4406.JPEG,train.X2\n01773797,454,500,96
n01773797_4556.JPEG,train.X2\n01773797,500,479,96
n01773797_4572.JPEG,train.X2\n01773797,451,500,96
n01773797_4632.JPEG,train.X2\n01773797,500,469,96
n01773797_4639.JPEG,train.X2\n01773797,500,500,96
n01773797_4759.JPEG,train.X2\n01773797,500,500,96
n01773797_4910.JPEG,train.X2\n01773797,461,500,96
n01773797_5007.JPEG,train.X2\n01773797,490,500,96
n01773797_5023.JPEG,train.X2\n01773797,500,500,96
n01773797_5067.JPEG,train.X2\n01773797,500,450,96
n01773797_5082.JPEG,train.X2\n01773797,465,500,96
n01773797_5173.JPEG,train.X2\n01773797,500,475,96
n01773797_5217.JPEG,train.X2\n01773797,500,500,96
n01773797_5240.JPEG,train.X2\n01773797,500,486,96
n01773797_5301.JPEG,train.X2\n01773797,494,500,96
n01773797_5381.JPEG,train.X2\n01773797,500,461,96
n01773797_5394.JPEG,train.X2\n01773797,494,500,96
n01773797_5421.JPEG,train.X2\n01773797,494,500,96
n01773797_5422.JPEG,train.X2\n01773797,500,478,96
n01773797_546.JPEG,train.X2\n01773797,500,500,96
n01773797_5462.JPEG,train.X2\n01773797,500,500,96
n01773797_5484.JPEG,train.X2\n01773797,500,479,96
n01773797_5531.JPEG,train.X2\n01773797,500,474,96
n01773797_5595.JPEG,train.X2\n01773797,500,500,96
n01773797_5693.JPEG,train.X2\n01773797,484,500,96
n01773797_5745.JPEG,train.X2\n01773797,500,480,96
n01773797_5784.JPEG,train.X2\n01773797,500,500,96
n01773797_5807.JPEG,train.X2\n01773797,500,500,96
n01773797_5860.JPEG,train.X2\n01773797,489,500,96
n01773797_5881.JPEG,train.X2\n01773797,495,500,96
n01773797_5882.JPEG,train.X2\n01773797,500,500,96
n01773797_5889.JPEG,train.X2\n01773797,500,500,96
n01773797_5901.JPEG,train.X2\n01773797,500,450,96
n01773797_5918.JPEG,train.X2\n01773797,461,500,96
n01773797_5949.JPEG,train.X2\n01773797,500,478,96
n01773797_5961.JPEG,train.X2\n01773797,500,500,96
n01773797_5978.JPEG,train.X2\n01773797,500,500,96
n01773797_6089.JPEG,train.X2\n01773797,500,491,96
n01773797_6158.JPEG,train.X2\n01773797,500,500,96
n01773797_6291.JPEG,train.X2\n01773797,460,500,96
n01773797_6304.JPEG,train.X2\n01773797,450,500,96
n01773797_639.JPEG,train.X2\n01773797,500,477,96
n01773797_6410.JPEG,train.X2\n01773797,468,500,96
n01773797_6435.JPEG,train.X2\n01773797,485,500,96
n01773797_6461.JPEG,train.X2\n01773797,500,500,96
n01773797_6496.JPEG,train.X2\n01773797,500,468,96
n01773797_666.JPEG,train.X2\n01773797,500,474,96
n01773797_6674.JPEG,train.X2\n01773797,500,500,96
n01773797_6677.JPEG,train.X2\n01773797,500,478,96
n01773797_671.JPEG,train.X2\n01773797,482,500,96
n01773797_6761.JPEG,train.X2\n01773797,500,500,96
n01773797_7.JPEG,train.X2\n01773797,500,465,96
n01773797_724.JPEG,train.X2\n01773797,500,500,96
n01773797_7245.JPEG,train.X2\n01773797,455,500,96
n01773797_759.JPEG,train.X2\n01773797,500,500,96
n01773797_7623.JPEG,train.X2\n01773797,500,496,96
n01773797_834.JPEG,train.X2\n01773797,469,500,96
n01773797_8403.JPEG,train.X2\n01773797,500,464,96
n01773797_868.JPEG,train.X2\n01773797,488,466,96
n01773797_876.JPEG,train.X2\n01773797,500,463,96
n01773797_880.JPEG,train.X2\n01773797,500,463,96
n01773797_897.JPEG,train.X2\n01773797,500,460,96
n01773797_9262.JPEG,train.X2\n01773797,500,497,96
n01773797_935.JPEG,train.X2\n01773797,500,500,96
n01773797_9441.JPEG,train.X2\n01773797,500,500,96
n01774384_10043.JPEG,train.X2\n01774384,500,474,96
n01774384_11034.JPEG,train.X2\n01774384,500,500,96
n01774384_11085.JPEG,train.X2\n01774384,500,452,96
n01774384_11224.JPEG,train.X2\n01774384,456,500,96
n01774384_11551.JPEG,train.X2\n01774384,500,493,96
n01774384_12112.JPEG,train.X2\n01774384,468,500,96
n01774384_12328.JPEG,train.X2\n01774384,496,500,96
n01774384_1241.JPEG,train.X2\n01774384,450,500,96
n01774384_12787.JPEG,train.X2\n01774384,500,475,96
n01774384_13080.JPEG,train.X2\n01774384,500,500,96
n01774384_13098.JPEG,train.X2\n01774384,500,480,96
n01774384_1339.JPEG,train.X2\n01774384,500,493,96
n01774384_13395.JPEG,train.X2\n01774384,500,467,96
n01774384_13745.JPEG,train.X2\n01774384,465,500,96
n01774384_14041.JPEG,train.X2\n01774384,500,483,96
n01774384_142.JPEG,train.X2\n01774384,500,500,96
n01774384_14351.JPEG,train.X2\n01774384,500,492,96
n01774384_15332.JPEG,train.X2\n01774384,500,500,96
n01774384_15358.JPEG,train.X2\n01774384,500,500,96
n01774384_1613.JPEG,train.X2\n01774384,500,460,96
n01774384_16166.JPEG,train.X2\n01774384,500,470,96
n01774384_16649.JPEG,train.X2\n01774384,500,457,96
n01774384_171.JPEG,train.X2\n01774384,500,478,96
n01774384_1755.JPEG,train.X2\n01774384,466,500,96
n01774384_17653.JPEG,train.X2\n01774384,500,496,96
n01774384_177.JPEG,train.X2\n01774384,500,469,96
n01774384_18210.JPEG,train.X2\n01774384,480,500,96
n01774384_18832.JPEG,train.X2\n01774384,461,500,96
n01774384_19736.JPEG,train.X2\n01774384,495,500,96
n01774384_19832.JPEG,train.X2\n01774384,500,500,96
n01774384_20097.JPEG,train.X2\n01774384,450,500,96
n01774384_20364.JPEG,train.X2\n01774384,500,500,96
n01774384_2039.JPEG,train.X2\n01774384,500,500,96
n01774384_20459.JPEG,train.X2\n01774384,500,460,96
n01774384_2046.JPEG,train.X2\n01774384,500,470,96
n01774384_20786.JPEG,train.X2\n01774384,500,497,96
n01774384_20917.JPEG,train.X2\n01774384,500,472,96
n01774384_21950.JPEG,train.X2\n01774384,500,500,96
n01774384_22846.JPEG,train.X2\n01774384,500,472,96
n01774384_2332.JPEG,train.X2\n01774384,479,500,96
n01774384_2386.JPEG,train.X2\n01774384,492,500,96
n01774384_2434.JPEG,train.X2\n01774384,500,454,96
n01774384_2454.JPEG,train.X2\n01774384,455,500,96
n01774384_2523.JPEG,train.X2\n01774384,500,499,96
n01774384_2539.JPEG,train.X2\n01774384,500,486,96
n01774384_3063.JPEG,train.X2\n01774384,500,492,96
n01774384_3412.JPEG,train.X2\n01774384,500,469,96
n01774384_3591.JPEG,train.X2\n01774384,500,482,96
n01774384_3762.JPEG,train.X2\n01774384,500,458,96
n01774384_3832.JPEG,train.X2\n01774384,500,500,96
n01774384_3869.JPEG,train.X2\n01774384,495,500,96
n01774384_3886.JPEG,train.X2\n01774384,500,489,96
n01774384_3946.JPEG,train.X2\n01774384,495,500,96
n01774384_3951.JPEG,train.X2\n01774384,500,481,96
n01774384_3971.JPEG,train.X2\n01774384,500,459,96
n01774384_4056.JPEG,train.X2\n01774384,500,500,96
n01774384_4094.JPEG,train.X2\n01774384,500,496,96
n01774384_4466.JPEG,train.X2\n01774384,500,500,96
n01774384_4664.JPEG,train.X2\n01774384,482,500,96
n01774384_4868.JPEG,train.X2\n01774384,500,458,96
n01774384_5071.JPEG,train.X2\n01774384,500,495,96
n01774384_543.JPEG,train.X2\n01774384,500,452,96
n01774384_5630.JPEG,train.X2\n01774384,459,500,96
n01774384_5752.JPEG,train.X2\n01774384,500,476,96
n01774384_588.JPEG,train.X2\n01774384,500,456,96
n01774384_6236.JPEG,train.X2\n01774384,500,489,96
n01774384_6301.JPEG,train.X2\n01774384,500,457,96
n01774384_6562.JPEG,train.X2\n01774384,500,473,96
n01774384_6582.JPEG,train.X2\n01774384,500,500,96
n01774384_6727.JPEG,train.X2\n01774384,500,500,96
n01774384_6745.JPEG,train.X2\n01774384,500,500,96
n01774384_6754.JPEG,train.X2\n01774384,500,490,96
n01774384_6786.JPEG,train.X2\n01774384,460,500,96
n01774384_9040.JPEG,train.X2\n01774384,500,500,96
n01774384_9213.JPEG,train.X2\n01774384,500,451,96
n01774384_9336.JPEG,train.X2\n01774384,495,500,96
n01774384_939.JPEG,train.X2\n01774384,500,465,96
n01774384_9940.JPEG,train.X2\n01774384,500,500,96
n01843383_10394.JPEG,train.X2\n01843383,500,455,96
n01843383_10925.JPEG,train.X2\n01843383,500,500,96
n01843383_11190.JPEG,train.X2\n01843383,500,482,96
n01843383_11370.JPEG,train.X2\n01843383,500,465,96
n01843383_11555.JPEG,train.X2\n01843383,500,500,96
n01843383_1882.JPEG,train.X2\n01843383,500,461,96
n01843383_1948.JPEG,train.X2\n01843383,500,472,96
n01843383_1992.JPEG,train.X2\n01843383,450,500,96
n01843383_2048.JPEG,train.X2\n01843383,500,452,96
n01843383_2184.JPEG,train.X2\n01843383,500,470,96
n01843383_2282.JPEG,train.X2\n01843383,456,500,96
n01843383_2369.JPEG,train.X2\n01843383,500,500,96
n01843383_2556.JPEG,train.X2\n01843383,487,500,96
n01843383_259.JPEG,train.X2\n01843383,481,500,96
n01843383_277.JPEG,train.X2\n01843383,500,500,96
n01843383_3164.JPEG,train.X2\n01843383,500,480,96
n01843383_3365.JPEG,train.X2\n01843383,500,459,96
n01843383_3683.JPEG,train.X2\n01843383,497,500,96
n01843383_3801.JPEG,train.X2\n01843383,458,500,96
n01843383_4160.JPEG,train.X2\n01843383,500,496,96
n01843383_4516.JPEG,train.X2\n01843383,500,486,96
n01843383_5555.JPEG,train.X2\n01843383,454,500,96
n01843383_5904.JPEG,train.X2\n01843383,500,477,96
n01843383_5933.JPEG,train.X2\n01843383,500,499,96
n01843383_6001.JPEG,train.X2\n01843383,451,500,96
n01843383_6461.JPEG,train.X2\n01843383,500,465,96
n01843383_6575.JPEG,train.X2\n01843383,452,500,96
n01843383_6585.JPEG,train.X2\n01843383,500,468,96
n01843383_6894.JPEG,train.X2\n01843383,500,459,96
n01843383_7044.JPEG,train.X2\n01843383,460,500,96
n01843383_7181.JPEG,train.X2\n01843383,500,476,96
n01843383_7519.JPEG,train.X2\n01843383,500,500,96
n01843383_7838.JPEG,train.X2\n01843383,500,476,96
n01843383_8104.JPEG,train.X2\n01843383,500,500,96
n01843383_8221.JPEG,train.X2\n01843383,500,457,96
n01843383_8679.JPEG,train.X2\n01843383,462,500,96
n01843383_9173.JPEG,train.X2\n01843383,500,500,96
n01955084_10067.JPEG,train.X2\n01955084,500,500,96
n01955084_10168.JPEG,train.X2\n01955084,456,500,96
n01955084_10592.JPEG,train.X2\n01955084,500,500,96
n01955084_11968.JPEG,train.X2\n01955084,452,500,96
n01955084_12760.JPEG,train.X2\n01955084,450,500,96
n01955084_12951.JPEG,train.X2\n01955084,452,500,96
n01955084_13174.JPEG,train.X2\n01955084,500,460,96
n01955084_17077.JPEG,train.X2\n01955084,500,456,96
n01955084_17622.JPEG,train.X2\n01955084,500,500,96
n01955084_2147.JPEG,train.X2\n01955084,500,500,96
n01955084_2262.JPEG,train.X2\n01955084,500,500,96
n01955084_3091.JPEG,train.X2\n01955084,500,500,96
n01955084_3563.JPEG,train.X2\n01955084,500,500,96
n01955084_4688.JPEG,train.X2\n01955084,500,500,96
n01955084_5983.JPEG,train.X2\n01955084,500,500,96
n01955084_6640.JPEG,train.X2\n01955084,500,483,96
n01955084_6754.JPEG,train.X2\n01955084,500,486,96
n01955084_6756.JPEG,train.X2\n01955084,500,500,96
n01955084_6806.JPEG,train.X2\n01955084,500,500,96
n01955084_6975.JPEG,train.X2\n01955084,500,456,96
n01955084_7065.JPEG,train.X2\n01955084,453,500,96
n01955084_7294.JPEG,train.X2\n01955084,500,500,96
n01955084_7318.JPEG,train.X2\n01955084,500,500,96
n01955084_7418.JPEG,train.X2\n01955084,500,500,96
n01955084_7509.JPEG,train.X2\n01955084,500,484,96
n01955084_7637.JPEG,train.X2\n01955084,500,461,96
n01955084_8251.JPEG,train.X2\n01955084,500,500,96
n01955084_835.JPEG,train.X2\n01955084,500,500,96
n01955084_8784.JPEG,train.X2\n01955084,500,468,96
n01955084_8969.JPEG,train.X2\n01955084,500,500,96
n01955084_9000.JPEG,train.X2\n01955084,500,500,96
n01955084_9252.JPEG,train.X2\n01955084,500,500,96
n01955084_9680.JPEG,train.X2\n01955084,500,500,96
n01955084_9725.JPEG,train.X2\n01955084,468,500,96
n02018207_100.JPEG,train.X2\n02018207,500,459,96
n02018207_10123.JPEG,train.X2\n02018207,500,463,96
n02018207_10474.JPEG,train.X2\n02018207,482,500,96
n02018207_10483.JPEG,train.X2\n02018207,500,486,96
n02018207_10651.JPEG,train.X2\n02018207,495,500,96
n02018207_10823.JPEG,train.X2\n02018207,500,465,96
n02018207_10917.JPEG,train.X2\n02018207,496,500,96
n02018207_11022.JPEG,train.X2\n02018207,500,500,96
n02018207_11284.JPEG,train.X2\n02018207,500,500,96
n02018207_11300.JPEG,train.X2\n02018207,500,458,96
n02018207_11457.JPEG,train.X2\n02018207,500,469,96
n02018207_11781.JPEG,train.X2\n02018207,500,500,96
n02018207_12192.JPEG,train.X2\n02018207,500,500,96
n02018207_12388.JPEG,train.X2\n02018207,454,500,96
n02018207_1260.JPEG,train.X2\n02018207,500,500,96
n02018207_1266.JPEG,train.X2\n02018207,500,500,96
n02018207_1303.JPEG,train.X2\n02018207,500,455,96
n02018207_132.JPEG,train.X2\n02018207,457,475,96
n02018207_13207.JPEG,train.X2\n02018207,500,496,96
n02018207_13407.JPEG,train.X2\n02018207,486,500,96
n02018207_14592.JPEG,train.X2\n02018207,500,500,96
n02018207_14890.JPEG,train.X2\n02018207,500,455,96
n02018207_1517.JPEG,train.X2\n02018207,500,500,96
n02018207_15419.JPEG,train.X2\n02018207,500,459,96
n02018207_1562.JPEG,train.X2\n02018207,480,500,96
n02018207_15623.JPEG,train.X2\n02018207,500,473,96
n02018207_15770.JPEG,train.X2\n02018207,500,496,96
n02018207_16100.JPEG,train.X2\n02018207,500,500,96
n02018207_1746.JPEG,train.X2\n02018207,500,457,96
n02018207_265.JPEG,train.X2\n02018207,489,500,96
n02018207_2753.JPEG,train.X2\n02018207,499,500,96
n02018207_2765.JPEG,train.X2\n02018207,500,487,96
n02018207_2887.JPEG,train.X2\n02018207,500,472,96
n02018207_3254.JPEG,train.X2\n02018207,500,475,96
n02018207_3567.JPEG,train.X2\n02018207,500,483,96
n02018207_3691.JPEG,train.X2\n02018207,500,460,96
n02018207_4062.JPEG,train.X2\n02018207,489,500,96
n02018207_5275.JPEG,train.X2\n02018207,500,477,96
n02018207_5747.JPEG,train.X2\n02018207,500,480,96
n02018207_5760.JPEG,train.X2\n02018207,486,500,96
n02018207_5808.JPEG,train.X2\n02018207,500,487,96
n02018207_6170.JPEG,train.X2\n02018207,500,500,96
n02018207_6254.JPEG,train.X2\n02018207,493,500,96
n02018207_6387.JPEG,train.X2\n02018207,500,467,96
n02018207_64.JPEG,train.X2\n02018207,500,490,96
n02018207_7177.JPEG,train.X2\n02018207,465,500,96
n02018207_8094.JPEG,train.X2\n02018207,500,500,96
n02018207_8398.JPEG,train.X2\n02018207,500,500,96
n02018207_840.JPEG,train.X2\n02018207,500,500,96
n02018207_8541.JPEG,train.X2\n02018207,500,491,96
n02018207_9346.JPEG,train.X2\n02018207,496,500,96
n02018207_945.JPEG,train.X2\n02018207,500,500,96
n02018207_9548.JPEG,train.X2\n02018207,469,500,96
n02018207_9671.JPEG,train.X2\n02018207,485,500,96
n02018207_9845.JPEG,train.X2\n02018207,500,486,96
n02018207_9889.JPEG,train.X2\n02018207,500,497,96
n02027492_10068.JPEG,train.X2\n02027492,500,500,96
n02027492_1028.JPEG,train.X2\n02027492,500,463,96
n02027492_1213.JPEG,train.X2\n02027492,500,485,96
n02027492_1372.JPEG,train.X2\n02027492,460,500,96
n02027492_1374.JPEG,train.X2\n02027492,500,488,96
n02027492_1549.JPEG,train.X2\n02027492,500,476,96
n02027492_1702.JPEG,train.X2\n02027492,500,483,96
n02027492_178.JPEG,train.X2\n02027492,500,484,96
n02027492_2416.JPEG,train.X2\n02027492,500,470,96
n02027492_251.JPEG,train.X2\n02027492,500,490,96
n02027492_2967.JPEG,train.X2\n02027492,462,500,96
n02027492_3149.JPEG,train.X2\n02027492,499,500,96
n02027492_3810.JPEG,train.X2\n02027492,500,500,96
n02027492_3958.JPEG,train.X2\n02027492,500,500,96
n02027492_4734.JPEG,train.X2\n02027492,500,500,96
n02027492_4781.JPEG,train.X2\n02027492,464,500,96
n02027492_5017.JPEG,train.X2\n02027492,484,500,96
n02027492_5102.JPEG,train.X2\n02027492,500,498,96
n02027492_549.JPEG,train.X2\n02027492,472,500,96
n02027492_5596.JPEG,train.X2\n02027492,500,486,96
n02027492_5652.JPEG,train.X2\n02027492,500,500,96
n02027492_569.JPEG,train.X2\n02027492,500,496,96
n02027492_5976.JPEG,train.X2\n02027492,500,485,96
n02027492_6157.JPEG,train.X2\n02027492,500,466,96
n02027492_6514.JPEG,train.X2\n02027492,500,500,96
n02027492_6579.JPEG,train.X2\n02027492,500,500,96
n02027492_6585.JPEG,train.X2\n02027492,500,483,96
n02027492_6629.JPEG,train.X2\n02027492,499,500,96
n02027492_6771.JPEG,train.X2\n02027492,489,500,96
n02027492_6813.JPEG,train.X2\n02027492,500,494,96
n02027492_6846.JPEG,train.X2\n02027492,500,472,96
n02027492_740.JPEG,train.X2\n02027492,500,500,96
n02027492_7419.JPEG,train.X2\n02027492,500,460,96
n02027492_7617.JPEG,train.X2\n02027492,451,500,96
n02027492_765.JPEG,train.X2\n02027492,500,500,96
n02027492_8268.JPEG,train.X2\n02027492,500,471,96
n02027492_8376.JPEG,train.X2\n02027492,500,488,96
n02027492_850.JPEG,train.X2\n02027492,500,451,96
n02027492_8707.JPEG,train.X2\n02027492,472,500,96
n02027492_9028.JPEG,train.X2\n02027492,500,500,96
n02027492_9049.JPEG,train.X2\n02027492,500,451,96
n02027492_905.JPEG,train.X2\n02027492,500,500,96
n02027492_9131.JPEG,train.X2\n02027492,500,478,96
n02027492_9137.JPEG,train.X2\n02027492,462,500,96
n02027492_9711.JPEG,train.X2\n02027492,500,500,96
n02027492_9931.JPEG,train.X2\n02027492,500,486,96
n02028035_1023.JPEG,train.X2\n02028035,500,500,96
n02028035_10471.JPEG,train.X2\n02028035,478,500,96
n02028035_10675.JPEG,train.X2\n02028035,459,500,96
n02028035_10873.JPEG,train.X2\n02028035,500,457,96
n02028035_11281.JPEG,train.X2\n02028035,500,500,96
n02028035_12029.JPEG,train.X2\n02028035,500,450,96
n02028035_12123.JPEG,train.X2\n02028035,500,500,96
n02028035_12202.JPEG,train.X2\n02028035,456,500,96
n02028035_1237.JPEG,train.X2\n02028035,500,500,96
n02028035_12462.JPEG,train.X2\n02028035,500,500,96
n02028035_12525.JPEG,train.X2\n02028035,471,500,96
n02028035_12919.JPEG,train.X2\n02028035,500,459,96
n02028035_12955.JPEG,train.X2\n02028035,500,482,96
n02028035_1796.JPEG,train.X2\n02028035,485,500,96
n02028035_1883.JPEG,train.X2\n02028035,474,500,96
n02028035_1996.JPEG,train.X2\n02028035,483,500,96
n02028035_2012.JPEG,train.X2\n02028035,500,469,96
n02028035_2156.JPEG,train.X2\n02028035,500,489,96
n02028035_22205.JPEG,train.X2\n02028035,500,500,96
n02028035_2464.JPEG,train.X2\n02028035,500,478,96
n02028035_2486.JPEG,train.X2\n02028035,500,489,96
n02028035_2645.JPEG,train.X2\n02028035,500,491,96
n02028035_2741.JPEG,train.X2\n02028035,500,497,96
n02028035_27743.JPEG,train.X2\n02028035,500,500,96
n02028035_27919.JPEG,train.X2\n02028035,500,500,96
n02028035_3211.JPEG,train.X2\n02028035,482,500,96
n02028035_3221.JPEG,train.X2\n02028035,500,500,96
n02028035_32258.JPEG,train.X2\n02028035,500,493,96
n02028035_4001.JPEG,train.X2\n02028035,500,500,96
n02028035_4188.JPEG,train.X2\n02028035,491,500,96
n02028035_4210.JPEG,train.X2\n02028035,500,500,96
n02028035_4667.JPEG,train.X2\n02028035,477,500,96
n02028035_4752.JPEG,train.X2\n02028035,458,500,96
n02028035_4761.JPEG,train.X2\n02028035,500,466,96
n02028035_5584.JPEG,train.X2\n02028035,500,452,96
n02028035_6431.JPEG,train.X2\n02028035,500,479,96
n02028035_6656.JPEG,train.X2\n02028035,464,500,96
n02028035_776.JPEG,train.X2\n02028035,500,500,96
n02028035_7841.JPEG,train.X2\n02028035,500,458,96
n02028035_8153.JPEG,train.X2\n02028035,500,473,96
n02028035_8218.JPEG,train.X2\n02028035,500,470,96
n02028035_829.JPEG,train.X2\n02028035,488,500,96
n02028035_8337.JPEG,train.X2\n02028035,500,500,96
n02028035_8447.JPEG,train.X2\n02028035,500,500,96
n02028035_860.JPEG,train.X2\n02028035,500,459,96
n02028035_8805.JPEG,train.X2\n02028035,484,500,96
n02028035_8924.JPEG,train.X2\n02028035,450,500,96
n02028035_8987.JPEG,train.X2\n02028035,500,500,96
n02028035_9115.JPEG,train.X2\n02028035,487,500,96
n02028035_9755.JPEG,train.X2\n02028035,453,500,96
n02028035_983.JPEG,train.X2\n02028035,462,500,96
n02028035_9847.JPEG,train.X2\n02028035,488,500,96
n02028035_9871.JPEG,train.X2\n02028035,499,500,96
n02058221_10011.JPEG,train.X2\n02058221,500,483,96
n02058221_11199.JPEG,train.X2\n02058221,462,480,96
n02058221_11595.JPEG,train.X2\n02058221,458,500,96
n02058221_11760.JPEG,train.X2\n02058221,500,500,96
n02058221_12352.JPEG,train.X2\n02058221,500,475,96
n02058221_12451.JPEG,train.X2\n02058221,500,481,96
n02058221_12652.JPEG,train.X2\n02058221,500,482,96
n02058221_12674.JPEG,train.X2\n02058221,500,452,96
n02058221_12881.JPEG,train.X2\n02058221,500,492,96
n02058221_13416.JPEG,train.X2\n02058221,500,500,96
n02058221_13924.JPEG,train.X2\n02058221,500,500,96
n02058221_14038.JPEG,train.X2\n02058221,500,469,96
n02058221_14113.JPEG,train.X2\n02058221,481,500,96
n02058221_14653.JPEG,train.X2\n02058221,500,450,96
n02058221_14679.JPEG,train.X2\n02058221,500,499,96
n02058221_15018.JPEG,train.X2\n02058221,457,500,96
n02058221_15126.JPEG,train.X2\n02058221,465,500,96
n02058221_15156.JPEG,train.X2\n02058221,500,478,96
n02058221_1575.JPEG,train.X2\n02058221,500,500,96
n02058221_19757.JPEG,train.X2\n02058221,500,500,96
n02058221_4336.JPEG,train.X2\n02058221,500,485,96
n02058221_4409.JPEG,train.X2\n02058221,490,500,96
n02058221_5846.JPEG,train.X2\n02058221,500,500,96
n02058221_6223.JPEG,train.X2\n02058221,492,500,96
n02058221_6290.JPEG,train.X2\n02058221,500,477,96
n02058221_7241.JPEG,train.X2\n02058221,500,496,96
n02058221_763.JPEG,train.X2\n02058221,458,500,96
n02058221_7759.JPEG,train.X2\n02058221,500,462,96
n02058221_8434.JPEG,train.X2\n02058221,500,492,96
n02058221_8537.JPEG,train.X2\n02058221,456,500,96
n02058221_9041.JPEG,train.X2\n02058221,500,500,96
n02058221_9881.JPEG,train.X2\n02058221,454,500,96
n02058221_9956.JPEG,train.X2\n02058221,500,500,96
n02077923_10014.JPEG,train.X2\n02077923,471,500,96
n02077923_102.JPEG,train.X2\n02077923,468,500,96
n02077923_10221.JPEG,train.X2\n02077923,500,500,96
n02077923_1123.JPEG,train.X2\n02077923,500,500,96
n02077923_11827.JPEG,train.X2\n02077923,500,499,96
n02077923_13550.JPEG,train.X2\n02077923,500,457,96
n02077923_1506.JPEG,train.X2\n02077923,500,493,96
n02077923_5387.JPEG,train.X2\n02077923,491,500,96
n02077923_5814.JPEG,train.X2\n02077923,500,500,96
n02077923_6247.JPEG,train.X2\n02077923,454,500,96
n02077923_654.JPEG,train.X2\n02077923,500,463,96
n02077923_6599.JPEG,train.X2\n02077923,451,500,96
n02077923_7305.JPEG,train.X2\n02077923,500,500,96
n02077923_7329.JPEG,train.X2\n02077923,461,500,96
n02077923_7845.JPEG,train.X2\n02077923,460,500,96
n02077923_8468.JPEG,train.X2\n02077923,500,464,96
n02077923_983.JPEG,train.X2\n02077923,477,500,96
n02077923_9968.JPEG,train.X2\n02077923,500,462,96
n01440764_2939.JPEG,train.X1\n01440764,500,455,96
n01440764_3365.JPEG,train.X1\n01440764,456,489,96
n01440764_5295.JPEG,train.X1\n01440764,500,492,96
n01440764_7154.JPEG,train.X1\n01440764,450,500,96
n01440764_7253.JPEG,train.X1\n01440764,500,500,96
n01440764_7792.JPEG,train.X1\n01440764,490,500,96
n01484850_12143.JPEG,train.X1\n01484850,500,471,96
n01484850_13992.JPEG,train.X1\n01484850,500,469,96
n01484850_1753.JPEG,train.X1\n01484850,500,479,96
n01484850_18018.JPEG,train.X1\n01484850,500,460,96
n01484850_2030.JPEG,train.X1\n01484850,495,500,96
n01484850_21460.JPEG,train.X1\n01484850,500,483,96
n01484850_2203.JPEG,train.X1\n01484850,500,455,96
n01484850_22221.JPEG,train.X1\n01484850,500,500,96
n01484850_2301.JPEG,train.X1\n01484850,500,500,96
n01484850_23021.JPEG,train.X1\n01484850,477,500,96
n01484850_25975.JPEG,train.X1\n01484850,500,500,96
n01484850_2672.JPEG,train.X1\n01484850,490,500,96
n01484850_27730.JPEG,train.X1\n01484850,500,500,96
n01484850_3479.JPEG,train.X1\n01484850,450,483,96
n01484850_4019.JPEG,train.X1\n01484850,500,500,96
n01484850_4147.JPEG,train.X1\n01484850,500,450,96
n01484850_7557.JPEG,train.X1\n01484850,453,500,96
n01494475_12415.JPEG,train.X1\n01494475,500,488,96
n01494475_14918.JPEG,train.X1\n01494475,464,500,96
n01494475_1583.JPEG,train.X1\n01494475,485,500,96
n01494475_16001.JPEG,train.X1\n01494475,500,498,96
n01494475_21834.JPEG,train.X1\n01494475,500,480,96
n01494475_3077.JPEG,train.X1\n01494475,480,491,96
n01494475_309.JPEG,train.X1\n01494475,500,500,96
n01494475_3282.JPEG,train.X1\n01494475,500,484,96
n01494475_3741.JPEG,train.X1\n01494475,500,470,96
n01494475_5913.JPEG,train.X1\n01494475,500,500,96
n01494475_6324.JPEG,train.X1\n01494475,500,500,96
n01494475_6753.JPEG,train.X1\n01494475,489,500,96
n01494475_7690.JPEG,train.X1\n01494475,500,496,96
n01494475_937.JPEG,train.X1\n01494475,479,500,96
n01494475_981.JPEG,train.X1\n01494475,499,500,96
n01531178_10241.JPEG,train.X1\n01531178,500,452,96
n01531178_10261.JPEG,train.X1\n01531178,469,500,96
n01531178_10443.JPEG,train.X1\n01531178,500,473,96
n01531178_10553.JPEG,train.X1\n01531178,500,487,96
n01531178_10630.JPEG,train.X1\n01531178,500,500,96
n01531178_108.JPEG,train.X1\n01531178,459,500,96
n01531178_11006.JPEG,train.X1\n01531178,500,500,96
n01531178_11124.JPEG,train.X1\n01531178,500,450,96
n01531178_11260.JPEG,train.X1\n01531178,485,500,96
n01531178_11623.JPEG,train.X1\n01531178,500,500,96
n01531178_11634.JPEG,train.X1\n01531178,500,500,96
n01531178_11916.JPEG,train.X1\n01531178,500,500,96
n01531178_12021.JPEG,train.X1\n01531178,462,500,96
n01531178_12200.JPEG,train.X1\n01531178,500,500,96
n01531178_12317.JPEG,train.X1\n01531178,466,500,96
n01531178_12354.JPEG,train.X1\n01531178,500,482,96
n01531178_125.JPEG,train.X1\n01531178,455,500,96
n01531178_12788.JPEG,train.X1\n01531178,497,500,96
n01531178_13196.JPEG,train.X1\n01531178,500,500,96
n01531178_133.JPEG,train.X1\n01531178,500,500,96
n01531178_13358.JPEG,train.X1\n01531178,460,500,96
n01531178_13428.JPEG,train.X1\n01531178,500,500,96
n01531178_13497.JPEG,train.X1\n01531178,500,463,96
n01531178_13528.JPEG,train.X1\n01531178,500,486,96
n01531178_14626.JPEG,train.X1\n01531178,500,457,96
n01531178_1472.JPEG,train.X1\n01531178,500,499,96
n01531178_14838.JPEG,train.X1\n01531178,500,478,96
n01531178_14958.JPEG,train.X1\n01531178,451,500,96
n01531178_15381.JPEG,train.X1\n01531178,500,500,96
n01531178_15737.JPEG,train.X1\n01531178,500,500,96
n01531178_15799.JPEG,train.X1\n01531178,500,497,96
n01531178_1584.JPEG,train.X1\n01531178,500,498,96
n01531178_16071.JPEG,train.X1\n01531178,482,500,96
n01531178_16393.JPEG,train.X1\n01531178,499,500,96
n01531178_16498.JPEG,train.X1\n01531178,500,499,96
n01531178_16665.JPEG,train.X1\n01531178,500,455,96
n01531178_16716.JPEG,train.X1\n01531178,478,500,96
n01531178_16733.JPEG,train.X1\n01531178,500,500,96
n01531178_17176.JPEG,train.X1\n01531178,500,469,96
n01531178_17211.JPEG,train.X1\n01531178,493,500,96
n01531178_17227.JPEG,train.X1\n01531178,500,455,96
n01531178_17482.JPEG,train.X1\n01531178,500,466,96
n01531178_17669.JPEG,train.X1\n01531178,500,500,96
n01531178_17814.JPEG,train.X1\n01531178,500,489,96
n01531178_18156.JPEG,train.X1\n01531178,500,469,96
n01531178_18190.JPEG,train.X1\n01531178,500,473,96
n01531178_18509.JPEG,train.X1\n01531178,469,500,96
n01531178_18728.JPEG,train.X1\n01531178,500,475,96
n01531178_18773.JPEG,train.X1\n01531178,500,483,96
n01531178_18788.JPEG,train.X1\n01531178,500,500,96
n01531178_19175.JPEG,train.X1\n01531178,484,500,96
n01531178_19247.JPEG,train.X1\n01531178,456,500,96
n01531178_19647.JPEG,train.X1\n01531178,500,475,96
n01531178_19955.JPEG,train.X1\n01531178,500,450,96
n01531178_1996.JPEG,train.X1\n01531178,500,500,96
n01531178_20037.JPEG,train.X1\n01531178,477,500,96
n01531178_20193.JPEG,train.X1\n01531178,479,500,96
n01531178_20318.JPEG,train.X1\n01531178,500,500,96
n01531178_20479.JPEG,train.X1\n01531178,500,500,96
n01531178_20730.JPEG,train.X1\n01531178,500,496,96
n01531178_20940.JPEG,train.X1\n01531178,490,500,96
n01531178_2100.JPEG,train.X1\n01531178,456,500,96
n01531178_21208.JPEG,train.X1\n01531178,500,500,96
n01531178_2157.JPEG,train.X1\n01531178,500,500,96
n01531178_21617.JPEG,train.X1\n01531178,456,500,96
n01531178_21940.JPEG,train.X1\n01531178,496,500,96
n01531178_21958.JPEG,train.X1\n01531178,500,472,96
n01531178_2252.JPEG,train.X1\n01531178,500,455,96
n01531178_22575.JPEG,train.X1\n01531178,500,500,96
n01531178_22967.JPEG,train.X1\n01531178,488,500,96
n01531178_22972.JPEG,train.X1\n01531178,500,500,96
n01531178_2304.JPEG,train.X1\n01531178,481,500,96
n01531178_23262.JPEG,train.X1\n01531178,500,500,96
n01531178_23318.JPEG,train.X1\n01531178,463,500,96
n01531178_2336.JPEG,train.X1\n01531178,500,458,96
n01531178_24839.JPEG,train.X1\n01531178,494,500,96
n01531178_26268.JPEG,train.X1\n01531178,468,500,96
n01531178_26930.JPEG,train.X1\n01531178,500,500,96
n01531178_2725.JPEG,train.X1\n01531178,500,491,96
n01531178_3153.JPEG,train.X1\n01531178,483,500,96
n01531178_3171.JPEG,train.X1\n01531178,500,479,96
n01531178_3183.JPEG,train.X1\n01531178,500,455,96
n01531178_3231.JPEG,train.X1\n01531178,480,500,96
n01531178_3364.JPEG,train.X1\n01531178,483,500,96
n01531178_3567.JPEG,train.X1\n01531178,500,500,96
n01531178_3671.JPEG,train.X1\n01531178,500,500,96
n01531178_371.JPEG,train.X1\n01531178,500,500,96
n01531178_3907.JPEG,train.X1\n01531178,500,500,96
n01531178_3953.JPEG,train.X1\n01531178,500,495,96
n01531178_3981.JPEG,train.X1\n01531178,500,476,96
n01531178_4021.JPEG,train.X1\n01531178,500,462,96
n01531178_41.JPEG,train.X1\n01531178,500,484,96
n01531178_4431.JPEG,train.X1\n01531178,500,496,96
n01531178_4432.JPEG,train.X1\n01531178,452,500,96
n01531178_4715.JPEG,train.X1\n01531178,500,493,96
n01531178_4745.JPEG,train.X1\n01531178,500,487,96
n01531178_4917.JPEG,train.X1\n01531178,479,500,96
n01531178_504.JPEG,train.X1\n01531178,500,497,96
n01531178_5049.JPEG,train.X1\n01531178,500,500,96
n01531178_5162.JPEG,train.X1\n01531178,454,500,96
n01531178_5429.JPEG,train.X1\n01531178,500,500,96
n01531178_5430.JPEG,train.X1\n01531178,500,450,96
n01531178_5555.JPEG,train.X1\n01531178,500,493,96
n01531178_5623.JPEG,train.X1\n01531178,460,500,96
n01531178_5626.JPEG,train.X1\n01531178,489,500,96
n01531178_5862.JPEG,train.X1\n01531178,500,466,96
n01531178_5882.JPEG,train.X1\n01531178,500,460,96
n01531178_5894.JPEG,train.X1\n01531178,500,500,96
n01531178_5961.JPEG,train.X1\n01531178,500,464,96
n01531178_6062.JPEG,train.X1\n01531178,468,500,96
n01531178_6145.JPEG,train.X1\n01531178,491,500,96
n01531178_6152.JPEG,train.X1\n01531178,500,500,96
n01531178_627.JPEG,train.X1\n01531178,500,500,96
n01531178_6270.JPEG,train.X1\n01531178,480,500,96
n01531178_6495.JPEG,train.X1\n01531178,500,500,96
n01531178_6757.JPEG,train.X1\n01531178,500,482,96
n01531178_7344.JPEG,train.X1\n01531178,496,500,96
n01531178_7383.JPEG,train.X1\n01531178,488,500,96
n01531178_7485.JPEG,train.X1\n01531178,493,500,96
n01531178_7519.JPEG,train.X1\n01531178,500,480,96
n01531178_7529.JPEG,train.X1\n01531178,500,463,96
n01531178_7706.JPEG,train.X1\n01531178,476,500,96
n01531178_7777.JPEG,train.X1\n01531178,500,500,96
n01531178_7797.JPEG,train.X1\n01531178,500,458,96
n01531178_7811.JPEG,train.X1\n01531178,500,491,96
n01531178_7873.JPEG,train.X1\n01531178,500,493,96
n01531178_8100.JPEG,train.X1\n01531178,500,500,96
n01531178_8242.JPEG,train.X1\n01531178,472,500,96
n01531178_8282.JPEG,train.X1\n01531178,500,463,96
n01531178_8621.JPEG,train.X1\n01531178,500,487,96
n01531178_8683.JPEG,train.X1\n01531178,465,455,96
n01531178_877.JPEG,train.X1\n01531178,500,499,96
n01531178_8816.JPEG,train.X1\n01531178,460,500,96
n01531178_9017.JPEG,train.X1\n01531178,500,500,96
n01531178_9184.JPEG,train.X1\n01531178,457,500,96
n01531178_9191.JPEG,train.X1\n01531178,500,472,96
n01531178_9594.JPEG,train.X1\n01531178,464,480,96
n01531178_9933.JPEG,train.X1\n01531178,464,500,96
n01632777_12644.JPEG,train.X1\n01632777,500,465,96
n01632777_14150.JPEG,train.X1\n01632777,500,500,96
n01632777_15184.JPEG,train.X1\n01632777,500,500,96
n01632777_15327.JPEG,train.X1\n01632777,500,493,96
n01632777_18721.JPEG,train.X1\n01632777,500,465,96
n01632777_2525.JPEG,train.X1\n01632777,500,500,96
n01632777_3967.JPEG,train.X1\n01632777,500,470,96
n01632777_5199.JPEG,train.X1\n01632777,469,500,96
n01632777_8919.JPEG,train.X1\n01632777,492,471,96
n01665541_26657.JPEG,train.X1\n01665541,500,477,96
n01665541_5605.JPEG,train.X1\n01665541,458,500,96
n01665541_7001.JPEG,train.X1\n01665541,464,500,96
n01687978_11095.JPEG,train.X1\n01687978,500,488,96
n01687978_1122.JPEG,train.X1\n01687978,500,491,96
n01687978_11848.JPEG,train.X1\n01687978,500,500,96
n01687978_12026.JPEG,train.X1\n01687978,494,500,96
n01687978_12603.JPEG,train.X1\n01687978,500,500,96
n01687978_13761.JPEG,train.X1\n01687978,500,452,96
n01687978_1455.JPEG,train.X1\n01687978,487,500,96
n01687978_1953.JPEG,train.X1\n01687978,500,498,96
n01687978_2299.JPEG,train.X1\n01687978,500,458,96
n01687978_3010.JPEG,train.X1\n01687978,500,500,96
n01687978_3219.JPEG,train.X1\n01687978,460,500,96
n01687978_325.JPEG,train.X1\n01687978,500,479,96
n01687978_3697.JPEG,train.X1\n01687978,500,473,96
n01687978_4236.JPEG,train.X1\n01687978,500,488,96
n01687978_4390.JPEG,train.X1\n01687978,500,499,96
n01687978_4629.JPEG,train.X1\n01687978,480,500,96
n01687978_489.JPEG,train.X1\n01687978,500,454,96
n01687978_5578.JPEG,train.X1\n01687978,500,500,96
n01687978_5851.JPEG,train.X1\n01687978,478,500,96
n01687978_6327.JPEG,train.X1\n01687978,500,500,96
n01687978_7011.JPEG,train.X1\n01687978,500,468,96
n01687978_7076.JPEG,train.X1\n01687978,500,459,96
n01687978_7329.JPEG,train.X1\n01687978,500,500,96
n01687978_7573.JPEG,train.X1\n01687978,500,457,96
n01687978_7754.JPEG,train.X1\n01687978,500,464,96
n01687978_8058.JPEG,train.X1\n01687978,452,500,96
n01687978_8170.JPEG,train.X1\n01687978,500,490,96
n01687978_8228.JPEG,train.X1\n01687978,458,500,96
n01695060_12959.JPEG,train.X1\n01695060,497,500,96
n01695060_14372.JPEG,train.X1\n01695060,500,453,96
n01695060_14737.JPEG,train.X1\n01695060,500,483,96
n01695060_14834.JPEG,train.X1\n01695060,500,500,96
n01695060_20648.JPEG,train.X1\n01695060,500,500,96
n01695060_2312.JPEG,train.X1\n01695060,500,484,96
n01695060_23240.JPEG,train.X1\n01695060,500,460,96
n01695060_24129.JPEG,train.X1\n01695060,500,461,96
n01695060_28240.JPEG,train.X1\n01695060,500,470,96
n01695060_28322.JPEG,train.X1\n01695060,461,500,96
n01695060_29670.JPEG,train.X1\n01695060,500,457,96
n01695060_30429.JPEG,train.X1\n01695060,500,500,96
n01695060_31318.JPEG,train.X1\n01695060,500,500,96
n01695060_4573.JPEG,train.X1\n01695060,500,451,96
n01749939_1459.JPEG,train.X1\n01749939,500,463,96
n01749939_1752.JPEG,train.X1\n01749939,500,489,96
n01749939_2056.JPEG,train.X1\n01749939,500,491,96
n01749939_2477.JPEG,train.X1\n01749939,500,457,96
n01749939_2626.JPEG,train.X1\n01749939,500,500,96
n01749939_3771.JPEG,train.X1\n01749939,500,464,96
n01749939_4184.JPEG,train.X1\n01749939,483,500,96
n01749939_5574.JPEG,train.X1\n01749939,500,494,96
n01749939_5873.JPEG,train.X1\n01749939,500,500,96
n01749939_7097.JPEG,train.X1\n01749939,500,463,96
n01775062_1.JPEG,train.X1\n01775062,500,481,96
n01775062_1019.JPEG,train.X1\n01775062,500,470,96
n01775062_1041.JPEG,train.X1\n01775062,500,459,96
n01775062_10801.JPEG,train.X1\n01775062,500,465,96
n01775062_1121.JPEG,train.X1\n01775062,500,500,96
n01775062_1155.JPEG,train.X1\n01775062,500,496,96
n01775062_1187.JPEG,train.X1\n01775062,455,500,96
n01775062_1265.JPEG,train.X1\n01775062,500,463,96
n01775062_1339.JPEG,train.X1\n01775062,500,498,96
n01775062_1380.JPEG,train.X1\n01775062,485,500,96
n01775062_1428.JPEG,train.X1\n01775062,500,486,96
n01775062_1488.JPEG,train.X1\n01775062,500,487,96
n01775062_1494.JPEG,train.X1\n01775062,488,500,96
n01775062_1512.JPEG,train.X1\n01775062,482,500,96
n01775062_1648.JPEG,train.X1\n01775062,500,500,96
n01775062_1712.JPEG,train.X1\n01775062,500,455,96
n01775062_1822.JPEG,train.X1\n01775062,500,465,96
n01775062_2005.JPEG,train.X1\n01775062,500,473,96
n01775062_2086.JPEG,train.X1\n01775062,500,500,96
n01775062_2226.JPEG,train.X1\n01775062,500,468,96
n01775062_2526.JPEG,train.X1\n01775062,500,479,96
n01775062_256.JPEG,train.X1\n01775062,500,500,96
n01775062_3182.JPEG,train.X1\n01775062,500,465,96
n01775062_3190.JPEG,train.X1\n01775062,500,500,96
n01775062_3264.JPEG,train.X1\n01775062,460,500,96
n01775062_3312.JPEG,train.X1\n01775062,484,500,96
n01775062_344.JPEG,train.X1\n01775062,500,500,96
n01775062_3440.JPEG,train.X1\n01775062,453,500,96
n01775062_3486.JPEG,train.X1\n01775062,500,468,96
n01775062_356.JPEG,train.X1\n01775062,500,477,96
n01775062_372.JPEG,train.X1\n01775062,500,497,96
n01775062_3742.JPEG,train.X1\n01775062,500,500,96
n01775062_381.JPEG,train.X1\n01775062,500,481,96
n01775062_3985.JPEG,train.X1\n01775062,500,500,96
n01775062_4020.JPEG,train.X1\n01775062,465,500,96
n01775062_419.JPEG,train.X1\n01775062,500,456,96
n01775062_4229.JPEG,train.X1\n01775062,463,500,96
n01775062_4320.JPEG,train.X1\n01775062,500,500,96
n01775062_438.JPEG,train.X1\n01775062,457,500,96
n01775062_4471.JPEG,train.X1\n01775062,500,500,96
n01775062_4477.JPEG,train.X1\n01775062,500,500,96
n01775062_4479.JPEG,train.X1\n01775062,500,484,96
n01775062_4483.JPEG,train.X1\n01775062,491,500,96
n01775062_4506.JPEG,train.X1\n01775062,500,457,96
n01775062_4540.JPEG,train.X1\n01775062,500,465,96
n01775062_4555.JPEG,train.X1\n01775062,500,478,96
n01775062_465.JPEG,train.X1\n01775062,500,495,96
n01775062_4842.JPEG,train.X1\n01775062,500,489,96
n01775062_4850.JPEG,train.X1\n01775062,500,462,96
n01775062_4882.JPEG,train.X1\n01775062,473,500,96
n01775062_4949.JPEG,train.X1\n01775062,500,500,96
n01775062_4973.JPEG,train.X1\n01775062,480,500,96
n01775062_5009.JPEG,train.X1\n01775062,462,500,96
n01775062_5111.JPEG,train.X1\n01775062,500,489,96
n01775062_5239.JPEG,train.X1\n01775062,500,486,96
n01775062_5354.JPEG,train.X1\n01775062,500,468,96
n01775062_5361.JPEG,train.X1\n01775062,468,500,96
n01775062_5415.JPEG,train.X1\n01775062,500,500,96
n01775062_5523.JPEG,train.X1\n01775062,500,500,96
n01775062_5599.JPEG,train.X1\n01775062,500,450,96
n01775062_5625.JPEG,train.X1\n01775062,452,500,96
n01775062_5770.JPEG,train.X1\n01775062,500,500,96
n01775062_5791.JPEG,train.X1\n01775062,500,494,96
n01775062_5819.JPEG,train.X1\n01775062,500,477,96
n01775062_6016.JPEG,train.X1\n01775062,500,480,96
n01775062_605.JPEG,train.X1\n01775062,495,500,96
n01775062_6208.JPEG,train.X1\n01775062,494,500,96
n01775062_636.JPEG,train.X1\n01775062,500,500,96
n01775062_6550.JPEG,train.X1\n01775062,500,450,96
n01775062_6574.JPEG,train.X1\n01775062,468,500,96
n01775062_6629.JPEG,train.X1\n01775062,500,490,96
n01775062_6674.JPEG,train.X1\n01775062,456,500,96
n01775062_6688.JPEG,train.X1\n01775062,460,500,96
n01775062_6767.JPEG,train.X1\n01775062,500,471,96
n01775062_6819.JPEG,train.X1\n01775062,500,480,96
n01775062_6897.JPEG,train.X1\n01775062,468,500,96
n01775062_6918.JPEG,train.X1\n01775062,500,500,96
n01775062_7032.JPEG,train.X1\n01775062,473,500,96
n01775062_734.JPEG,train.X1\n01775062,500,500,96
n01775062_7422.JPEG,train.X1\n01775062,500,497,96
n01775062_7424.JPEG,train.X1\n01775062,450,500,96
n01775062_7440.JPEG,train.X1\n01775062,464,500,96
n01775062_7545.JPEG,train.X1\n01775062,500,500,96
n01775062_784.JPEG,train.X1\n01775062,499,500,96
n01775062_7960.JPEG,train.X1\n01775062,500,500,96
n01775062_7997.JPEG,train.X1\n01775062,500,500,96
n01775062_8022.JPEG,train.X1\n01775062,500,500,96
n01775062_8043.JPEG,train.X1\n01775062,500,477,96
n01775062_8058.JPEG,train.X1\n01775062,500,465,96
n01775062_8187.JPEG,train.X1\n01775062,451,500,96
n01775062_8199.JPEG,train.X1\n01775062,497,500,96
n01775062_8231.JPEG,train.X1\n01775062,500,472,96
n01775062_8257.JPEG,train.X1\n01775062,500,452,96
n01775062_8262.JPEG,train.X1\n01775062,500,481,96
n01775062_83.JPEG,train.X1\n01775062,500,485,96
n01775062_8323.JPEG,train.X1\n01775062,500,483,96
n01775062_8364.JPEG,train.X1\n01775062,500,496,96
n01775062_8431.JPEG,train.X1\n01775062,500,480,96
n01775062_844.JPEG,train.X1\n01775062,500,472,96
n01775062_8487.JPEG,train.X1\n01775062,500,500,96
n01775062_850.JPEG,train.X1\n01775062,489,500,96
n01775062_8701.JPEG,train.X1\n01775062,500,500,96
n01775062_8740.JPEG,train.X1\n01775062,500,479,96
n01775062_8767.JPEG,train.X1\n01775062,500,500,96
n01775062_8844.JPEG,train.X1\n01775062,500,473,96
n01775062_8894.JPEG,train.X1\n01775062,488,500,96
n01775062_8923.JPEG,train.X1\n01775062,500,491,96
n01775062_8926.JPEG,train.X1\n01775062,500,453,96
n01775062_8979.JPEG,train.X1\n01775062,500,496,96
n01775062_9091.JPEG,train.X1\n01775062,500,500,96
n01775062_915.JPEG,train.X1\n01775062,498,500,96
n01775062_932.JPEG,train.X1\n01775062,500,500,96
n01775062_945.JPEG,train.X1\n01775062,500,451,96
n01775062_977.JPEG,train.X1\n01775062,500,457,96
n01775062_9864.JPEG,train.X1\n01775062,500,498,96
n01795545_2658.JPEG,train.X1\n01795545,500,470,96
n01795545_2690.JPEG,train.X1\n01795545,500,500,96
n01795545_3529.JPEG,train.X1\n01795545,500,500,96
n01795545_5502.JPEG,train.X1\n01795545,500,500,96
n01795545_5677.JPEG,train.X1\n01795545,500,452,96
n01795545_5747.JPEG,train.X1\n01795545,500,453,96
n01795545_5867.JPEG,train.X1\n01795545,500,489,96
n01795545_5946.JPEG,train.X1\n01795545,500,500,96
n01795545_5962.JPEG,train.X1\n01795545,500,459,96
n01795545_6296.JPEG,train.X1\n01795545,500,451,96
n01795545_6559.JPEG,train.X1\n01795545,500,500,96
n01795545_6808.JPEG,train.X1\n01795545,497,500,96
n01818515_10874.JPEG,train.X1\n01818515,488,500,96
n01818515_11040.JPEG,train.X1\n01818515,500,500,96
n01818515_11499.JPEG,train.X1\n01818515,500,459,96
n01818515_11804.JPEG,train.X1\n01818515,500,481,96
n01818515_11927.JPEG,train.X1\n01818515,500,475,96
n01818515_1312.JPEG,train.X1\n01818515,470,500,96
n01818515_13761.JPEG,train.X1\n01818515,500,488,96
n01818515_14419.JPEG,train.X1\n01818515,500,497,96
n01818515_15218.JPEG,train.X1\n01818515,500,468,96
n01818515_1603.JPEG,train.X1\n01818515,472,485,96
n01818515_1619.JPEG,train.X1\n01818515,499,500,96
n01818515_182.JPEG,train.X1\n01818515,500,471,96
n01818515_2101.JPEG,train.X1\n01818515,471,500,96
n01818515_2284.JPEG,train.X1\n01818515,500,500,96
n01818515_2407.JPEG,train.X1\n01818515,487,500,96
n01818515_2590.JPEG,train.X1\n01818515,496,500,96
n01818515_2618.JPEG,train.X1\n01818515,484,500,96
n01818515_267.JPEG,train.X1\n01818515,479,500,96
n01818515_27826.JPEG,train.X1\n01818515,500,500,96
n01818515_2784.JPEG,train.X1\n01818515,500,450,96
n01818515_2819.JPEG,train.X1\n01818515,500,500,96
n01818515_2904.JPEG,train.X1\n01818515,482,500,96
n01818515_3164.JPEG,train.X1\n01818515,500,500,96
n01818515_3542.JPEG,train.X1\n01818515,500,460,96
n01818515_4275.JPEG,train.X1\n01818515,500,496,96
n01818515_4548.JPEG,train.X1\n01818515,479,500,96
n01818515_4581.JPEG,train.X1\n01818515,500,496,96
n01818515_5218.JPEG,train.X1\n01818515,500,475,96
n01818515_5551.JPEG,train.X1\n01818515,500,488,96
n01818515_6258.JPEG,train.X1\n01818515,500,498,96
n01818515_6572.JPEG,train.X1\n01818515,490,500,96
n01818515_6581.JPEG,train.X1\n01818515,500,500,96
n01818515_7035.JPEG,train.X1\n01818515,458,500,96
n01818515_7307.JPEG,train.X1\n01818515,481,500,96
n01818515_7709.JPEG,train.X1\n01818515,500,468,96
n01818515_7822.JPEG,train.X1\n01818515,500,500,96
n01818515_8281.JPEG,train.X1\n01818515,500,451,96
n01818515_8429.JPEG,train.X1\n01818515,500,455,96
n01818515_8539.JPEG,train.X1\n01818515,470,500,96
n01818515_8606.JPEG,train.X1\n01818515,500,465,96
n01818515_8634.JPEG,train.X1\n01818515,500,483,96
n01818515_8667.JPEG,train.X1\n01818515,490,500,96
n01818515_8746.JPEG,train.X1\n01818515,500,463,96
n01818515_9010.JPEG,train.X1\n01818515,496,500,96
n01818515_9056.JPEG,train.X1\n01818515,468,500,96
n01818515_919.JPEG,train.X1\n01818515,498,500,96
n01818515_9492.JPEG,train.X1\n01818515,486,500,96
n01818515_9891.JPEG,train.X1\n01818515,500,450,96
n01820546_1021.JPEG,train.X1\n01820546,500,500,96
n01820546_1049.JPEG,train.X1\n01820546,500,474,96
n01820546_1050.JPEG,train.X1\n01820546,491,500,96
n01820546_1085.JPEG,train.X1\n01820546,500,500,96
n01820546_1115.JPEG,train.X1\n01820546,500,500,96
n01820546_1119.JPEG,train.X1\n01820546,500,482,96
n01820546_1123.JPEG,train.X1\n01820546,498,500,96
n01820546_1138.JPEG,train.X1\n01820546,486,500,96
n01820546_1148.JPEG,train.X1\n01820546,482,500,96
n01820546_1167.JPEG,train.X1\n01820546,456,500,96
n01820546_1212.JPEG,train.X1\n01820546,484,500,96
n01820546_1264.JPEG,train.X1\n01820546,500,488,96
n01820546_1306.JPEG,train.X1\n01820546,454,500,96
n01820546_1352.JPEG,train.X1\n01820546,479,500,96
n01820546_1530.JPEG,train.X1\n01820546,500,488,96
n01820546_1551.JPEG,train.X1\n01820546,451,500,96
n01820546_1641.JPEG,train.X1\n01820546,500,459,96
n01820546_1665.JPEG,train.X1\n01820546,458,500,96
n01820546_1675.JPEG,train.X1\n01820546,500,494,96
n01820546_1714.JPEG,train.X1\n01820546,500,497,96
n01820546_1910.JPEG,train.X1\n01820546,469,500,96
n01820546_1915.JPEG,train.X1\n01820546,473,500,96
n01820546_2007.JPEG,train.X1\n01820546,500,500,96
n01820546_210.JPEG,train.X1\n01820546,491,500,96
n01820546_2109.JPEG,train.X1\n01820546,465,500,96
n01820546_2146.JPEG,train.X1\n01820546,461,500,96
n01820546_2275.JPEG,train.X1\n01820546,500,484,96
n01820546_2285.JPEG,train.X1\n01820546,470,500,96
n01820546_2421.JPEG,train.X1\n01820546,500,485,96
n01820546_2456.JPEG,train.X1\n01820546,500,500,96
n01820546_2616.JPEG,train.X1\n01820546,488,500,96
n01820546_2636.JPEG,train.X1\n01820546,500,483,96
n01820546_2638.JPEG,train.X1\n01820546,500,482,96
n01820546_2673.JPEG,train.X1\n01820546,500,492,96
n01820546_2708.JPEG,train.X1\n01820546,479,500,96
n01820546_2765.JPEG,train.X1\n01820546,500,454,96
n01820546_2785.JPEG,train.X1\n01820546,500,466,96
n01820546_2792.JPEG,train.X1\n01820546,500,493,96
n01820546_2827.JPEG,train.X1\n01820546,500,468,96
n01820546_3011.JPEG,train.X1\n01820546,500,454,96
n01820546_3055.JPEG,train.X1\n01820546,500,473,96
n01820546_3084.JPEG,train.X1\n01820546,495,500,96
n01820546_309.JPEG,train.X1\n01820546,450,500,96
n01820546_31.JPEG,train.X1\n01820546,500,488,96
n01820546_317.JPEG,train.X1\n01820546,500,500,96
n01820546_3203.JPEG,train.X1\n01820546,500,495,96
n01820546_3271.JPEG,train.X1\n01820546,500,456,96
n01820546_3345.JPEG,train.X1\n01820546,500,473,96
n01820546_3376.JPEG,train.X1\n01820546,500,500,96
n01820546_3445.JPEG,train.X1\n01820546,500,494,96
n01820546_3581.JPEG,train.X1\n01820546,500,500,96
n01820546_3648.JPEG,train.X1\n01820546,500,483,96
n01820546_3679.JPEG,train.X1\n01820546,500,500,96
n01820546_3744.JPEG,train.X1\n01820546,500,479,96
n01820546_3762.JPEG,train.X1\n01820546,486,500,96
n01820546_3778.JPEG,train.X1\n01820546,500,470,96
n01820546_3811.JPEG,train.X1\n01820546,466,500,96
n01820546_3828.JPEG,train.X1\n01820546,500,457,96
n01820546_3858.JPEG,train.X1\n01820546,500,454,96
n01820546_3928.JPEG,train.X1\n01820546,500,491,96
n01820546_3945.JPEG,train.X1\n01820546,500,478,96
n01820546_3951.JPEG,train.X1\n01820546,500,459,96
n01820546_3964.JPEG,train.X1\n01820546,500,457,96
n01820546_3969.JPEG,train.X1\n01820546,500,500,96
n01820546_3983.JPEG,train.X1\n01820546,500,499,96
n01820546_4002.JPEG,train.X1\n01820546,500,481,96
n01820546_4014.JPEG,train.X1\n01820546,500,500,96
n01820546_4056.JPEG,train.X1\n01820546,500,500,96
n01820546_4117.JPEG,train.X1\n01820546,500,481,96
n01820546_4184.JPEG,train.X1\n01820546,464,500,96
n01820546_4303.JPEG,train.X1\n01820546,500,500,96
n01820546_4373.JPEG,train.X1\n01820546,500,500,96
n01820546_4421.JPEG,train.X1\n01820546,500,497,96
n01820546_4422.JPEG,train.X1\n01820546,500,493,96
n01820546_4459.JPEG,train.X1\n01820546,457,500,96
n01820546_449.JPEG,train.X1\n01820546,499,500,96
n01820546_4499.JPEG,train.X1\n01820546,500,459,96
n01820546_4509.JPEG,train.X1\n01820546,491,500,96
n01820546_4525.JPEG,train.X1\n01820546,500,469,96
n01820546_4543.JPEG,train.X1\n01820546,499,500,96
n01820546_4594.JPEG,train.X1\n01820546,500,479,96
n01820546_4608.JPEG,train.X1\n01820546,500,492,96
n01820546_4627.JPEG,train.X1\n01820546,500,488,96
n01820546_4740.JPEG,train.X1\n01820546,463,500,96
n01820546_4767.JPEG,train.X1\n01820546,461,500,96
n01820546_4769.JPEG,train.X1\n01820546,472,500,96
n01820546_4810.JPEG,train.X1\n01820546,478,500,96
n01820546_483.JPEG,train.X1\n01820546,500,493,96
n01820546_5021.JPEG,train.X1\n01820546,500,450,96
n01820546_5087.JPEG,train.X1\n01820546,458,500,96
n01820546_5098.JPEG,train.X1\n01820546,463,500,96
n01820546_5134.JPEG,train.X1\n01820546,478,500,96
n01820546_5794.JPEG,train.X1\n01820546,500,500,96
n01820546_5877.JPEG,train.X1\n01820546,500,461,96
n01820546_604.JPEG,train.X1\n01820546,463,500,96
n01820546_606.JPEG,train.X1\n01820546,491,500,96
n01820546_6419.JPEG,train.X1\n01820546,500,472,96
n01820546_6444.JPEG,train.X1\n01820546,478,500,96
n01820546_6469.JPEG,train.X1\n01820546,493,500,96
n01820546_6564.JPEG,train.X1\n01820546,474,500,96
n01820546_6628.JPEG,train.X1\n01820546,495,500,96
n01820546_6640.JPEG,train.X1\n01820546,500,469,96
n01820546_6681.JPEG,train.X1\n01820546,500,500,96
n01820546_6696.JPEG,train.X1\n01820546,500,496,96
n01820546_677.JPEG,train.X1\n01820546,459,500,96
n01820546_6843.JPEG,train.X1\n01820546,500,452,96
n01820546_6941.JPEG,train.X1\n01820546,478,500,96
n01820546_6986.JPEG,train.X1\n01820546,477,500,96
n01820546_6988.JPEG,train.X1\n01820546,500,500,96
n01820546_6992.JPEG,train.X1\n01820546,500,491,96
n01820546_7060.JPEG,train.X1\n01820546,500,500,96
n01820546_723.JPEG,train.X1\n01820546,474,500,96
n01820546_75.JPEG,train.X1\n01820546,500,485,96
n01820546_751.JPEG,train.X1\n01820546,494,500,96
n01820546_753.JPEG,train.X1\n01820546,453,500,96
n01820546_792.JPEG,train.X1\n01820546,500,458,96
n01820546_807.JPEG,train.X1\n01820546,500,496,96
n01820546_848.JPEG,train.X1\n01820546,458,500,96
n01820546_857.JPEG,train.X1\n01820546,464,500,96
n01820546_864.JPEG,train.X1\n01820546,500,497,96
n01820546_930.JPEG,train.X1\n01820546,500,483,96
n01820546_945.JPEG,train.X1\n01820546,500,463,96
n01824575_1009.JPEG,train.X1\n01824575,488,500,96
n01824575_1366.JPEG,train.X1\n01824575,500,498,96
n01824575_1493.JPEG,train.X1\n01824575,470,500,96
n01824575_1653.JPEG,train.X1\n01824575,478,500,96
n01824575_1765.JPEG,train.X1\n01824575,500,458,96
n01824575_1772.JPEG,train.X1\n01824575,500,489,96
n01824575_1982.JPEG,train.X1\n01824575,470,480,96
n01824575_2012.JPEG,train.X1\n01824575,486,500,96
n01824575_2024.JPEG,train.X1\n01824575,500,494,96
n01824575_2254.JPEG,train.X1\n01824575,500,500,96
n01824575_2321.JPEG,train.X1\n01824575,500,494,96
n01824575_2379.JPEG,train.X1\n01824575,498,500,96
n01824575_2679.JPEG,train.X1\n01824575,464,500,96
n01824575_2773.JPEG,train.X1\n01824575,500,455,96
n01824575_287.JPEG,train.X1\n01824575,459,500,96
n01824575_3149.JPEG,train.X1\n01824575,500,500,96
n01824575_3156.JPEG,train.X1\n01824575,500,464,96
n01824575_3855.JPEG,train.X1\n01824575,500,500,96
n01824575_4078.JPEG,train.X1\n01824575,456,500,96
n01824575_4464.JPEG,train.X1\n01824575,500,500,96
n01824575_4563.JPEG,train.X1\n01824575,500,450,96
n01824575_495.JPEG,train.X1\n01824575,500,481,96
n01824575_4965.JPEG,train.X1\n01824575,488,480,96
n01824575_5112.JPEG,train.X1\n01824575,480,500,96
n01824575_5476.JPEG,train.X1\n01824575,500,500,96
n01824575_5514.JPEG,train.X1\n01824575,465,500,96
n01824575_5558.JPEG,train.X1\n01824575,500,479,96
n01824575_5661.JPEG,train.X1\n01824575,500,500,96
n01824575_5717.JPEG,train.X1\n01824575,500,470,96
n01824575_5779.JPEG,train.X1\n01824575,500,500,96
n01833805_10306.JPEG,train.X1\n01833805,500,461,96
n01833805_10333.JPEG,train.X1\n01833805,500,496,96
n01833805_1103.JPEG,train.X1\n01833805,500,453,96
n01833805_11828.JPEG,train.X1\n01833805,500,469,96
n01833805_11842.JPEG,train.X1\n01833805,457,500,96
n01833805_12023.JPEG,train.X1\n01833805,500,470,96
n01833805_12072.JPEG,train.X1\n01833805,491,500,96
n01833805_12464.JPEG,train.X1\n01833805,500,458,96
n01833805_12575.JPEG,train.X1\n01833805,500,463,96
n01833805_12712.JPEG,train.X1\n01833805,500,496,96
n01833805_12723.JPEG,train.X1\n01833805,500,500,96
n01833805_1276.JPEG,train.X1\n01833805,476,500,96
n01833805_12882.JPEG,train.X1\n01833805,500,471,96
n01833805_13101.JPEG,train.X1\n01833805,465,500,96
n01833805_13174.JPEG,train.X1\n01833805,500,492,96
n01833805_13281.JPEG,train.X1\n01833805,500,500,96
n01833805_13320.JPEG,train.X1\n01833805,464,500,96
n01833805_1367.JPEG,train.X1\n01833805,500,500,96
n01833805_1429.JPEG,train.X1\n01833805,500,466,96
n01833805_147.JPEG,train.X1\n01833805,459,500,96
n01833805_1561.JPEG,train.X1\n01833805,500,500,96
n01833805_1795.JPEG,train.X1\n01833805,500,491,96
n01833805_1846.JPEG,train.X1\n01833805,500,476,96
n01833805_1979.JPEG,train.X1\n01833805,476,500,96
n01833805_202.JPEG,train.X1\n01833805,500,474,96
n01833805_2264.JPEG,train.X1\n01833805,487,500,96
n01833805_2407.JPEG,train.X1\n01833805,500,472,96
n01833805_2504.JPEG,train.X1\n01833805,458,500,96
n01833805_2539.JPEG,train.X1\n01833805,500,459,96
n01833805_2891.JPEG,train.X1\n01833805,500,464,96
n01833805_2893.JPEG,train.X1\n01833805,500,458,96
n01833805_3.JPEG,train.X1\n01833805,500,500,96
n01833805_3133.JPEG,train.X1\n01833805,500,500,96
n01833805_320.JPEG,train.X1\n01833805,500,482,96
n01833805_3233.JPEG,train.X1\n01833805,500,459,96
n01833805_3304.JPEG,train.X1\n01833805,465,500,96
n01833805_3386.JPEG,train.X1\n01833805,500,484,96
n01833805_3589.JPEG,train.X1\n01833805,500,450,96
n01833805_3738.JPEG,train.X1\n01833805,479,500,96
n01833805_3787.JPEG,train.X1\n01833805,459,500,96
n01833805_379.JPEG,train.X1\n01833805,498,500,96
n01833805_3933.JPEG,train.X1\n01833805,500,481,96
n01833805_4283.JPEG,train.X1\n01833805,500,500,96
n01833805_4301.JPEG,train.X1\n01833805,500,460,96
n01833805_4499.JPEG,train.X1\n01833805,500,459,96
n01833805_4575.JPEG,train.X1\n01833805,500,491,96
n01833805_4747.JPEG,train.X1\n01833805,500,471,96
n01833805_4760.JPEG,train.X1\n01833805,500,500,96
n01833805_4819.JPEG,train.X1\n01833805,500,500,96
n01833805_4825.JPEG,train.X1\n01833805,500,500,96
n01833805_4829.JPEG,train.X1\n01833805,469,500,96
n01833805_492.JPEG,train.X1\n01833805,500,453,96
n01833805_4968.JPEG,train.X1\n01833805,500,500,96
n01833805_5104.JPEG,train.X1\n01833805,485,500,96
n01833805_515.JPEG,train.X1\n01833805,495,500,96
n01833805_5376.JPEG,train.X1\n01833805,500,500,96
n01833805_5650.JPEG,train.X1\n01833805,489,500,96
n01833805_568.JPEG,train.X1\n01833805,500,500,96
n01833805_5731.JPEG,train.X1\n01833805,500,457,96
n01833805_583.JPEG,train.X1\n01833805,500,500,96
n01833805_6312.JPEG,train.X1\n01833805,500,500,96
n01833805_6350.JPEG,train.X1\n01833805,495,500,96
n01833805_6392.JPEG,train.X1\n01833805,500,458,96
n01833805_6432.JPEG,train.X1\n01833805,450,457,96
n01833805_6487.JPEG,train.X1\n01833805,467,500,96
n01833805_6544.JPEG,train.X1\n01833805,500,469,96
n01833805_6552.JPEG,train.X1\n01833805,500,500,96
n01833805_6594.JPEG,train.X1\n01833805,471,500,96
n01833805_6713.JPEG,train.X1\n01833805,500,500,96
n01833805_6786.JPEG,train.X1\n01833805,500,455,96
n01833805_7138.JPEG,train.X1\n01833805,500,500,96
n01833805_7361.JPEG,train.X1\n01833805,500,496,96
n01833805_7428.JPEG,train.X1\n01833805,480,500,96
n01833805_762.JPEG,train.X1\n01833805,500,499,96
n01833805_7637.JPEG,train.X1\n01833805,498,500,96
n01833805_7699.JPEG,train.X1\n01833805,468,500,96
n01833805_772.JPEG,train.X1\n01833805,500,500,96
n01833805_7873.JPEG,train.X1\n01833805,500,500,96
n01833805_8051.JPEG,train.X1\n01833805,499,500,96
n01833805_8070.JPEG,train.X1\n01833805,500,485,96
n01833805_8090.JPEG,train.X1\n01833805,487,500,96
n01833805_8242.JPEG,train.X1\n01833805,486,500,96
n01833805_8308.JPEG,train.X1\n01833805,500,500,96
n01833805_8543.JPEG,train.X1\n01833805,452,500,96
n01833805_8721.JPEG,train.X1\n01833805,500,483,96
n01833805_874.JPEG,train.X1\n01833805,500,500,96
n01833805_8797.JPEG,train.X1\n01833805,500,478,96
n01833805_8998.JPEG,train.X1\n01833805,500,500,96
n01833805_907.JPEG,train.X1\n01833805,500,500,96
n01833805_9401.JPEG,train.X1\n01833805,500,488,96
n01833805_9417.JPEG,train.X1\n01833805,500,455,96
n01833805_9588.JPEG,train.X1\n01833805,500,459,96
n01833805_9616.JPEG,train.X1\n01833805,500,500,96
n01833805_9725.JPEG,train.X1\n01833805,500,500,96
n01833805_9777.JPEG,train.X1\n01833805,500,500,96
n01833805_991.JPEG,train.X1\n01833805,465,500,96
n01833805_9953.JPEG,train.X1\n01833805,493,500,96
n01914609_10155.JPEG,train.X1\n01914609,500,450,96
n01914609_10444.JPEG,train.X1\n01914609,500,480,96
n01914609_10678.JPEG,train.X1\n01914609,500,500,96
n01914609_11095.JPEG,train.X1\n01914609,483,500,96
n01914609_11188.JPEG,train.X1\n01914609,500,470,96
n01914609_11773.JPEG,train.X1\n01914609,500,500,96
n01914609_13447.JPEG,train.X1\n01914609,500,466,96
n01914609_13542.JPEG,train.X1\n01914609,499,499,96
n01914609_13641.JPEG,train.X1\n01914609,500,453,96
n01914609_13687.JPEG,train.X1\n01914609,500,500,96
n01914609_13695.JPEG,train.X1\n01914609,500,500,96
n01914609_13909.JPEG,train.X1\n01914609,500,500,96
n01914609_14004.JPEG,train.X1\n01914609,450,500,96
n01914609_1551.JPEG,train.X1\n01914609,500,485,96
n01914609_15993.JPEG,train.X1\n01914609,500,460,96
n01914609_16289.JPEG,train.X1\n01914609,500,452,96
n01914609_16405.JPEG,train.X1\n01914609,500,452,96
n01914609_1730.JPEG,train.X1\n01914609,476,500,96
n01914609_1739.JPEG,train.X1\n01914609,500,498,96
n01914609_18465.JPEG,train.X1\n01914609,500,500,96
n01914609_1880.JPEG,train.X1\n01914609,500,457,96
n01914609_19188.JPEG,train.X1\n01914609,481,500,96
n01914609_19332.JPEG,train.X1\n01914609,500,479,96
n01914609_1999.JPEG,train.X1\n01914609,492,500,96
n01914609_2557.JPEG,train.X1\n01914609,500,469,96
n01914609_2947.JPEG,train.X1\n01914609,495,500,96
n01914609_3040.JPEG,train.X1\n01914609,486,500,96
n01914609_3208.JPEG,train.X1\n01914609,500,465,96
n01914609_3249.JPEG,train.X1\n01914609,481,500,96
n01914609_3397.JPEG,train.X1\n01914609,500,455,96
n01914609_3402.JPEG,train.X1\n01914609,500,500,96
n01914609_3620.JPEG,train.X1\n01914609,500,474,96
n01914609_364.JPEG,train.X1\n01914609,500,493,96
n01914609_3701.JPEG,train.X1\n01914609,500,500,96
n01914609_3875.JPEG,train.X1\n01914609,500,500,96
n01914609_4010.JPEG,train.X1\n01914609,500,476,96
n01914609_4183.JPEG,train.X1\n01914609,500,480,96
n01914609_4501.JPEG,train.X1\n01914609,500,500,96
n01914609_4747.JPEG,train.X1\n01914609,500,500,96
n01914609_4796.JPEG,train.X1\n01914609,500,500,96
n01914609_4914.JPEG,train.X1\n01914609,500,500,96
n01914609_4968.JPEG,train.X1\n01914609,500,500,96
n01914609_5142.JPEG,train.X1\n01914609,499,500,96
n01914609_5185.JPEG,train.X1\n01914609,500,500,96
n01914609_530.JPEG,train.X1\n01914609,500,478,96
n01914609_6131.JPEG,train.X1\n01914609,453,500,96
n01914609_6188.JPEG,train.X1\n01914609,500,500,96
n01914609_7110.JPEG,train.X1\n01914609,500,500,96
n01914609_7212.JPEG,train.X1\n01914609,499,500,96
n01914609_7717.JPEG,train.X1\n01914609,450,459,96
n01914609_8139.JPEG,train.X1\n01914609,500,500,96
n01914609_8405.JPEG,train.X1\n01914609,500,474,96
n01914609_8887.JPEG,train.X1\n01914609,500,486,96
n01914609_9007.JPEG,train.X1\n01914609,500,500,96
n01914609_9105.JPEG,train.X1\n01914609,500,459,96
n01914609_9411.JPEG,train.X1\n01914609,500,488,96
n01924916_2782.JPEG,train.X1\n01924916,475,500,96
n01924916_3029.JPEG,train.X1\n01924916,500,490,96
n01924916_3874.JPEG,train.X1\n01924916,500,476,96
n01924916_4537.JPEG,train.X1\n01924916,463,500,96
n01924916_4856.JPEG,train.X1\n01924916,455,500,96
n01924916_4968.JPEG,train.X1\n01924916,500,456,96
n01924916_5106.JPEG,train.X1\n01924916,495,500,96
n01924916_5323.JPEG,train.X1\n01924916,500,453,96
n01924916_5499.JPEG,train.X1\n01924916,500,494,96
n01924916_5756.JPEG,train.X1\n01924916,457,500,96
n01924916_6114.JPEG,train.X1\n01924916,500,500,96
n01924916_6402.JPEG,train.X1\n01924916,463,500,96
n01924916_6413.JPEG,train.X1\n01924916,500,481,96
n01924916_6550.JPEG,train.X1\n01924916,491,500,96
n01924916_6697.JPEG,train.X1\n01924916,500,451,96
n01924916_6708.JPEG,train.X1\n01924916,500,478,96
n01924916_6950.JPEG,train.X1\n01924916,482,500,96
n01924916_6956.JPEG,train.X1\n01924916,466,500,96
n01924916_6970.JPEG,train.X1\n01924916,500,498,96
n01924916_7051.JPEG,train.X1\n01924916,478,474,96
n01924916_7069.JPEG,train.X1\n01924916,493,500,96
n01924916_7070.JPEG,train.X1\n01924916,456,500,96
n01924916_7092.JPEG,train.X1\n01924916,500,480,96
n01924916_7352.JPEG,train.X1\n01924916,485,500,96
n01924916_7602.JPEG,train.X1\n01924916,462,500,96
n01924916_7631.JPEG,train.X1\n01924916,450,500,96
n01924916_7739.JPEG,train.X1\n01924916,500,469,96
n01924916_7757.JPEG,train.X1\n01924916,500,494,96
n01924916_7835.JPEG,train.X1\n01924916,479,500,96
n01924916_8009.JPEG,train.X1\n01924916,500,475,96
n01924916_8184.JPEG,train.X1\n01924916,500,493,96
n01924916_824.JPEG,train.X1\n01924916,500,458,96
n01924916_8280.JPEG,train.X1\n01924916,464,500,96
n01924916_8700.JPEG,train.X1\n01924916,494,500,96
n01924916_8759.JPEG,train.X1\n01924916,471,500,96
n01924916_8802.JPEG,train.X1\n01924916,500,494,96
n01924916_8959.JPEG,train.X1\n01924916,500,494,96
n01924916_8972.JPEG,train.X1\n01924916,500,499,96
n01924916_957.JPEG,train.X1\n01924916,500,500,96
n01930112_1027.JPEG,train.X1\n01930112,500,500,96
n01930112_10325.JPEG,train.X1\n01930112,500,478,96
n01930112_11081.JPEG,train.X1\n01930112,500,471,96
n01930112_11382.JPEG,train.X1\n01930112,500,478,96
n01930112_11432.JPEG,train.X1\n01930112,500,491,96
n01930112_11524.JPEG,train.X1\n01930112,500,493,96
n01930112_12436.JPEG,train.X1\n01930112,475,500,96
n01930112_12638.JPEG,train.X1\n01930112,472,500,96
n01930112_12872.JPEG,train.X1\n01930112,474,500,96
n01930112_12956.JPEG,train.X1\n01930112,494,500,96
n01930112_13804.JPEG,train.X1\n01930112,500,477,96
n01930112_13869.JPEG,train.X1\n01930112,500,485,96
n01930112_14224.JPEG,train.X1\n01930112,500,487,96
n01930112_14248.JPEG,train.X1\n01930112,500,483,96
n01930112_14916.JPEG,train.X1\n01930112,483,500,96
n01930112_22237.JPEG,train.X1\n01930112,467,500,96
n01930112_6668.JPEG,train.X1\n01930112,500,497,96
n01930112_7083.JPEG,train.X1\n01930112,500,488,96
n01930112_9208.JPEG,train.X1\n01930112,500,454,96
n01930112_9400.JPEG,train.X1\n01930112,484,500,96
n01950731_10315.JPEG,train.X1\n01950731,500,460,96
n01950731_11432.JPEG,train.X1\n01950731,485,500,96
n01950731_11601.JPEG,train.X1\n01950731,500,459,96
n01950731_11642.JPEG,train.X1\n01950731,460,500,96
n01950731_11685.JPEG,train.X1\n01950731,462,500,96
n01950731_11711.JPEG,train.X1\n01950731,480,500,96
n01950731_11753.JPEG,train.X1\n01950731,500,492,96
n01950731_11810.JPEG,train.X1\n01950731,500,500,96
n01950731_11826.JPEG,train.X1\n01950731,482,500,96
n01950731_1184.JPEG,train.X1\n01950731,500,476,96
n01950731_11917.JPEG,train.X1\n01950731,497,500,96
n01950731_1196.JPEG,train.X1\n01950731,467,500,96
n01950731_11971.JPEG,train.X1\n01950731,500,462,96
n01950731_12002.JPEG,train.X1\n01950731,500,455,96
n01950731_12059.JPEG,train.X1\n01950731,456,500,96
n01950731_121.JPEG,train.X1\n01950731,500,492,96
n01950731_12104.JPEG,train.X1\n01950731,450,500,96
n01950731_12121.JPEG,train.X1\n01950731,461,500,96
n01950731_12135.JPEG,train.X1\n01950731,500,481,96
n01950731_12240.JPEG,train.X1\n01950731,500,500,96
n01950731_12456.JPEG,train.X1\n01950731,500,467,96
n01950731_12478.JPEG,train.X1\n01950731,500,484,96
n01950731_12513.JPEG,train.X1\n01950731,500,460,96
n01950731_12564.JPEG,train.X1\n01950731,500,488,96
n01950731_12696.JPEG,train.X1\n01950731,500,455,96
n01950731_12825.JPEG,train.X1\n01950731,500,500,96
n01950731_12983.JPEG,train.X1\n01950731,476,500,96
n01950731_12998.JPEG,train.X1\n01950731,489,500,96
n01950731_13023.JPEG,train.X1\n01950731,500,462,96
n01950731_13028.JPEG,train.X1\n01950731,465,500,96
n01950731_13058.JPEG,train.X1\n01950731,500,490,96
n01950731_13091.JPEG,train.X1\n01950731,473,500,96
n01950731_13094.JPEG,train.X1\n01950731,500,472,96
n01950731_13159.JPEG,train.X1\n01950731,500,456,96
n01950731_13247.JPEG,train.X1\n01950731,500,470,96
n01950731_13267.JPEG,train.X1\n01950731,492,500,96
n01950731_13283.JPEG,train.X1\n01950731,473,500,96
n01950731_13428.JPEG,train.X1\n01950731,484,500,96
n01950731_13433.JPEG,train.X1\n01950731,500,467,96
n01950731_13438.JPEG,train.X1\n01950731,459,500,96
n01950731_13484.JPEG,train.X1\n01950731,472,500,96
n01950731_13490.JPEG,train.X1\n01950731,485,500,96
n01950731_13651.JPEG,train.X1\n01950731,475,500,96
n01950731_13698.JPEG,train.X1\n01950731,500,464,96
n01950731_13713.JPEG,train.X1\n01950731,498,500,96
n01950731_1372.JPEG,train.X1\n01950731,500,499,96
n01950731_13757.JPEG,train.X1\n01950731,500,483,96
n01950731_13959.JPEG,train.X1\n01950731,500,453,96
n01950731_14058.JPEG,train.X1\n01950731,456,500,96
n01950731_14114.JPEG,train.X1\n01950731,451,500,96
n01950731_14115.JPEG,train.X1\n01950731,500,485,96
n01950731_14144.JPEG,train.X1\n01950731,475,500,96
n01950731_14203.JPEG,train.X1\n01950731,500,492,96
n01950731_14246.JPEG,train.X1\n01950731,471,500,96
n01950731_14353.JPEG,train.X1\n01950731,500,494,96
n01950731_14730.JPEG,train.X1\n01950731,500,485,96
n01950731_14765.JPEG,train.X1\n01950731,500,474,96
n01950731_14913.JPEG,train.X1\n01950731,491,500,96
n01950731_14977.JPEG,train.X1\n01950731,500,500,96
n01950731_15750.JPEG,train.X1\n01950731,479,500,96
n01950731_15888.JPEG,train.X1\n01950731,500,500,96
n01950731_1638.JPEG,train.X1\n01950731,451,500,96
n01950731_16393.JPEG,train.X1\n01950731,482,500,96
n01950731_16414.JPEG,train.X1\n01950731,468,500,96
n01950731_16585.JPEG,train.X1\n01950731,500,476,96
n01950731_16688.JPEG,train.X1\n01950731,500,500,96
n01950731_16731.JPEG,train.X1\n01950731,500,479,96
n01950731_16750.JPEG,train.X1\n01950731,478,500,96
n01950731_1687.JPEG,train.X1\n01950731,500,500,96
n01950731_16933.JPEG,train.X1\n01950731,475,500,96
n01950731_17067.JPEG,train.X1\n01950731,500,463,96
n01950731_17077.JPEG,train.X1\n01950731,500,482,96
n01950731_17285.JPEG,train.X1\n01950731,458,500,96
n01950731_17338.JPEG,train.X1\n01950731,500,473,96
n01950731_17793.JPEG,train.X1\n01950731,452,500,96
n01950731_18102.JPEG,train.X1\n01950731,464,500,96
n01950731_18333.JPEG,train.X1\n01950731,500,460,96
n01950731_18375.JPEG,train.X1\n01950731,488,500,96
n01950731_1967.JPEG,train.X1\n01950731,500,467,96
n01950731_20536.JPEG,train.X1\n01950731,493,500,96
n01950731_20964.JPEG,train.X1\n01950731,477,500,96
n01950731_21397.JPEG,train.X1\n01950731,500,460,96
n01950731_2157.JPEG,train.X1\n01950731,453,500,96
n01950731_22170.JPEG,train.X1\n01950731,500,473,96
n01950731_22204.JPEG,train.X1\n01950731,500,468,96
n01950731_22447.JPEG,train.X1\n01950731,481,480,96
n01950731_2349.JPEG,train.X1\n01950731,500,494,96
n01950731_2403.JPEG,train.X1\n01950731,458,500,96
n01950731_26161.JPEG,train.X1\n01950731,500,482,96
n01950731_27010.JPEG,train.X1\n01950731,500,456,96
n01950731_27910.JPEG,train.X1\n01950731,482,500,96
n01950731_28.JPEG,train.X1\n01950731,500,497,96
n01950731_31788.JPEG,train.X1\n01950731,500,500,96
n01950731_354.JPEG,train.X1\n01950731,452,500,96
n01950731_4133.JPEG,train.X1\n01950731,500,450,96
n01950731_419.JPEG,train.X1\n01950731,500,451,96
n01950731_4250.JPEG,train.X1\n01950731,451,500,96
n01950731_4663.JPEG,train.X1\n01950731,500,462,96
n01950731_4805.JPEG,train.X1\n01950731,500,494,96
n01950731_5149.JPEG,train.X1\n01950731,500,469,96
n01950731_5601.JPEG,train.X1\n01950731,488,500,96
n01950731_5670.JPEG,train.X1\n01950731,500,500,96
n01950731_618.JPEG,train.X1\n01950731,500,465,96
n01950731_6605.JPEG,train.X1\n01950731,497,500,96
n01950731_7359.JPEG,train.X1\n01950731,467,500,96
n01950731_7578.JPEG,train.X1\n01950731,481,500,96
n01950731_7906.JPEG,train.X1\n01950731,500,481,96
n01950731_7963.JPEG,train.X1\n01950731,500,457,96
n01950731_8324.JPEG,train.X1\n01950731,500,496,96
n01950731_843.JPEG,train.X1\n01950731,485,500,96
n01950731_8902.JPEG,train.X1\n01950731,491,500,96
n01950731_8935.JPEG,train.X1\n01950731,500,489,96
n01950731_8970.JPEG,train.X1\n01950731,476,500,96
n01950731_9090.JPEG,train.X1\n01950731,486,500,96
n01950731_9099.JPEG,train.X1\n01950731,500,456,96
n01950731_9482.JPEG,train.X1\n01950731,500,470,96
n01950731_9510.JPEG,train.X1\n01950731,500,486,96
n01950731_9522.JPEG,train.X1\n01950731,500,465,96
n01950731_9574.JPEG,train.X1\n01950731,476,500,96
n01950731_9585.JPEG,train.X1\n01950731,491,500,96
n01950731_9595.JPEG,train.X1\n01950731,453,500,96
n01950731_9688.JPEG,train.X1\n01950731,462,500,96
n01950731_9707.JPEG,train.X1\n01950731,460,500,96
n01950731_9890.JPEG,train.X1\n01950731,500,480,96
n01950731_9946.JPEG,train.X1\n01950731,497,500,96
n01978455_10079.JPEG,train.X1\n01978455,500,500,96
n01978455_10836.JPEG,train.X1\n01978455,500,459,96
n01978455_11438.JPEG,train.X1\n01978455,500,500,96
n01978455_12676.JPEG,train.X1\n01978455,500,460,96
n01978455_12680.JPEG,train.X1\n01978455,500,485,96
n01978455_2164.JPEG,train.X1\n01978455,500,481,96
n01978455_2240.JPEG,train.X1\n01978455,476,500,96
n01978455_2376.JPEG,train.X1\n01978455,500,477,96
n01978455_2560.JPEG,train.X1\n01978455,500,500,96
n01978455_2654.JPEG,train.X1\n01978455,477,500,96
n01978455_339.JPEG,train.X1\n01978455,500,500,96
n01978455_3719.JPEG,train.X1\n01978455,500,500,96
n01978455_6407.JPEG,train.X1\n01978455,500,499,96
n01978455_6468.JPEG,train.X1\n01978455,499,500,96
n01978455_7450.JPEG,train.X1\n01978455,500,500,96
n01978455_8071.JPEG,train.X1\n01978455,500,479,96
n01978455_8299.JPEG,train.X1\n01978455,500,481,96
n01978455_9331.JPEG,train.X1\n01978455,500,472,96
n01978455_9986.JPEG,train.X1\n01978455,500,500,96
n01984695_10687.JPEG,train.X1\n01984695,500,500,96
n01984695_15057.JPEG,train.X1\n01984695,469,500,96
n01984695_19999.JPEG,train.X1\n01984695,500,496,96
n01984695_380.JPEG,train.X1\n01984695,500,481,96
n01984695_38181.JPEG,train.X1\n01984695,500,500,96
n01984695_40127.JPEG,train.X1\n01984695,500,461,96
n01984695_4123.JPEG,train.X1\n01984695,500,500,96
n01984695_43610.JPEG,train.X1\n01984695,460,500,96
n01984695_60084.JPEG,train.X1\n01984695,500,469,96
n02007558_10189.JPEG,train.X1\n02007558,500,477,96
n02007558_10227.JPEG,train.X1\n02007558,489,500,96
n02007558_10279.JPEG,train.X1\n02007558,481,500,96
n02007558_10399.JPEG,train.X1\n02007558,487,500,96
n02007558_10452.JPEG,train.X1\n02007558,465,472,96
n02007558_107.JPEG,train.X1\n02007558,500,460,96
n02007558_10818.JPEG,train.X1\n02007558,500,453,96
n02007558_10933.JPEG,train.X1\n02007558,500,500,96
n02007558_11015.JPEG,train.X1\n02007558,500,495,96
n02007558_11169.JPEG,train.X1\n02007558,500,500,96
n02007558_11331.JPEG,train.X1\n02007558,454,500,96
n02007558_11378.JPEG,train.X1\n02007558,500,463,96
n02007558_11718.JPEG,train.X1\n02007558,500,467,96
n02007558_11877.JPEG,train.X1\n02007558,473,500,96
n02007558_12214.JPEG,train.X1\n02007558,500,463,96
n02007558_12417.JPEG,train.X1\n02007558,500,500,96
n02007558_12484.JPEG,train.X1\n02007558,500,451,96
n02007558_12642.JPEG,train.X1\n02007558,500,458,96
n02007558_12783.JPEG,train.X1\n02007558,500,497,96
n02007558_13040.JPEG,train.X1\n02007558,476,500,96
n02007558_13051.JPEG,train.X1\n02007558,500,495,96
n02007558_13347.JPEG,train.X1\n02007558,471,500,96
n02007558_13581.JPEG,train.X1\n02007558,480,500,96
n02007558_13589.JPEG,train.X1\n02007558,495,500,96
n02007558_13782.JPEG,train.X1\n02007558,480,500,96
n02007558_14594.JPEG,train.X1\n02007558,487,500,96
n02007558_14632.JPEG,train.X1\n02007558,492,500,96
n02007558_14723.JPEG,train.X1\n02007558,500,453,96
n02007558_1652.JPEG,train.X1\n02007558,500,500,96
n02007558_3011.JPEG,train.X1\n02007558,500,471,96
n02007558_3077.JPEG,train.X1\n02007558,500,469,96
n02007558_3140.JPEG,train.X1\n02007558,500,485,96
n02007558_3415.JPEG,train.X1\n02007558,500,478,96
n02007558_3547.JPEG,train.X1\n02007558,475,500,96
n02007558_3574.JPEG,train.X1\n02007558,460,500,96
n02007558_3579.JPEG,train.X1\n02007558,487,500,96
n02007558_3769.JPEG,train.X1\n02007558,458,500,96
n02007558_3965.JPEG,train.X1\n02007558,477,500,96
n02007558_4041.JPEG,train.X1\n02007558,500,467,96
n02007558_4120.JPEG,train.X1\n02007558,500,498,96
n02007558_4472.JPEG,train.X1\n02007558,463,500,96
n02007558_4490.JPEG,train.X1\n02007558,500,500,96
n02007558_4517.JPEG,train.X1\n02007558,500,500,96
n02007558_4954.JPEG,train.X1\n02007558,500,470,96
n02007558_4994.JPEG,train.X1\n02007558,500,470,96
n02007558_5128.JPEG,train.X1\n02007558,500,468,96
n02007558_5192.JPEG,train.X1\n02007558,500,459,96
n02007558_5206.JPEG,train.X1\n02007558,500,493,96
n02007558_5339.JPEG,train.X1\n02007558,500,500,96
n02007558_5345.JPEG,train.X1\n02007558,500,466,96
n02007558_5458.JPEG,train.X1\n02007558,500,492,96
n02007558_547.JPEG,train.X1\n02007558,481,500,96
n02007558_5742.JPEG,train.X1\n02007558,476,500,96
n02007558_5788.JPEG,train.X1\n02007558,500,482,96
n02007558_5877.JPEG,train.X1\n02007558,500,500,96
n02007558_6124.JPEG,train.X1\n02007558,465,500,96
n02007558_6266.JPEG,train.X1\n02007558,500,490,96
n02007558_6362.JPEG,train.X1\n02007558,500,459,96
n02007558_6382.JPEG,train.X1\n02007558,500,483,96
n02007558_6478.JPEG,train.X1\n02007558,500,485,96
n02007558_6555.JPEG,train.X1\n02007558,487,500,96
n02007558_6918.JPEG,train.X1\n02007558,487,500,96
n02007558_7020.JPEG,train.X1\n02007558,486,500,96
n02007558_711.JPEG,train.X1\n02007558,500,500,96
n02007558_718.JPEG,train.X1\n02007558,500,454,96
n02007558_7420.JPEG,train.X1\n02007558,486,500,96
n02007558_7632.JPEG,train.X1\n02007558,500,453,96
n02007558_7768.JPEG,train.X1\n02007558,471,500,96
n02007558_7807.JPEG,train.X1\n02007558,489,500,96
n02007558_7920.JPEG,train.X1\n02007558,481,500,96
n02007558_851.JPEG,train.X1\n02007558,500,463,96
n02007558_9144.JPEG,train.X1\n02007558,463,500,96
n02007558_9151.JPEG,train.X1\n02007558,500,495,96
n02007558_9172.JPEG,train.X1\n02007558,500,500,96
n02007558_9292.JPEG,train.X1\n02007558,500,456,96
n02007558_9378.JPEG,train.X1\n02007558,453,500,96
n02007558_9620.JPEG,train.X1\n02007558,475,500,96
n02007558_971.JPEG,train.X1\n02007558,475,500,96
n02007558_981.JPEG,train.X1\n02007558,500,500,96
n02007558_9978.JPEG,train.X1\n02007558,500,471,96
n02012849_102.JPEG,train.X1\n02012849,500,453,96
n02012849_10231.JPEG,train.X1\n02012849,500,489,96
n02012849_11172.JPEG,train.X1\n02012849,500,454,96
n02012849_12296.JPEG,train.X1\n02012849,500,467,96
n02012849_12360.JPEG,train.X1\n02012849,500,488,96
n02012849_12512.JPEG,train.X1\n02012849,476,500,96
n02012849_12760.JPEG,train.X1\n02012849,500,450,96
n02012849_1285.JPEG,train.X1\n02012849,472,500,96
n02012849_1286.JPEG,train.X1\n02012849,500,500,96
n02012849_12872.JPEG,train.X1\n02012849,500,500,96
n02012849_12895.JPEG,train.X1\n02012849,500,464,96
n02012849_13030.JPEG,train.X1\n02012849,500,500,96
n02012849_13044.JPEG,train.X1\n02012849,500,500,96
n02012849_13140.JPEG,train.X1\n02012849,453,500,96
n02012849_13168.JPEG,train.X1\n02012849,500,500,96
n02012849_13181.JPEG,train.X1\n02012849,500,458,96
n02012849_13352.JPEG,train.X1\n02012849,500,470,96
n02012849_13382.JPEG,train.X1\n02012849,500,492,96
n02012849_167.JPEG,train.X1\n02012849,500,463,96
n02012849_169.JPEG,train.X1\n02012849,500,481,96
n02012849_1969.JPEG,train.X1\n02012849,500,457,96
n02012849_2111.JPEG,train.X1\n02012849,462,500,96
n02012849_2157.JPEG,train.X1\n02012849,500,477,96
n02012849_261.JPEG,train.X1\n02012849,500,500,96
n02012849_2842.JPEG,train.X1\n02012849,500,500,96
n02012849_307.JPEG,train.X1\n02012849,494,500,96
n02012849_3404.JPEG,train.X1\n02012849,500,500,96
n02012849_3548.JPEG,train.X1\n02012849,459,500,96
n02012849_4010.JPEG,train.X1\n02012849,500,479,96
n02012849_409.JPEG,train.X1\n02012849,500,450,96
n02012849_413.JPEG,train.X1\n02012849,500,500,96
n02012849_433.JPEG,train.X1\n02012849,500,481,96
n02012849_4539.JPEG,train.X1\n02012849,500,472,96
n02012849_4694.JPEG,train.X1\n02012849,500,500,96
n02012849_4930.JPEG,train.X1\n02012849,500,463,96
n02012849_521.JPEG,train.X1\n02012849,500,488,96
n02012849_5275.JPEG,train.X1\n02012849,500,482,96
n02012849_5570.JPEG,train.X1\n02012849,465,500,96
n02012849_5907.JPEG,train.X1\n02012849,500,500,96
n02012849_5934.JPEG,train.X1\n02012849,500,500,96
n02012849_5956.JPEG,train.X1\n02012849,477,500,96
n02012849_5980.JPEG,train.X1\n02012849,500,469,96
n02012849_62.JPEG,train.X1\n02012849,465,500,96
n02012849_6231.JPEG,train.X1\n02012849,462,500,96
n02012849_6258.JPEG,train.X1\n02012849,500,458,96
n02012849_6259.JPEG,train.X1\n02012849,481,500,96
n02012849_6278.JPEG,train.X1\n02012849,500,467,96
n02012849_6287.JPEG,train.X1\n02012849,500,452,96
n02012849_6424.JPEG,train.X1\n02012849,500,486,96
n02012849_6454.JPEG,train.X1\n02012849,456,500,96
n02012849_6460.JPEG,train.X1\n02012849,470,500,96
n02012849_6564.JPEG,train.X1\n02012849,500,495,96
n02012849_6595.JPEG,train.X1\n02012849,498,500,96
n02012849_6638.JPEG,train.X1\n02012849,500,454,96
n02012849_6669.JPEG,train.X1\n02012849,500,483,96
n02012849_688.JPEG,train.X1\n02012849,500,488,96
n02012849_6885.JPEG,train.X1\n02012849,500,472,96
n02012849_6901.JPEG,train.X1\n02012849,471,500,96
n02012849_7272.JPEG,train.X1\n02012849,463,500,96
n02012849_7374.JPEG,train.X1\n02012849,500,451,96
n02012849_7386.JPEG,train.X1\n02012849,500,492,96
n02012849_7408.JPEG,train.X1\n02012849,464,500,96
n02012849_7443.JPEG,train.X1\n02012849,454,500,96
n02012849_7476.JPEG,train.X1\n02012849,483,500,96
n02012849_7549.JPEG,train.X1\n02012849,500,500,96
n02012849_762.JPEG,train.X1\n02012849,500,469,96
n02012849_7798.JPEG,train.X1\n02012849,500,500,96
n02012849_7817.JPEG,train.X1\n02012849,454,500,96
n02012849_785.JPEG,train.X1\n02012849,500,475,96
n02012849_7974.JPEG,train.X1\n02012849,500,500,96
n02012849_8101.JPEG,train.X1\n02012849,500,465,96
n02012849_8142.JPEG,train.X1\n02012849,500,476,96
n02012849_815.JPEG,train.X1\n02012849,500,500,96
n02012849_87.JPEG,train.X1\n02012849,476,500,96
n02012849_8761.JPEG,train.X1\n02012849,500,463,96
n02012849_8942.JPEG,train.X1\n02012849,500,467,96
n02012849_9013.JPEG,train.X1\n02012849,500,490,96
n02012849_913.JPEG,train.X1\n02012849,500,494,96
n02012849_9143.JPEG,train.X1\n02012849,500,500,96
n02012849_9274.JPEG,train.X1\n02012849,500,470,96
n02012849_9605.JPEG,train.X1\n02012849,500,453,96
n02012849_9610.JPEG,train.X1\n02012849,465,500,96
n02012849_9971.JPEG,train.X1\n02012849,500,467,96
n02018795_1011.JPEG,train.X1\n02018795,453,500,96
n02018795_1494.JPEG,train.X1\n02018795,500,500,96
n02018795_1500.JPEG,train.X1\n02018795,474,500,96
n02018795_1699.JPEG,train.X1\n02018795,459,500,96
n02018795_2209.JPEG,train.X1\n02018795,500,453,96
n02018795_2381.JPEG,train.X1\n02018795,498,500,96
n02018795_3113.JPEG,train.X1\n02018795,472,500,96
n02018795_3622.JPEG,train.X1\n02018795,500,453,96
n02018795_3811.JPEG,train.X1\n02018795,500,454,96
n02018795_3854.JPEG,train.X1\n02018795,500,500,96
n02018795_3871.JPEG,train.X1\n02018795,465,500,96
n02018795_4249.JPEG,train.X1\n02018795,451,480,96
n02018795_4712.JPEG,train.X1\n02018795,484,500,96
n02018795_5009.JPEG,train.X1\n02018795,453,500,96
n02018795_5275.JPEG,train.X1\n02018795,493,500,96
n02018795_5557.JPEG,train.X1\n02018795,463,500,96
n02018795_5694.JPEG,train.X1\n02018795,500,485,96
n02018795_6016.JPEG,train.X1\n02018795,479,500,96
n02018795_6219.JPEG,train.X1\n02018795,500,482,96
n02018795_6785.JPEG,train.X1\n02018795,500,500,96
n02018795_6972.JPEG,train.X1\n02018795,500,496,96
n02018795_7095.JPEG,train.X1\n02018795,500,479,96
n02018795_807.JPEG,train.X1\n02018795,486,500,96
n02037110_10985.JPEG,train.X1\n02037110,500,500,96
n02037110_1109.JPEG,train.X1\n02037110,500,480,96
n02037110_11184.JPEG,train.X1\n02037110,500,500,96
n02037110_11440.JPEG,train.X1\n02037110,500,500,96
n02037110_1201.JPEG,train.X1\n02037110,500,490,96
n02037110_1265.JPEG,train.X1\n02037110,500,500,96
n02037110_1274.JPEG,train.X1\n02037110,500,500,96
n02037110_13647.JPEG,train.X1\n02037110,500,500,96
n02037110_13670.JPEG,train.X1\n02037110,500,471,96
n02037110_14131.JPEG,train.X1\n02037110,500,500,96
n02037110_14554.JPEG,train.X1\n02037110,500,481,96
n02037110_14813.JPEG,train.X1\n02037110,500,468,96
n02037110_1645.JPEG,train.X1\n02037110,500,500,96
n02037110_2168.JPEG,train.X1\n02037110,500,451,96
n02037110_231.JPEG,train.X1\n02037110,500,500,96
n02037110_2525.JPEG,train.X1\n02037110,500,457,96
n02037110_2776.JPEG,train.X1\n02037110,500,500,96
n02037110_2824.JPEG,train.X1\n02037110,500,500,96
n02037110_2844.JPEG,train.X1\n02037110,500,500,96
n02037110_2958.JPEG,train.X1\n02037110,495,500,96
n02037110_3005.JPEG,train.X1\n02037110,500,500,96
n02037110_3786.JPEG,train.X1\n02037110,500,500,96
n02037110_3844.JPEG,train.X1\n02037110,500,450,96
n02037110_3929.JPEG,train.X1\n02037110,500,477,96
n02037110_4001.JPEG,train.X1\n02037110,500,450,96
n02037110_4304.JPEG,train.X1\n02037110,500,489,96
n02037110_4471.JPEG,train.X1\n02037110,500,500,96
n02037110_4496.JPEG,train.X1\n02037110,500,472,96
n02037110_4613.JPEG,train.X1\n02037110,500,465,96
n02037110_4807.JPEG,train.X1\n02037110,500,500,96
n02037110_5024.JPEG,train.X1\n02037110,487,500,96
n02037110_5178.JPEG,train.X1\n02037110,500,494,96
n02037110_5188.JPEG,train.X1\n02037110,464,500,96
n02037110_5343.JPEG,train.X1\n02037110,500,458,96
n02037110_5707.JPEG,train.X1\n02037110,500,500,96
n02037110_5812.JPEG,train.X1\n02037110,481,500,96
n02037110_5947.JPEG,train.X1\n02037110,500,500,96
n02037110_6094.JPEG,train.X1\n02037110,500,500,96
n02037110_6119.JPEG,train.X1\n02037110,500,500,96
n02037110_6153.JPEG,train.X1\n02037110,500,498,96
n02037110_6577.JPEG,train.X1\n02037110,500,500,96
n02037110_6815.JPEG,train.X1\n02037110,472,500,96
n02037110_6938.JPEG,train.X1\n02037110,460,500,96
n02037110_7286.JPEG,train.X1\n02037110,500,500,96
n02037110_815.JPEG,train.X1\n02037110,500,477,96
n02037110_8397.JPEG,train.X1\n02037110,477,500,96
n02037110_8440.JPEG,train.X1\n02037110,500,495,96
n02037110_8662.JPEG,train.X1\n02037110,500,500,96
n02037110_8713.JPEG,train.X1\n02037110,500,500,96
n02037110_895.JPEG,train.X1\n02037110,466,500,96
n02037110_9299.JPEG,train.X1\n02037110,490,500,96
n02037110_9482.JPEG,train.X1\n02037110,500,460,96
n02037110_9661.JPEG,train.X1\n02037110,500,500,96
n02442845_3476.JPEG,357,500,476,96
n03443371_3739.JPEG,572,455,500,96
n07753592_3206.JPEG,954,500,472,96
n03916031_23054.JPEG,711,499,500,96
n04515003_23573.JPEG,881,500,500,96
n03637318_34893.JPEG,619,488,500,96
n02877765_6535.JPEG,455,500,498,96
n02025239_7252.JPEG,139,477,500,96
n02110806_3500.JPEG,253,500,500,96
n02361337_534.JPEG,336,500,450,96
n02281406_4214.JPEG,325,500,500,96
n03297495_7212.JPEG,550,485,500,96
n02165456_15810.JPEG,301,500,451,96
n02859443_3844.JPEG,449,494,500,96
n03042490_7200.JPEG,500,450,500,96
n02111889_4767.JPEG,258,465,500,96
n03187595_1560.JPEG,528,475,500,96
n07760859_11498.JPEG,956,457,500,96
n04133789_15560.JPEG,774,500,469,96
n13054560_1470.JPEG,997,500,456,96
n02840245_10313.JPEG,446,500,465,96
n02909870_5561.JPEG,463,500,472,96
n01558993_2527.JPEG,15,500,492,96
n02169497_5743.JPEG,304,500,500,96
n07730033_5320.JPEG,946,500,500,96
n04522168_14917.JPEG,883,500,500,96
n02107683_3721.JPEG,239,500,484,96
n07579787_5998.JPEG,923,500,500,96
n02093256_561.JPEG,179,500,459,96
n03452741_25595.JPEG,579,500,451,96
n03938244_13453.JPEG,721,500,452,96
n04238763_10856.JPEG,798,500,481,96
n03770679_10242.JPEG,656,500,499,96
n01532829_2326.JPEG,12,500,470,96
n02109525_14508.JPEG,247,461,500,96
n02086910_4129.JPEG,157,500,470,96
n02834397_4239.JPEG,443,463,500,96
n02093991_6571.JPEG,184,500,500,96
n02363005_21433.JPEG,337,500,453,96
n02672831_26411.JPEG,401,500,500,96
n02747177_28136.JPEG,412,500,456,96
n03676483_22350.JPEG,629,500,500,96
n11939491_27752.JPEG,985,500,450,96
n04399382_26381.JPEG,850,500,500,96
n02486410_13797.JPEG,372,500,500,96
n02869837_1351.JPEG,452,494,500,96
n03950228_1809.JPEG,725,465,500,96
n04355338_8606.JPEG,835,500,500,96
n01797886_3823.JPEG,82,496,500,96
n04069434_5415.JPEG,759,500,500,96
ILSVRC2012_val_00019745.JPEG,658,487,480,96
ILSVRC2012_val_00009814.JPEG,839,500,500,96
ILSVRC2012_val_00034835.JPEG,968,500,500,96
ILSVRC2012_val_00018950.JPEG,668,500,500,96
ILSVRC2012_val_00023750.JPEG,244,464,500,96
ILSVRC2012_val_00026887.JPEG,207,500,478,96
ILSVRC2012_val_00005584.JPEG,872,500,500,96
ILSVRC2012_val_00014432.JPEG,285,464,500,96
ILSVRC2012_val_00039712.JPEG,301,484,500,96
ILSVRC2012_val_00032832.JPEG,23,488,500,96
ILSVRC2012_val_00033968.JPEG,737,500,500,96
ILSVRC2012_val_00015684.JPEG,743,500,485,96
ILSVRC2012_val_00036689.JPEG,983,500,500,96
ILSVRC2012_val_00017025.JPEG,986,500,489,96
ILSVRC2012_val_00034998.JPEG,396,477,500,96
ILSVRC2012_val_00047337.JPEG,303,500,452,96
ILSVRC2012_val_00044385.JPEG,139,500,469,96
ILSVRC2012_val_00010262.JPEG,885,500,500,96
ILSVRC2012_val_00000634.JPEG,455,500,468,96
ILSVRC2012_val_00016634.JPEG,315,500,480,96
ILSVRC2012_val_00017328.JPEG,187,500,473,96
ILSVRC2012_val_00020294.JPEG,928,500,500,96
ILSVRC2012_val_00010053.JPEG,645,488,500,96
ILSVRC2012_val_00033678.JPEG,931,491,500,96
ILSVRC2012_val_00048726.JPEG,493,500,460,96
ILSVRC2012_val_00014875.JPEG,53,500,466,96
ILSVRC2012_val_00041900.JPEG,968,500,500,96
ILSVRC2012_val_00013450.JPEG,953,500,479,96
ILSVRC2012_val_00044010.JPEG,309,500,500,96
ILSVRC2012_val_00028675.JPEG,703,500,500,96
ILSVRC2012_val_00025351.JPEG,746,500,461,96
ILSVRC2012_val_00018142.JPEG,301,500,500,96
ILSVRC2012_val_00018350.JPEG,909,500,500,96
ILSVRC2012_val_00013318.JPEG,253,500,454,96
ILSVRC2012_val_00004796.JPEG,501,500,500,96
ILSVRC2012_val_00031292.JPEG,920,500,475,96
ILSVRC2012_val_00009585.JPEG,245,500,465,96
ILSVRC2012_val_00019326.JPEG,588,500,465,96
ILSVRC2012_val_00048804.JPEG,398,500,489,96
ILSVRC2012_val_00034109.JPEG,967,500,499,96
ILSVRC2012_val_00014328.JPEG,9,500,476,96
ILSVRC2012_val_00035440.JPEG,625,500,465,96
ILSVRC2012_val_00031505.JPEG,836,459,500,96
ILSVRC2012_val_00017358.JPEG,339,452,500,96
ILSVRC2012_val_00003871.JPEG,352,500,464,96
ILSVRC2012_val_00047294.JPEG,530,462,500,96
ILSVRC2012_val_00023804.JPEG,953,500,499,96
ILSVRC2012_val_00007129.JPEG,12,500,493,96
ILSVRC2012_val_00028462.JPEG,864,493,500,96
ILSVRC2012_val_00047552.JPEG,309,500,452,96
ILSVRC2012_val_00014461.JPEG,572,464,500,96
ILSVRC2012_val_00032342.JPEG,560,500,468,96
ILSVRC2012_val_00016874.JPEG,557,500,500,96
ILSVRC2012_val_00016143.JPEG,396,500,455,96
ILSVRC2012_val_00028665.JPEG,952,500,500,96
ILSVRC2012_val_00048933.JPEG,575,500,473,96
ILSVRC2012_val_00037039.JPEG,986,500,461,96
ILSVRC2012_val_00016850.JPEG,728,500,500,96
ILSVRC2012_val_00015172.JPEG,309,500,460,96
ILSVRC2012_val_00007852.JPEG,679,500,500,96
ILSVRC2012_val_00032341.JPEG,828,500,500,96
ILSVRC2012_val_00009184.JPEG,429,500,500,96
n11879895_7068.JPEG,984,500,500,96
n03026506_4305.JPEG,496,500,460,96
n02951585_4899.JPEG,473,500,481,96
n02134418_971.JPEG,297,500,500,96
n03709823_16778.JPEG,636,500,460,96
n03065424_46886.JPEG,506,500,500,96
n03874599_7697.JPEG,695,500,468,96
n02109961_3766.JPEG,248,500,498,96
n04417672_8583.JPEG,853,500,465,96
n02109525_12978.JPEG,247,500,500,96
n04120489_1431.JPEG,770,500,500,96
n04398044_22572.JPEG,849,500,500,96
n02910353_11091.JPEG,464,500,500,96
n04596742_251.JPEG,909,500,500,96
n02092339_4916.JPEG,178,474,500,96
n03595614_13834.JPEG,610,455,500,96
n03584254_1977.JPEG,605,500,451,96
n07760859_9242.JPEG,956,500,500,96
n02119789_12381.JPEG,278,500,493,96
n02108915_4816.JPEG,245,500,473,96
n02676566_9181.JPEG,402,496,500,96
n07697537_20669.JPEG,934,488,500,96
n03032252_63428.JPEG,498,500,500,96
n03492542_34821.JPEG,592,458,500,96
n02509815_2199.JPEG,387,456,500,96
n02992529_11090.JPEG,487,500,467,96
n03938244_16386.JPEG,721,500,500,96
n02276258_8604.JPEG,321,500,483,96
n02317335_15986.JPEG,327,500,481,96
n02109961_1465.JPEG,248,500,500,96
n02963159_14435.JPEG,474,500,490,96
n02342885_8321.JPEG,333,453,500,96
n02095570_12523.JPEG,189,500,459,96
n03980874_4638.JPEG,735,500,500,96
n01768244_768.JPEG,69,500,500,96
n04116512_23409.JPEG,767,500,463,96
n03775071_2511.JPEG,658,500,500,96
n02105056_8685.JPEG,224,500,500,96
n07749582_13280.JPEG,951,496,496,96
n02094433_5296.JPEG,187,459,500,96
n02096437_5976.JPEG,194,500,491,96
n04330267_17619.JPEG,827,500,469,96
n03443371_899.JPEG,572,468,500,96
n02909870_33134.JPEG,463,500,500,96
n02492035_6020.JPEG,378,478,500,96
n03207743_13678.JPEG,533,500,499,96
n01882714_6822.JPEG,105,484,500,96
ILSVRC2012_val_00000351.JPEG,904,500,461,96
ILSVRC2012_val_00011555.JPEG,151,500,500,96
ILSVRC2012_val_00010041.JPEG,394,500,477,96
ILSVRC2012_val_00028030.JPEG,538,487,455,96
ILSVRC2012_val_00008496.JPEG,255,500,491,96
ILSVRC2012_val_00024592.JPEG,87,500,498,96
ILSVRC2012_val_00038622.JPEG,335,455,500,96
ILSVRC2012_val_00034607.JPEG,916,500,493,96
ILSVRC2012_val_00046089.JPEG,85,500,497,96
ILSVRC2012_val_00047115.JPEG,304,500,470,96
ILSVRC2012_val_00028460.JPEG,732,500,500,96
ILSVRC2012_val_00046725.JPEG,633,500,500,96
ILSVRC2012_val_00012228.JPEG,578,452,500,96
ILSVRC2012_val_00024249.JPEG,254,500,500,96
ILSVRC2012_val_00042230.JPEG,748,500,500,96
ILSVRC2012_val_00049169.JPEG,963,500,500,96
ILSVRC2012_val_00032601.JPEG,632,500,500,96
ILSVRC2012_val_00043418.JPEG,584,500,500,96
ILSVRC2012_val_00043516.JPEG,266,500,499,96
ILSVRC2012_val_00036568.JPEG,457,500,500,96
ILSVRC2012_val_00018275.JPEG,721,458,500,96
ILSVRC2012_val_00017384.JPEG,13,500,500,96
ILSVRC2012_val_00037476.JPEG,963,500,498,96
ILSVRC2012_val_00041465.JPEG,415,500,471,96
ILSVRC2012_val_00007386.JPEG,180,465,500,96
ILSVRC2012_val_00000696.JPEG,187,500,451,96
ILSVRC2012_val_00032845.JPEG,711,500,479,96
ILSVRC2012_val_00017041.JPEG,170,500,489,96
ILSVRC2012_val_00008776.JPEG,720,500,460,96
ILSVRC2012_val_00001240.JPEG,816,500,463,96
ILSVRC2012_val_00009344.JPEG,339,454,480,96
ILSVRC2012_val_00021297.JPEG,499,500,500,96
ILSVRC2012_val_00020856.JPEG,968,450,500,96
ILSVRC2012_val_00044798.JPEG,679,500,500,96
ILSVRC2012_val_00039297.JPEG,909,500,500,96
ILSVRC2012_val_00034634.JPEG,438,500,469,96
ILSVRC2012_val_00018692.JPEG,15,500,500,96
ILSVRC2012_val_00012742.JPEG,244,500,488,96
ILSVRC2012_val_00021464.JPEG,700,500,500,96
ILSVRC2012_val_00011265.JPEG,957,500,500,96
ILSVRC2012_val_00038407.JPEG,492,500,500,96
n02112137_2111.JPEG,260,488,500,96
n02088238_3861.JPEG,161,500,480,96
n04501370_16973.JPEG,877,481,500,96
n03485794_34650.JPEG,591,500,474,96
n02834397_352.JPEG,443,480,480,96
n02229544_3065.JPEG,312,500,500,96
n03733805_12357.JPEG,647,499,500,96
n02138441_278.JPEG,299,461,500,96
n07716358_1535.JPEG,939,500,476,96
n07932039_10057.JPEG,969,500,500,96
n02206856_5559.JPEG,309,500,454,96
n03690938_4902.JPEG,631,500,454,96
n03544143_11283.JPEG,604,500,500,96
n03814906_22733.JPEG,679,500,493,96
n04344873_19422.JPEG,831,480,480,96
n03724870_20195.JPEG,643,485,500,96
n02894605_74549.JPEG,460,500,500,96
n03930313_11836.JPEG,716,500,483,96
n02486410_7039.JPEG,372,500,500,96
n03127747_4086.JPEG,518,497,500,96
n02099601_5426.JPEG,207,497,500,96
n04254680_5033.JPEG,805,500,500,96
n02264363_3615.JPEG,318,487,500,96
n07615774_10488.JPEG,929,500,500,96
n02099601_13392.JPEG,207,461,500,96
n01558993_13092.JPEG,15,451,500,96
n04592741_1903.JPEG,908,500,500,96
n02206856_6844.JPEG,309,489,500,96
n02793495_19067.JPEG,425,499,500,96
n02233338_10352.JPEG,314,500,500,96
n03599486_1464.JPEG,612,494,500,96
n03804744_6972.JPEG,677,465,500,96
n01748264_8140.JPEG,63,488,500,96
n02123597_4270.JPEG,284,495,500,96
n02883205_10518.JPEG,457,500,500,96
n04136333_14479.JPEG,775,479,500,96
n03495258_2760.JPEG,594,455,500,96
n01644373_6766.JPEG,31,496,500,96
n11879895_6722.JPEG,984,500,500,96
n03042490_18745.JPEG,500,494,500,96
n07747607_15161.JPEG,950,500,472,96
n02096585_53.JPEG,195,500,500,96
n02090622_3016.JPEG,169,486,500,96
n04591157_1123.JPEG,906,490,500,96
n03394916_5011.JPEG,566,500,500,96
n02877765_2990.JPEG,455,500,500,96
n02190166_3636.JPEG,308,500,488,96
n02113186_12044.JPEG,264,451,500,96
n04192698_47765.JPEG,787,500,488,96
n02132136_16088.JPEG,294,492,500,96
n04004767_12354.JPEG,742,462,500,96
n07747607_5707.JPEG,950,500,500,96
n02481823_6458.JPEG,367,500,499,96
n02892201_19550.JPEG,458,500,457,96
n04599235_5603.JPEG,911,500,500,96
n02412080_11488.JPEG,348,500,473,96
ILSVRC2012_val_00024997.JPEG,926,500,500,96
ILSVRC2012_val_00006594.JPEG,463,500,500,96
ILSVRC2012_val_00000821.JPEG,121,500,500,96
ILSVRC2012_val_00026924.JPEG,82,462,500,96
ILSVRC2012_val_00037472.JPEG,608,500,500,96
ILSVRC2012_val_00032303.JPEG,306,500,500,96
ILSVRC2012_val_00017320.JPEG,587,500,484,96
ILSVRC2012_val_00006808.JPEG,907,500,500,96
ILSVRC2012_val_00010217.JPEG,560,464,500,96
ILSVRC2012_val_00025368.JPEG,534,500,451,96
ILSVRC2012_val_00012246.JPEG,537,500,492,96
ILSVRC2012_val_00011834.JPEG,839,500,500,96
ILSVRC2012_val_00044678.JPEG,246,500,500,96
ILSVRC2012_val_00008903.JPEG,559,500,458,96
ILSVRC2012_val_00026846.JPEG,711,500,500,96
ILSVRC2012_val_00004613.JPEG,30,497,500,96
ILSVRC2012_val_00032662.JPEG,879,500,488,96
ILSVRC2012_val_00010445.JPEG,506,498,500,96
ILSVRC2012_val_00012965.JPEG,709,500,467,96
ILSVRC2012_val_00032234.JPEG,679,500,500,96
ILSVRC2012_val_00018528.JPEG,644,457,500,96
ILSVRC2012_val_00010649.JPEG,999,500,500,96
ILSVRC2012_val_00028491.JPEG,822,453,500,96
ILSVRC2012_val_00017743.JPEG,792,500,483,96
ILSVRC2012_val_00047914.JPEG,10,500,450,96
ILSVRC2012_val_00041173.JPEG,325,460,500,96
ILSVRC2012_val_00021410.JPEG,784,500,500,96
ILSVRC2012_val_00021696.JPEG,601,500,464,96
ILSVRC2012_val_00001978.JPEG,732,500,500,96
ILSVRC2012_val_00019072.JPEG,693,500,459,96
n03662601_6996.JPEG,625,485,500,96
n04141076_35094.JPEG,776,454,500,96
n03344393_7433.JPEG,554,478,500,96
n03018349_20039.JPEG,495,500,500,96
n04505470_5092.JPEG,878,492,500,96
n02104029_6840.JPEG,222,500,468,96
n03496892_19960.JPEG,595,500,484,96
n02412080_16307.JPEG,348,500,500,96
n12985857_14.JPEG,991,499,500,96
n03131574_21778.JPEG,520,500,457,96
n02110806_811.JPEG,253,500,493,96
n02090379_9059.JPEG,168,500,499,96
n04371774_14669.JPEG,843,480,500,96
n02509815_1380.JPEG,387,500,454,96
n07734744_372.JPEG,947,491,500,96
n01882714_13412.JPEG,105,465,500,96
n02116738_2782.JPEG,275,463,500,96
n02412080_14223.JPEG,348,500,498,96
n02110063_15005.JPEG,249,500,490,96
n02480855_20966.JPEG,366,474,500,96
n03220513_13499.JPEG,538,495,500,96
n04004767_11692.JPEG,742,500,478,96
n03529860_6834.JPEG,598,500,458,96
n02090622_5150.JPEG,169,500,453,96
n03376595_12960.JPEG,559,500,500,96
n04081281_57987.JPEG,762,500,499,96
n02165456_11692.JPEG,301,460,500,96
n03594945_11522.JPEG,609,500,455,96
n02229544_18984.JPEG,312,500,500,96
n02814533_48348.JPEG,436,500,492,96
n02127052_9293.JPEG,287,500,500,96
n04486054_1034.JPEG,873,500,494,96
n02974003_6952.JPEG,479,500,500,96
n04542943_5911.JPEG,891,500,500,96
n02807133_28.JPEG,433,500,500,96
n02105056_15493.JPEG,224,500,500,96
n03196217_6894.JPEG,530,500,500,96
n03791053_10516.JPEG,670,500,500,96
n02109961_3676.JPEG,248,500,500,96
n02412080_11516.JPEG,348,500,474,96
n04131690_15775.JPEG,773,500,500,96
n04562935_1133.JPEG,900,498,500,96
n02978881_373.JPEG,481,500,500,96
n02165105_2146.JPEG,300,500,453,96
n02110958_2836.JPEG,254,500,500,96
n02526121_615.JPEG,390,500,500,96
n04371430_132.JPEG,842,500,462,96
n04552348_531.JPEG,895,500,452,96
ILSVRC2012_val_00041584.JPEG,967,500,500,96
ILSVRC2012_val_00024535.JPEG,679,500,500,96
ILSVRC2012_val_00026388.JPEG,234,500,464,96
ILSVRC2012_val_00022444.JPEG,720,500,500,96
ILSVRC2012_val_00025803.JPEG,517,466,500,96
ILSVRC2012_val_00009186.JPEG,455,500,490,96
ILSVRC2012_val_00022934.JPEG,183,500,500,96
ILSVRC2012_val_00001125.JPEG,946,500,500,96
ILSVRC2012_val_00039634.JPEG,679,500,500,96
ILSVRC2012_val_00030695.JPEG,644,482,500,96
ILSVRC2012_val_00045629.JPEG,728,486,459,96
ILSVRC2012_val_00029393.JPEG,136,500,500,96
ILSVRC2012_val_00027492.JPEG,193,500,463,96
ILSVRC2012_val_00012804.JPEG,976,500,454,96
ILSVRC2012_val_00042560.JPEG,809,500,500,96
ILSVRC2012_val_00004029.JPEG,633,499,500,96
ILSVRC2012_val_00008248.JPEG,662,500,500,96
ILSVRC2012_val_00033732.JPEG,892,500,496,96
ILSVRC2012_val_00012684.JPEG,806,484,500,96
ILSVRC2012_val_00005721.JPEG,886,500,500,96
ILSVRC2012_val_00049450.JPEG,788,500,491,96
ILSVRC2012_val_00004389.JPEG,565,500,452,96
ILSVRC2012_val_00021602.JPEG,312,500,500,96
ILSVRC2012_val_00008145.JPEG,623,500,500,96
ILSVRC2012_val_00041659.JPEG,40,456,500,96
ILSVRC2012_val_00035252.JPEG,207,500,455,96
ILSVRC2012_val_00041263.JPEG,349,489,500,96
ILSVRC2012_val_00029984.JPEG,267,490,500,96
ILSVRC2012_val_00023885.JPEG,643,500,494,96
ILSVRC2012_val_00010916.JPEG,711,454,500,96
ILSVRC2012_val_00019243.JPEG,904,500,500,96
ILSVRC2012_val_00021757.JPEG,469,500,500,96
ILSVRC2012_val_00014390.JPEG,309,500,500,96
ILSVRC2012_val_00014961.JPEG,62,500,500,96
ILSVRC2012_val_00019588.JPEG,959,500,500,96
ILSVRC2012_val_00048958.JPEG,859,500,481,96
ILSVRC2012_val_00045708.JPEG,172,500,500,96
n02233338_4808.JPEG,314,500,489,96
n02130308_19027.JPEG,293,500,500,96
n01807496_893.JPEG,86,500,487,96
n01532829_4090.JPEG,12,458,500,96
n02510455_2076.JPEG,388,494,500,96
n04398044_5360.JPEG,849,500,454,96
n01882714_15793.JPEG,105,482,500,96
n07697313_2390.JPEG,933,500,500,96
n03325584_26166.JPEG,552,498,500,96
n02109525_30747.JPEG,247,500,499,96
n02966193_19196.JPEG,476,500,480,96
n02219486_24969.JPEG,310,500,460,96
n04209133_6341.JPEG,793,500,470,96
n03201208_21747.JPEG,532,500,493,96
n04277352_6161.JPEG,816,476,500,96
n03271574_23011.JPEG,545,500,491,96
n07697313_4656.JPEG,933,500,473,96
n02786058_11858.JPEG,419,500,500,96
n03207743_11822.JPEG,533,500,485,96
n02840245_16541.JPEG,446,500,500,96
n02110341_9236.JPEG,251,463,500,96
n07745940_7668.JPEG,949,500,454,96
n02190166_11038.JPEG,308,500,497,96
n03187595_3641.JPEG,528,500,500,96
n04398044_4858.JPEG,849,490,500,96
n03000134_4093.JPEG,489,490,500,96
n02104365_2939.JPEG,223,500,455,96
n02484975_7194.JPEG,370,500,454,96
n02342885_658.JPEG,333,499,500,96
n02666196_10144.JPEG,398,481,500,96
n02116738_1791.JPEG,275,459,500,96
n03450230_9497.JPEG,578,500,478,96
n04592741_2886.JPEG,908,500,500,96
n02730930_8367.JPEG,411,468,500,96
n02085620_1332.JPEG,151,500,499,96
n03014705_290.JPEG,492,500,466,96
n07718472_16593.JPEG,943,500,471,96
n04141076_37056.JPEG,776,500,500,96
n04355338_6307.JPEG,835,486,500,96
n03141823_18813.JPEG,523,500,500,96
n02099429_5492.JPEG,206,500,459,96
n03983396_11624.JPEG,737,458,500,96
n02397096_6462.JPEG,343,500,500,96
n03980874_220.JPEG,735,485,485,96
n04141076_44637.JPEG,776,500,500,96
n04228054_18064.JPEG,795,500,491,96
n03983396_5611.JPEG,737,500,457,96
n02490219_1617.JPEG,377,474,500,96
n02114712_17964.JPEG,271,500,476,96
n02730930_12195.JPEG,411,495,500,96
n02088094_7112.JPEG,160,485,500,96
n02930766_26248.JPEG,468,477,500,96
n03478589_3314.JPEG,586,499,500,96
n02487347_195.JPEG,373,463,500,96
n02106662_26570.JPEG,235,480,500,96
n02134418_1606.JPEG,297,500,469,96
n03028079_11244.JPEG,497,500,500,96
n04548362_7007.JPEG,893,500,500,96
n02101006_8561.JPEG,214,500,470,96
n03777754_11105.JPEG,662,500,500,96
n04428191_11850.JPEG,856,500,486,96
n07768694_2227.JPEG,957,500,500,96
n03026506_1516.JPEG,496,464,500,96
n03961711_9289.JPEG,729,500,500,96
n03207743_22395.JPEG,533,500,461,96
n03832673_14155.JPEG,681,500,500,96
n04131690_2917.JPEG,773,500,500,96
n02097298_13510.JPEG,199,500,500,96
n03379051_5382.JPEG,560,500,484,96
n03028079_29556.JPEG,497,499,500,96
n02107312_901.JPEG,237,493,500,96
n02281787_4186.JPEG,326,481,500,96
n03457902_34445.JPEG,580,500,488,96
n02319095_8244.JPEG,328,464,500,96
n03710721_3063.JPEG,638,500,500,96
n02231487_6747.JPEG,313,500,482,96
n04192698_42937.JPEG,787,500,492,96
n02325366_8754.JPEG,330,500,487,96
n02992211_28214.JPEG,486,479,500,96
n04133789_5886.JPEG,774,458,500,96
n12057211_971.JPEG,986,500,479,96
n03930313_8146.JPEG,716,500,458,96
n03595614_28744.JPEG,610,500,497,96
n03062245_15263.JPEG,503,500,465,96
n02002724_108.JPEG,128,461,500,96
n02099601_4416.JPEG,207,493,500,96
n01669191_1294.JPEG,37,500,497,96
n03786901_8596.JPEG,666,500,500,96
n02346627_27761.JPEG,334,500,478,96
n03976467_9003.JPEG,732,500,474,96
n07614500_21092.JPEG,928,500,496,96
n03717622_2619.JPEG,640,500,500,96
ILSVRC2012_val_00041437.JPEG,868,492,500,96
ILSVRC2012_val_00006745.JPEG,509,451,500,96
ILSVRC2012_val_00010810.JPEG,98,500,500,96
ILSVRC2012_val_00032520.JPEG,969,500,500,96
ILSVRC2012_val_00044977.JPEG,182,490,500,96
ILSVRC2012_val_00042837.JPEG,711,500,495,96
ILSVRC2012_val_00024277.JPEG,259,457,500,96
ILSVRC2012_val_00027594.JPEG,813,491,500,96
ILSVRC2012_val_00004103.JPEG,991,500,498,96
ILSVRC2012_val_00023964.JPEG,448,500,481,96
ILSVRC2012_val_00043165.JPEG,505,500,454,96
ILSVRC2012_val_00007215.JPEG,549,500,500,96
ILSVRC2012_val_00021802.JPEG,717,500,451,96
ILSVRC2012_val_00027006.JPEG,418,454,500,96
ILSVRC2012_val_00020988.JPEG,855,500,478,96
ILSVRC2012_val_00049688.JPEG,991,500,476,96
ILSVRC2012_val_00015012.JPEG,668,500,464,96
ILSVRC2012_val_00044628.JPEG,492,500,474,96
ILSVRC2012_val_00010280.JPEG,997,500,493,96
ILSVRC2012_val_00036892.JPEG,619,500,500,96
ILSVRC2012_val_00049926.JPEG,185,500,500,96
ILSVRC2012_val_00044397.JPEG,514,500,500,96
ILSVRC2012_val_00021350.JPEG,236,500,460,96
ILSVRC2012_val_00025254.JPEG,515,478,500,96
ILSVRC2012_val_00034923.JPEG,309,500,500,96
ILSVRC2012_val_00001556.JPEG,12,500,456,96
ILSVRC2012_val_00027346.JPEG,455,500,458,96
ILSVRC2012_val_00004645.JPEG,564,463,500,96
ILSVRC2012_val_00005040.JPEG,681,450,450,96
ILSVRC2012_val_00040962.JPEG,517,500,500,96
ILSVRC2012_val_00007141.JPEG,737,500,500,96
ILSVRC2012_val_00041776.JPEG,183,500,500,96
ILSVRC2012_val_00026136.JPEG,17,470,500,96
n03602883_12886.JPEG,613,482,500,96
n02119022_1986.JPEG,277,492,500,96
n02097130_4943.JPEG,197,500,458,96
n04326547_610.JPEG,825,461,500,96
n02708093_3472.JPEG,409,500,499,96
n01871265_292.JPEG,101,483,500,96
n02966193_36709.JPEG,476,500,500,96
n03729826_19167.JPEG,644,500,500,96
n02804414_8699.JPEG,431,455,500,96
n02814860_35713.JPEG,437,500,500,96
n02112350_3558.JPEG,261,500,492,96
n03976467_256.JPEG,732,489,500,96
n02113624_9342.JPEG,265,500,453,96
n04317175_4353.JPEG,823,450,450,96
n02123045_6704.JPEG,281,500,495,96
n02834397_8710.JPEG,443,483,500,96
n02483708_2126.JPEG,369,500,492,96
n02939185_1913.JPEG,469,486,500,96
n02100877_5727.JPEG,213,500,479,96
n02268443_35568.JPEG,319,457,500,96
n02110958_4643.JPEG,254,500,500,96
n04505470_4665.JPEG,878,500,500,96
n02093428_11669.JPEG,180,500,483,96
n02165456_20504.JPEG,301,500,500,96
n02094433_3394.JPEG,187,489,500,96
n04039381_6274.JPEG,752,500,493,96
n01768244_5495.JPEG,69,500,500,96
n01882714_4428.JPEG,105,500,491,96
n04153751_3804.JPEG,783,500,500,96
n02963159_6085.JPEG,474,500,468,96
n03938244_19715.JPEG,721,500,485,96
n02791124_2383.JPEG,423,500,500,96
n02807133_10462.JPEG,433,500,458,96
n03717622_2269.JPEG,640,500,500,96
n02361337_391.JPEG,336,491,500,96
n02992211_35361.JPEG,486,461,500,96
n03476684_11841.JPEG,584,500,500,96
n04517823_33864.JPEG,882,500,497,96
n03109150_1974.JPEG,512,500,500,96
n03717622_1082.JPEG,640,500,500,96
n04026417_3263.JPEG,748,478,500,96
n02276258_2024.JPEG,321,494,500,96
n02782093_28018.JPEG,417,500,500,96
n02206856_4825.JPEG,309,500,500,96
n12267677_2213.JPEG,988,500,500,96
n12144580_20014.JPEG,987,500,500,96
n03379051_2717.JPEG,560,487,455,96
n03599486_7340.JPEG,612,460,450,96
n02096051_4038.JPEG,191,496,500,96
n02105056_12607.JPEG,224,500,500,96
n07749582_1990.JPEG,951,499,500,96
n04554684_9800.JPEG,897,495,500,96
n02279972_9326.JPEG,323,500,500,96
n02107142_4305.JPEG,236,467,500,96
n04486054_8238.JPEG,873,500,500,96
n02927161_23957.JPEG,467,500,500,96
ILSVRC2012_val_00008077.JPEG,898,455,500,96
ILSVRC2012_val_00029421.JPEG,304,500,500,96
ILSVRC2012_val_00033220.JPEG,516,500,500,96
ILSVRC2012_val_00000940.JPEG,103,458,500,96
ILSVRC2012_val_00028748.JPEG,904,499,500,96
ILSVRC2012_val_00009181.JPEG,622,500,481,96
ILSVRC2012_val_00016692.JPEG,809,500,500,96
ILSVRC2012_val_00031443.JPEG,989,451,500,96
ILSVRC2012_val_00049766.JPEG,168,500,470,96
ILSVRC2012_val_00035894.JPEG,999,500,482,96
ILSVRC2012_val_00028294.JPEG,811,500,500,96
ILSVRC2012_val_00013340.JPEG,808,500,500,96
ILSVRC2012_val_00046877.JPEG,689,500,500,96
ILSVRC2012_val_00047245.JPEG,904,500,500,96
ILSVRC2012_val_00023607.JPEG,9,461,500,96
ILSVRC2012_val_00035217.JPEG,946,500,500,96
ILSVRC2012_val_00045755.JPEG,185,500,499,96
ILSVRC2012_val_00034617.JPEG,184,500,500,96
ILSVRC2012_val_00013987.JPEG,656,466,500,96
ILSVRC2012_val_00043678.JPEG,765,464,500,96
ILSVRC2012_val_00038517.JPEG,804,499,500,96
ILSVRC2012_val_00002566.JPEG,309,500,465,96
ILSVRC2012_val_00044073.JPEG,560,500,500,96
ILSVRC2012_val_00010404.JPEG,458,500,453,96
ILSVRC2012_val_00025250.JPEG,679,500,481,96
